Temp_FH,Vol_HW,Soc_B,T_FH_plus,T_FH_minus,V_HW_plus,V_HW_minus,profits,comfort,abort,COP_FH,COP_HW,PV_DE,B_DE,GR_DE,PV_B,PV_GR,PV_HP,GR_HP,B_HP,HP_FH,HP_HW,index,B,HP
21.5,100.0,5.0,0.0,0.0,0.0,0.0,0.0,-0.0,0.0,4.88721433367048,3.8157857622419087,0.0,0.18981599807739258,0.0,0.0,0.0,0.0,0.0,0.9008756875991821,0.0,0.9008756875991821,2.0,-4.599999904632568,-0.9008756875991821
21.493249893188477,165.25405883789062,3.886899709701538,0.0,0.0,0.0,0.0,0.0,-0.0,0.0,4.821785736083984,3.750357164655413,0.0,0.17299799621105194,0.0,0.0,0.0,0.0,0.0,0.1461726278066635,0.0,0.1461726278066635,3.0,-4.599998474121094,-0.1461726278066635
21.486499786376953,167.57489013671875,3.56109881401062,0.0,0.0,0.0,0.0,0.0,-0.0,0.0,4.741285746438162,3.669857243129185,0.0,0.16041800379753113,0.0,0.0,0.0,0.0,0.0,0.04445595666766167,0.0,0.04445595666766167,4.0,-4.599958419799805,-0.04445595666766167
21.47974967956543,170.03248596191406,3.3519370555877686,0.0,0.0,0.0,0.0,0.0,-0.0,0.0,4.684000028882708,3.6125713893345424,0.0,0.15603700280189514,0.0,0.0,0.0,0.0,0.0,6.936583667993546e-5,0.0,6.936583667993546e-5,5.0,-4.599956035614014,-6.936583667993546e-5
21.472999572753906,169.36605834960938,3.1925442218780518,0.0,0.0,0.0,0.0,0.0,-0.0,0.0,4.659071459089007,3.587642887660435,0.030400000512599945,0.1318719983100891,0.0,0.0,0.0,0.0,0.0,0.0036375708878040314,0.0036375708878040314,0.0,6.0,-4.599969387054443,0.0036375708878040314
21.468791961669922,168.69482421875,3.054173469543457,0.0,0.0,0.0,0.0,0.044434980592652856,-0.0,0.0,4.687071405138288,3.6156427655901227,0.18522800505161285,0.0,0.0,0.0,0.4443497993052006,0.017372217029333115,0.0,0.0,0.0,0.017372217029333115,7.0,-4.59997034072876,-0.017372217029333115
21.4620418548584,169.2281951904297,3.054081916809082,0.0,0.0,0.0,0.0,0.15383350482334945,-0.0,0.0,4.754785687582833,3.683357184273856,0.2752330005168915,0.0,0.0,0.0,1.5383350253105164,0.11493188142776489,0.0,0.0,0.0,0.11493188142776489,8.0,-4.599998950958252,-0.11493188142776489
21.455291748046875,168.5750274658203,3.053990364074707,0.0,0.0,0.0,0.0,0.34371197586822466,-0.0,0.0,4.8458571570260185,3.774428585597447,0.30973300337791443,0.0,0.0,0.0,3.437119707465172,0.08069707453250885,0.0,0.0,0.0,0.08069707453250885,9.0,-4.599990367889404,-0.08069707453250885
21.44854164123535,173.74513244628906,3.053898811340332,0.0,0.0,0.0,0.0,0.5114264907155407,-0.0,0.0,4.923785700116839,3.852357128688267,0.3910219967365265,0.0,0.0,0.0,5.114264830946922,0.03986276686191559,0.0,0.0,0.0,0.03986276686191559,10.0,-4.59997034072876,-0.03986276686191559
21.441791534423828,176.01898193359375,3.053807258605957,0.0,0.0,0.0,0.0,0.6498775474708905,-0.0,0.0,4.96742856161935,3.8959999901907785,0.3127540051937103,0.0,0.0,0.0,6.498775377869606,0.1301203817129135,0.0,0.0,0.0,0.1301203817129135,11.0,-4.599990367889404,-0.1301203817129135
21.435041427612305,166.52737426757812,3.053715705871582,0.0,0.0,0.0,0.0,0.7342032124728441,-0.0,0.0,4.9857143129621235,3.914285741533552,0.302280992269516,0.0,0.0,0.0,7.342032015323639,0.17038673162460327,0.0,0.0,0.0,0.17038673162460327,12.0,-4.59999942779541,-0.17038673162460327
21.42829132080078,164.81732177734375,3.053624153137207,0.0,0.0,0.0,0.0,0.7444121471704861,-0.0,0.0,4.988785689217703,3.917357117789132,0.3123970031738281,0.0,0.0,0.0,7.444121360778809,0.41918182373046875,0.0,0.0,0.0,0.41918182373046875,13.0,-4.599999904632568,-0.41918182373046875
21.421541213989258,162.6444549560547,3.053532600402832,0.0,0.0,0.0,0.0,0.7602943235679613,-0.0,0.0,4.980071422031948,3.908642850603376,0.32420599460601807,0.0,0.0,0.0,7.602943122386932,0.10605126619338989,0.0,0.0,0.0,0.10605126619338989,14.0,-4.59999942779541,-0.10605126619338989
21.414791107177734,169.92282104492188,3.053441047668457,0.0,0.0,0.0,0.0,0.7066974190130444,-0.0,0.0,4.958571379525321,3.8871428080967494,0.31019899249076843,0.0,0.0,0.0,7.066974084824324,0.021427232772111893,0.0,0.0,0.0,0.021427232772111893,15.0,-4.599991321563721,-0.021427232772111893
21.40804100036621,170.84893798828125,3.053349494934082,0.0,0.0,0.0,0.0,0.5922805337947685,-0.0,0.0,4.925,3.8535714285714286,0.3201960027217865,0.0,0.0,0.0,5.9228052496910095,0.04694849252700806,0.0,0.0,0.0,0.04694849252700806,16.0,-4.599999904632568,-0.04694849252700806
21.401290893554688,164.83119201660156,3.053257942199707,0.0,0.0,0.0,0.0,0.4332089119882718,-0.0,0.0,4.8850000381469725,3.8135714667184013,0.32803699374198914,0.0,0.0,0.0,4.332089055329561,0.0442742221057415,0.0,0.0,0.0,0.0442742221057415,17.0,-4.599993705749512,-0.0442742221057415
21.394540786743164,167.0226593017578,3.053166389465332,0.0,0.0,0.0,0.0,0.2596577090719,-0.0,0.0,4.836642892020089,3.7652143205915176,0.4615429937839508,0.0,0.0,0.0,2.596577052026987,0.04457985982298851,0.0,0.0,0.0,0.04457985982298851,18.0,-4.599987506866455,-0.04457985982298851
21.38779067993164,169.5705108642578,3.053074836730957,0.0,0.0,0.0,0.0,0.08571086355612967,-0.0,0.0,4.764000020708356,3.692571449279785,0.547885000705719,0.0,0.0,0.0,0.8571086227893829,0.158706396818161,0.0,0.0,0.0,0.158706396818161,19.0,-4.599999904632568,-0.158706396818161
21.381040573120117,170.69027709960938,3.052983283996582,0.0,0.0,0.0,0.0,0.0,-0.0,0.0,4.66535712650844,3.5939285550798687,0.4469499886035919,0.0,0.0,0.0,0.0,0.07175001502037048,0.0,0.016353227198123932,0.0,0.08810324221849442,20.0,-4.599997043609619,-0.08810324221849442
21.374290466308594,167.55752563476562,3.0362048149108887,0.0,0.0,0.0,0.0,0.0,-0.0,0.0,4.575000027247837,3.503571319580078,0.0,0.3757930099964142,0.0,0.0,0.0,0.0,0.0,0.04393629729747772,0.0,0.04393629729747772,21.0,-4.599992275238037,-0.04393629729747772
21.36754035949707,169.83843994140625,2.607818603515625,0.0,0.0,0.0,0.0,0.0,-0.0,0.0,4.541071428571429,3.469642857142857,0.0,0.3578689992427826,0.0,0.0,0.0,0.0,0.0,0.02787536382675171,0.0,0.02787536382675171,22.0,-4.5999627113342285,-0.02787536382675171
21.360790252685547,171.02206420898438,2.2141237258911133,0.0,0.0,0.0,0.0,0.0,-0.0,0.0,4.5285000937325615,3.45707152230399,0.0,0.3620469868183136,0.0,0.0,0.0,0.0,0.0,0.032233480364084244,0.0,0.032233480364084244,23.0,-4.599897861480713,-0.032233480364084244
21.354040145874023,172.48789978027344,1.8117305040359497,0.0,0.0,0.0,0.0,0.0,-0.0,0.0,4.524214281354632,3.45278570992606,0.0,0.3013469874858856,0.0,0.0,0.0,0.0,0.0,0.018849700689315796,0.0,0.018849700689315796,24.0,-4.599787712097168,-0.018849700689315796
21.3472900390625,173.06484985351562,1.4849448204040527,0.0,0.0,0.0,0.0,0.0,-0.0,0.0,4.52528566632952,3.4538570949009486,0.0,0.2221280038356781,0.0,0.0,0.0,0.0,0.0,0.0006343033164739609,0.0,0.0006343033164739609,25.0,-4.599452495574951,-0.0006343033164739609
21.340539932250977,172.43563842773438,1.2575918436050415,0.0,0.0,0.0,0.0,0.0,-0.0,0.0,4.536785616193499,3.4653570447649273,0.0,0.18981599807739258,0.0,0.0,0.0,0.0,0.0,0.0013510201824828982,0.0013510201824828982,0.0,26.0,-4.599264144897461,0.0013510201824828982
21.33470916748047,171.764404296875,1.0624858140945435,0.0,0.0,0.0,0.0,0.0,-0.0,0.0,4.544928632463727,3.473500061035156,0.0,0.17299799621105194,0.0,0.0,0.0,0.0,0.0,0.006415892858058214,0.006415892858058214,0.0,27.0,-4.599677085876465,0.006415892858058214
21.332332611083984,171.09317016601562,0.879378616809845,0.0,0.0,0.0,0.0,0.0,-0.0,0.0,4.567071451459612,3.4956427437918527,0.0,0.16041800379753113,0.0,0.0,0.0,0.0,0.0,0.00546996807679534,0.00546996807679534,0.0,28.0,-4.599882125854492,0.00546996807679534
21.329330444335938,170.42193603515625,0.7100788354873657,0.0,0.0,0.0,0.0,0.0,-0.0,0.0,4.5901428767613,3.5187143053327286,0.0,0.15603700280189514,0.0,0.0,0.0,0.0,0.0,0.010141058824956417,0.010141058824956417,0.0,29.0,-4.599932670593262,0.010141058824956417
21.32956314086914,169.75070190429688,0.5404881238937378,0.0,0.0,0.0,0.0,0.0,-0.0,0.0,4.628785760062081,3.55735718863351,0.014249999076128006,0.39869898557662964,0.0,0.0,0.0,0.0,0.0,0.09189337491989136,0.0,0.09189337491989136,30.0,-4.59999942779541,-0.09189337491989136
21.322813034057617,166.8244171142578,0.039867471903562546,0.0,0.0,0.0,0.0,0.0107898974536344,-0.0,0.0,4.687928553989956,3.616499982561384,0.18522800505161285,0.0,0.0,0.0,0.10789897292852402,0.07832302898168564,0.0,0.0,0.0,0.07832302898168564,31.0,-4.599996566772461,-0.07832302898168564
21.316062927246094,165.5808563232422,0.03986627608537674,0.0,0.0,0.0,0.0,0.07199134375142072,-0.0,0.0,4.720928546360561,3.6494999749319894,0.2752330005168915,0.0,0.0,0.0,0.7199134267866611,0.053653534501791,0.0,0.0,0.0,0.053653534501791,32.0,-4.599993705749512,-0.053653534501791
21.30931282043457,165.62078857421875,0.03986508026719093,0.0,0.0,0.0,0.0,0.12293600772225866,-0.0,0.0,4.745571422576904,3.674142783028739,0.30973300337791443,0.0,0.0,0.0,1.2293600589036942,0.021756932139396667,0.0,0.0,0.0,0.021756932139396667,33.0,-4.5999755859375,-0.021756932139396667
21.302562713623047,166.48260498046875,0.03986388444900513,0.0,0.0,0.0,0.0,0.1243440932612917,-0.0,0.0,4.770357145581927,3.698928506033761,0.31333601474761963,0.0,0.0,0.0,1.2434409140842035,0.0012230396969243884,0.0,0.0,0.0,0.0012230396969243884,34.0,-4.599944591522217,-0.0012230396969243884
21.295812606811523,165.89813232421875,0.03986268863081932,0.0,0.0,0.0,0.0,0.14384408136969923,-0.0,0.0,4.793000030517578,3.7215714590890068,0.3127540051937103,0.0,0.0,0.0,1.4384407922625542,0.05475521832704544,0.0,0.0,0.0,0.05475521832704544,35.0,-4.599996566772461,-0.05475521832704544
21.2890625,160.03268432617188,0.039861492812633514,0.0,0.0,0.0,0.0,0.19854117331715182,-0.0,0.0,4.812357166835239,3.7409285954066687,0.302280992269516,0.0,0.0,0.0,1.9854117035865784,0.08540719747543335,0.0,0.0,0.0,0.08540719747543335,36.0,-4.59999942779541,-0.08540719747543335
21.282312393188477,156.04885864257812,0.03986029699444771,0.0,0.0,0.0,0.0,0.26708924423291147,-0.0,0.0,4.844214248657226,3.772785677228655,0.3123970031738281,0.0,0.0,0.0,2.6708924025297165,0.05671055614948273,0.0,0.0,0.0,0.05671055614948273,37.0,-4.599999904632568,-0.05671055614948273
21.275562286376953,159.48089599609375,0.0398591011762619,0.0,0.0,0.0,0.0,0.3048688151667835,-0.0,0.0,4.888214329310825,3.816785757882254,0.32420599460601807,0.0,0.0,0.0,3.048688106238842,0.04520589858293533,0.0,0.0,0.0,0.04520589858293533,38.0,-4.599999904632568,-0.04520589858293533
21.26881217956543,162.11866760253906,0.039857905358076096,0.0,0.0,0.0,0.0,0.29835841653285045,-0.0,0.0,4.929499980381557,3.8580714089529855,0.31019899249076843,0.0,0.0,0.0,2.9835841208696365,0.023616835474967957,0.0,0.0,0.0,0.023616835474967957,39.0,-4.599999904632568,-0.023616835474967957
21.262062072753906,163.19485473632812,0.03985670953989029,0.0,0.0,0.0,0.0,0.30506251573655774,-0.0,0.0,4.9766428266252785,3.9052142551967073,0.3201960027217865,0.0,0.0,0.0,3.0506251119077206,0.025428984314203262,0.0,0.0,0.0,0.025428984314203262,40.0,-4.59999942779541,-0.025428984314203262
21.255311965942383,164.4281005859375,0.03985551372170448,0.0,0.0,0.0,0.0,0.31996140025498565,-0.0,0.0,5.030999946594238,3.959571375165667,0.31014901399612427,0.0,0.0,0.0,3.199613954871893,0.020437095314264297,0.0,0.0,0.0,0.020437095314264297,41.0,-4.599992275238037,-0.020437095314264297
21.24856185913086,165.3087921142578,0.03985431790351868,0.0,0.0,0.0,0.0,0.21684946144892958,-0.0,0.0,5.065285764421735,3.993857192993164,0.37898901104927063,0.0,0.0,0.0,2.1684945821762085,0.10586631298065186,0.0,0.0,0.0,0.10586631298065186,42.0,-4.599999904632568,-0.10586631298065186
21.241811752319336,164.6933135986328,0.03985312208533287,0.0,0.0,0.0,0.0,0.06299971882998523,-0.0,0.0,5.0677857535226005,3.996357182094029,0.4945339858531952,0.0,0.0,0.0,0.6299971789121628,0.18931885063648224,0.0,0.0,0.0,0.18931885063648224,43.0,-4.599999904632568,-0.18931885063648224
21.235061645507812,168.61965942382812,0.039851926267147064,0.0,0.0,0.0,0.0,-0.2186220808280932,-0.0,0.0,5.01450001852853,3.943071447099958,0.3429499864578247,0.03905371294928983,0.426135326757894,0.0,0.0,0.0,0.30260491371154785,0.0,0.0,0.30260491371154785,44.0,-4.599999904632568,-0.30260491371154785
21.22831153869629,172.65365600585938,3.725290298461914e-9,0.0,0.0,0.0,0.0,-0.26345830006983356,-0.0,0.0,4.9242856979370115,3.8528571265084404,0.0,3.650674673669833e-9,0.713680978939047,0.0,0.0,0.0,0.16451331973075867,0.0,0.0,0.16451331973075867,45.0,-4.59999942779541,-0.16451331973075867
21.221561431884766,172.4725799560547,4.440892098500626e-16,0.0,0.0,0.0,0.0,-0.3275440376021076,-0.0,0.0,4.882642827715192,3.811214256286621,0.0,4.35194334229211e-16,0.35786899924278215,0.0,0.0,0.0,0.7339444160461426,0.0,0.0,0.7339444160461426,46.0,-4.599999904632568,-0.7339444160461426
21.214811325073242,168.28997802734375,5.293955920339377e-23,0.0,0.0,0.0,0.0,-0.1301282919497604,-0.0,0.0,4.872214262826102,3.8007856913975306,0.0,5.1879207399989485e-23,0.3620469868183136,0.0,0.0,0.0,0.07171396911144257,0.0,0.0,0.07171396911144257,47.0,-4.599923133850098,-0.07171396911144257
21.20806121826172,172.84608459472656,6.310887241768095e-30,0.0,0.0,0.0,0.0,-0.09495482412297807,-0.0,0.0,4.878571455819266,3.8071428843906947,0.0,6.18448345661038e-30,0.3013469874858856,0.0,0.0,0.0,0.015169080346822739,0.0,0.0,0.015169080346822739,48.0,-4.5995402336120605,-0.015169080346822739
21.201311111450195,173.2823944091797,7.52316384526264e-37,0.0,0.0,0.0,0.0,-0.06855663217146216,-0.0,0.0,4.894785690307617,3.823357118879046,0.0,7.372478791010833e-37,0.2221280038356781,0.0,0.0,0.0,0.006394094321876764,0.0,0.0,0.006394094321876764,49.0,-4.599169731140137,-0.006394094321876764
21.194561004638672,173.0800018310547,8.96831017167883e-44,0.0,0.0,0.0,0.0,-0.0570810981425085,-0.0,0.0,4.921000017438616,3.8495714460100445,0.0,8.788944139302194e-44,0.18981599807739258,0.0,0.0,0.0,0.0004543215036392212,0.0,0.0,0.0004543215036392212,50.0,-4.598928451538086,-0.0004543215036392212
21.18781089782715,172.4423065185547,0.0,0.0,0.0,0.0,0.0,-0.07867518603504431,-0.0,0.0,4.944714219229562,3.8732856478009907,0.0,0.0,0.17299799621105194,0.0,0.0,0.0,0.08925261348485947,0.0,0.0,0.08925261348485947,51.0,-4.599991321563721,-0.08925261348485947
21.181060791015625,169.36659240722656,0.0,0.0,0.0,0.0,0.0,-0.053586290298354156,-0.0,0.0,4.953500011989048,3.882071440560477,0.0,0.0,0.16041800379753113,0.0,0.0,0.0,0.01820295676589012,0.0,0.0,0.01820295676589012,52.0,-4.599876880645752,-0.01820295676589012
21.1743106842041,170.0505828857422,0.0,0.0,0.0,0.0,0.0,-0.047428284747159793,-0.0,0.0,4.9560000010899135,3.8845714296613423,0.0,0.0,0.15603700280189514,0.0,0.0,0.0,0.002057273406535387,0.0,0.0,0.002057273406535387,53.0,-4.5999274253845215,-0.002057273406535387
21.167560577392578,169.53262329101562,0.0,0.0,0.0,0.0,0.0,-0.03980212558361139,-0.0,0.0,4.958071381705148,3.8866428102765767,0.03134999796748161,0.0,0.13092200458049774,0.0,0.0,0.0,0.0017517420928925276,0.0,0.0017517420928925276,0.0,54.0,-4.599955081939697,0.0017517420928925276
21.162107467651367,168.86138916015625,0.0,0.0,0.0,0.0,0.0,0.040728099133492984,-0.0,0.0,5.017928613935198,3.9465000425066266,0.18522800505161285,0.0,0.0,0.0,0.40728098526597023,0.0164409838616848,0.0,0.0,0.0,0.0164409838616848,55.0,-4.599975109100342,-0.0164409838616848
21.155351638793945,169.43450927734375,0.0,0.0,0.0,0.0,0.0,0.1472726329754685,-0.0,0.0,5.0762857164655415,4.00485714503697,0.2752330005168915,0.0,0.0,0.0,1.4727263078093529,0.036140717566013336,0.0,0.0,0.0,0.036140717566013336,56.0,-4.599994659423828,-0.036140717566013336
21.146516799926758,171.53907775878906,0.0,0.0,0.0,0.0,0.0,0.22545802333143383,-0.0,0.0,5.159785761151995,4.088357189723423,0.30973300337791443,0.0,0.0,0.0,2.2545801997184753,0.6799367070198059,0.0,0.0,0.0,0.6799367070198059,57.0,-4.599998950958252,-0.6799367070198059
21.13873863220215,161.8375701904297,0.0,0.0,0.0,0.0,0.0,0.4314264957819356,-0.0,0.0,5.245357186453683,4.173928615025112,0.31333601474761963,0.0,0.0,0.0,4.314264893531799,0.07014930248260498,0.0,0.0,0.0,0.07014930248260498,58.0,-4.59999942779541,-0.07014930248260498
21.145488739013672,166.7816162109375,0.0,0.0,0.0,0.0,0.0,0.5292287262786733,-0.0,0.0,5.306785665239606,4.235357093811035,0.3127540051937103,0.0,0.0,0.0,5.2922871839255095,0.005658792331814766,0.0,0.0,0.005658792331814766,0.0,59.0,-4.599996566772461,0.005658792331814766
21.1567440032959,166.11038208007812,0.0,0.0,0.0,0.0,0.0,0.5755240153599382,-0.0,0.0,5.347714233398437,4.276285661969866,0.302280992269516,0.0,0.0,0.0,5.7552400678396225,0.17257918417453766,0.0,0.0,0.0,0.17257918417453766,60.0,-4.59999942779541,-0.17257918417453766
21.163494110107422,165.42367553710938,0.0,0.0,0.0,0.0,0.0,0.5939902170597048,-0.0,0.0,5.368142890930176,4.296714319501604,0.3123970031738281,0.0,0.0,0.0,5.939902082085609,0.04335092008113861,0.0,0.0,0.0,0.04335092008113861,61.0,-4.599998474121094,-0.04335092008113861
21.170244216918945,168.3246612548828,0.0,0.0,0.0,0.0,0.0,0.6000031638890975,-0.0,0.0,5.371999958583286,4.300571387154715,0.32420599460601807,0.0,0.0,0.0,6.000031549483538,0.03696243092417717,0.0,0.0,0.0,0.03696243092417717,62.0,-4.5999956130981445,-0.03696243092417717
21.17699432373047,170.7019500732422,0.0,0.0,0.0,0.0,0.0,0.5814777726341451,-0.0,0.0,5.361357089451381,4.28992851802281,0.31019899249076843,0.0,0.0,0.0,5.814777639694512,0.0006234375759959221,0.0,0.0,0.0,0.0006234375759959221,63.0,-4.59992790222168,-0.0006234375759959221
21.183744430541992,170.08201599121094,0.0,0.0,0.0,0.0,0.0,0.476199741306897,-0.0,0.0,5.346142850603376,4.2747142791748045,0.36562299728393555,0.0,0.0,0.0,4.76199734210968,0.45647943019866943,0.0,0.0,0.0,0.45647943019866943,64.0,-4.599999904632568,-0.45647943019866943
21.190494537353516,169.2374267578125,0.0,0.0,0.0,0.0,0.0,0.4138718133065374,-0.0,0.0,5.326071412222726,4.254642840794155,0.31014901399612427,0.0,0.0,0.0,4.138718071393669,0.015182551927864552,0.0,0.0,0.015182551927864552,0.0,65.0,-4.599711894989014,0.015182551927864552
21.209373474121094,168.56619262695312,0.0,0.0,0.0,0.0,0.0,0.25226995128795426,-0.0,0.0,5.293857111249651,4.222428539821079,0.37898901104927063,0.0,0.0,0.0,2.522699475288391,0.007211565971374512,0.0,0.0,0.0,0.007211565971374512,66.0,-4.59979248046875,-0.007211565971374512
21.216123580932617,168.47894287109375,0.0,0.0,0.0,0.0,0.0,0.08281370971819324,-0.0,0.0,5.171714319501604,4.100285748073032,0.4945339858531952,0.0,0.0,0.0,0.8281370848417282,0.05102892220020294,0.0,0.0,0.0,0.05102892220020294,67.0,-4.599907875061035,-0.05102892220020294
21.209373474121094,171.8203887939453,0.0,0.0,0.0,0.0,0.0,-0.08050461582361113,-0.0,0.0,4.932071495056152,3.860642923627581,0.3249000012874603,0.0,0.12204998731613159,0.0,0.0,0.0,0.14629872143268585,0.0,0.0,0.14629872143268585,68.0,-4.599998950958252,-0.14629872143268585
21.20262336730957,170.21282958984375,0.0,0.0,0.0,0.0,0.0,-0.11491933139341381,-0.0,0.0,4.72514283316476,3.6537142617361886,0.0,0.0,0.3757930099964142,0.0,0.0,0.0,0.007271412760019302,0.0,0.0,0.007271412760019302,69.0,-4.599969387054443,-0.007271412760019302
21.195873260498047,170.05111694335938,0.0,0.0,0.0,0.0,0.0,-0.13637893443818605,-0.0,0.0,4.638642937796456,3.567214366367885,0.0,0.0,0.3578689992427826,0.0,0.0,0.0,0.09672743082046509,0.0,0.0,0.09672743082046509,70.0,-4.5999979972839355,-0.09672743082046509
21.189123153686523,163.78196716308594,0.0,0.0,0.0,0.0,0.0,-0.14252747416605427,-0.0,0.0,4.6055714198521205,3.534142848423549,0.0,0.0,0.3620469868183136,0.0,0.0,0.0,0.11304457485675812,0.0,0.0,0.11304457485675812,71.0,-4.599989414215088,-0.11304457485675812
21.182373046875,170.77264404296875,0.0,0.0,0.0,0.0,0.0,-0.10001582639975637,-0.0,0.0,4.587857055664062,3.516428484235491,0.0,0.0,0.3013469874858856,0.0,0.0,0.0,0.032039087265729904,0.0,0.0,0.032039087265729904,72.0,-4.599822521209717,-0.032039087265729904
21.175622940063477,172.26206970214844,0.0,0.0,0.0,0.0,0.0,-0.06800961503921399,-0.0,0.0,4.574142946515765,3.502714375087193,0.0,0.0,0.2221280038356781,0.0,0.0,0.0,0.004570703953504562,0.0,0.0,0.004570703953504562,73.0,-4.599400997161865,-0.004570703953504562
21.168872833251953,171.8978729248047,0.0,0.0,0.0,0.0,0.0,-0.05694562311254425,-0.0,0.0,4.564785766601562,3.493357195172991,0.0,0.0,0.18981599807739258,0.0,0.0,0.0,2.738088369369507e-6,0.0,2.738088369369507e-6,0.0,74.0,-4.5992584228515625,2.738088369369507e-6
21.162124633789062,171.2266387939453,0.0,0.0,0.0,0.0,0.0,-0.05268522428619006,-0.0,0.0,4.554714284624372,3.483285849434989,0.0,0.0,0.17299799621105194,0.0,0.0,0.0,0.0026194110978394747,0.0,0.0026194110978394747,0.0,75.0,-4.599719524383545,0.0026194110978394747
21.157163619995117,170.55540466308594,0.0,0.0,0.0,0.0,0.0,-0.04909431212087215,-0.0,0.0,4.542071424211774,3.470642852783203,0.0,0.0,0.16041800379753113,0.0,0.0,0.0,0.0032296967692673206,0.0,0.0032296967692673206,0.0,76.0,-4.599908828735352,0.0032296967692673206
21.152603149414062,169.88417053222656,0.0,0.0,0.0,0.0,0.0,-0.047734927327083565,-0.0,0.0,4.526928574698312,3.4555001395089286,0.0,0.0,0.15603700280189514,0.0,0.0,0.0,0.003079415298998356,0.0,0.003079415298998356,0.0,77.0,-4.59995174407959,0.003079415298998356
21.14793586730957,169.2129364013672,0.0,0.0,0.0,0.0,0.0,-0.03720815869751204,-0.0,0.0,4.51757139478411,3.4461426871163505,0.042750000953674316,0.0,0.11952200531959534,0.0,0.0,0.0,0.0045051854103803635,0.0,0.0045051854103803635,0.0,78.0,-4.599980354309082,0.0045051854103803635
21.142162322998047,168.5417022705078,0.0,0.0,0.0,0.0,0.0,0.04712731833945688,-0.0,0.0,4.559571347917829,3.4881427764892576,0.18522800505161285,0.0,0.0,0.0,0.47127317637205124,0.017048843204975128,0.0,0.0,0.0,0.017048843204975128,79.0,-4.599976539611816,-0.017048843204975128
21.135404586791992,169.01097106933594,0.0,0.0,0.0,0.0,0.0,0.10870080752224931,-0.0,0.0,4.633285740443638,3.561857169015067,0.2752330005168915,0.0,0.0,0.0,1.0870080590248108,0.7182590365409851,0.0,0.0,0.0,0.7182590365409851,80.0,-4.599999904632568,-0.7182590365409851
21.128646850585938,154.75596618652344,0.0,0.0,0.0,0.0,0.0,0.23998346090292122,-0.0,0.0,4.707071454184396,3.6356429508754187,0.8445590138435364,0.0,0.0,0.0,2.3998345732688904,0.7199562191963196,0.0,0.0,0.0,0.7199562191963196,81.0,-4.599999904632568,-0.7199562191963196
21.121896743774414,164.55514526367188,0.0,0.0,0.0,0.0,0.0,0.49423199883449065,-0.0,0.0,4.773714283534458,3.7022857121058874,0.5312780141830444,0.0,0.0,0.0,4.942319914698601,0.2017020732164383,0.0,0.0,0.0,0.2017020732164383,82.0,-4.599999904632568,-0.2017020732164383
21.11514663696289,170.6815948486328,0.0,0.0,0.0,0.0,0.0,0.6627413874528018,-0.0,0.0,4.828285707746233,3.7568571363176617,0.3127540051937103,0.0,0.0,0.0,6.627413775771856,0.019532177597284317,0.0,0.0,0.0,0.019532177597284317,83.0,-4.599973678588867,-0.019532177597284317
21.108396530151367,171.41763305664062,0.0,0.0,0.0,0.0,0.0,0.7403235780495937,-0.0,0.0,4.873571477617536,3.8021429061889647,0.302280992269516,0.0,0.0,0.0,7.403235670179129,0.05883384123444557,0.0,0.0,0.0,0.05883384123444557,84.0,-4.599996566772461,-0.05883384123444557
21.101646423339844,165.74932861328125,0.0,0.0,0.0,0.0,0.0,0.7699771340187955,-0.0,0.0,4.893071392604282,3.821642821175711,0.3123970031738281,0.0,0.0,0.0,7.699771225452423,0.07423180341720581,0.0,0.0,0.0,0.07423180341720581,85.0,-4.599998474121094,-0.07423180341720581
21.09489631652832,170.51866149902344,0.0,0.0,0.0,0.0,0.0,0.7487252056408702,-0.0,0.0,4.894499996730259,3.8230714253016878,0.32420599460601807,0.0,0.0,0.0,7.487251944839954,0.02794199436903,0.0,0.0,0.0,0.02794199436903,86.0,-4.599997043609619,-0.02794199436903
21.088146209716797,171.89610290527344,0.0,0.0,0.0,0.0,0.0,0.6884923189095007,-0.0,0.0,4.888285718645368,3.8168571472167967,0.31019899249076843,0.0,0.0,0.0,6.884923086501658,0.00587786640971899,0.0,0.0,0.0,0.00587786640971899,87.0,-4.59999942779541,-0.00587786640971899
21.081396102905273,167.3094482421875,0.0,0.0,0.0,0.0,0.0,0.5562112891109479,-0.0,0.0,4.8704285757882255,3.799000004359654,0.3201960027217865,0.0,0.0,0.0,5.562112808227539,0.1321406364440918,0.0,0.0,0.0,0.1321406364440918,88.0,-4.599999904632568,-0.1321406364440918
21.07464599609375,161.7744598388672,0.0,0.0,0.0,0.0,0.0,0.41413311122556185,-0.0,0.0,4.8470714569091795,3.7756428854806083,0.31014901399612427,0.0,0.0,0.0,4.141331050544977,0.052469875663518906,0.0,0.0,0.0,0.052469875663518906,89.0,-4.599998474121094,-0.052469875663518906
21.067895889282227,164.9025421142578,0.0,0.0,0.0,0.0,0.0,0.25165978411823187,-0.0,0.0,4.817500059945242,3.7460714885166713,0.37898901104927063,0.0,0.0,0.0,2.516597803682089,0.029463235288858414,0.0,0.0,0.0,0.029463235288858414,90.0,-4.599996566772461,-0.029463235288858414
21.061145782470703,166.34800720214844,0.0,0.0,0.0,0.0,0.0,0.06652980545952625,-0.0,0.0,4.773285743168422,3.7018571036202568,0.4945339858531952,0.0,0.0,0.0,0.6652980446815491,0.27846795320510864,0.0,0.0,0.0,0.27846795320510864,91.0,-4.599999904632568,-0.27846795320510864
21.05439567565918,170.51913452148438,0.0,0.0,0.0,0.0,0.0,-0.073391196067778,-0.0,0.0,4.704500007629394,3.633071436200823,0.42274999618530273,0.0,0.024199992418289185,0.0,0.0,0.0,0.22043731808662415,0.0,0.0,0.22043731808662415,92.0,-4.599999904632568,-0.22043731808662415
21.047645568847656,169.39952087402344,0.0,0.0,0.0,0.0,0.0,-0.1333778531204799,-0.0,0.0,4.62021427154541,3.548785700116839,0.0,0.0,0.3757930099964142,0.0,0.0,0.0,0.06879981607198715,0.0,0.0,0.06879981607198715,93.0,-4.59999418258667,-0.06879981607198715
21.040895462036133,164.61378479003906,0.0,0.0,0.0,0.0,0.0,-0.44566315395288214,-0.0,0.0,4.584499985831124,3.513071550641741,0.0,0.0,0.934095025062561,0.0,0.0,0.0,0.5514487624168396,0.0,0.0,0.5514487624168396,94.0,-4.599999904632568,-0.5514487624168396
21.03414535522461,167.55056762695312,0.0,0.0,0.0,0.0,0.0,-0.12931275732567915,-0.0,0.0,4.574357114519391,3.50292854309082,0.0,0.0,0.3620469868183136,0.0,0.0,0.0,0.06899552047252655,0.0,0.0,0.06899552047252655,95.0,-4.599956512451172,-0.06899552047252655
21.027395248413086,171.514404296875,0.0,0.0,0.0,0.0,0.0,-0.1100170477238116,-0.0,0.0,4.582928603036063,3.5114998953683036,0.0,0.0,0.3013469874858856,0.0,0.0,0.0,0.06537649035453796,0.0,0.0,0.06537649035453796,96.0,-4.599987506866455,-0.06537649035453796
21.020645141601562,167.72525024414062,0.0,0.0,0.0,0.0,0.0,-0.09796679409213027,-0.0,0.0,4.599857139587402,3.528428568158831,0.0,0.0,0.2221280038356781,0.0,0.0,0.0,0.10442796349525452,0.0,0.0,0.10442796349525452,97.0,-4.599996566772461,-0.10442796349525452
21.01389503479004,166.44960021972656,0.0,0.0,0.0,0.0,0.0,-0.07277909359451495,-0.0,0.0,4.619428580147879,3.548000008719308,0.0,0.0,0.18981599807739258,0.0,0.0,0.0,0.05278097093105316,0.0,0.0,0.05278097093105316,98.0,-4.599852561950684,-0.05278097093105316
21.007144927978516,169.36976623535156,0.0,0.0,0.0,0.0,0.0,-0.08111297214480118,-0.0,0.0,4.6401429312569755,3.568714359828404,0.0,0.0,0.17299799621105194,0.0,0.0,0.0,0.09737856686115265,0.0,0.0,0.09737856686115265,99.0,-4.599997520446777,-0.09737856686115265
21.000394821166992,166.23878479003906,0.0,0.0,0.0,0.0,0.0,-0.06135403720454513,-0.0,0.0,4.663714286259243,3.592285646711077,0.0,0.0,0.16041800379753113,0.0,0.0,0.0,0.044095445424318314,0.0,0.0,0.044095445424318314,100.0,-4.599973678588867,-0.044095445424318314
20.99364471435547,168.60540771484375,0.0,0.0,0.0,0.0,0.0,-0.047596529597216455,-0.0,0.0,4.677214295523507,3.6057857240949356,0.0,0.0,0.15603700280189514,0.0,0.0,0.0,0.0026180895511060953,0.0,0.0026180895511060953,0.0,101.0,-4.599963665008545,0.0026180895511060953
20.988731384277344,167.93417358398438,0.0,0.0,0.0,0.0,0.0,-0.041425864228516324,-0.0,0.0,4.68907139641898,3.6176427568708145,0.02944999933242798,0.0,0.13282200694084167,0.0,0.0,0.0,0.005264201667159796,0.0,0.005264201667159796,0.0,102.0,-4.599975109100342,0.005264201667159796
20.98568344116211,167.262939453125,0.0,0.0,0.0,0.0,0.0,0.04362759953182338,-0.0,0.0,4.76164287839617,3.690214375087193,0.18522800505161285,0.0,0.0,0.0,0.43627598881721497,0.012146025896072388,0.0,0.0,0.0,0.012146025896072388,103.0,-4.599981307983398,-0.012146025896072388
20.978933334350586,167.4512939453125,0.0,0.0,0.0,0.0,0.0,0.13691127206252918,-0.0,0.0,4.826500020708356,3.755071449279785,0.2752330005168915,0.0,0.0,0.0,1.3691127002239227,0.15590420365333557,0.0,0.0,0.0,0.15590420365333557,104.0,-4.59999942779541,-0.15590420365333557
20.972183227539062,166.01271057128906,0.0,0.0,0.0,0.0,0.0,0.28567921646951455,-0.0,0.0,4.929214286804199,3.857785715375628,0.30973300337791443,0.0,0.0,0.0,2.8567921221256256,0.1527749001979828,0.0,0.0,0.0,0.1527749001979828,105.0,-4.59999942779541,-0.1527749001979828
20.96543312072754,166.49124145507812,0.0,0.0,0.0,0.0,0.0,0.459840683040629,-0.0,0.0,5.039500045776367,3.968071474347796,0.31333601474761963,0.0,0.0,0.0,4.598406761884689,0.055807143449783325,0.0,0.0,0.0,0.055807143449783325,106.0,-4.5999956130981445,-0.055807143449783325
20.958683013916016,170.06690979003906,0.0,0.0,0.0,0.0,0.0,0.5929862532650865,-0.0,0.0,5.140571403503418,4.069142832074847,0.3127540051937103,0.0,0.0,0.0,5.929862444289029,0.0007834983989596367,0.0,0.0,0.0007834983989596367,0.0,107.0,-4.59998083114624,0.0007834983989596367
20.952537536621094,169.3956756591797,0.0,0.0,0.0,0.0,0.0,0.657880264265541,-0.0,0.0,5.21049998147147,4.139071410042899,0.302280992269516,0.0,0.0,0.0,6.578802544623613,0.01021675392985344,0.0,0.0,0.0,0.01021675392985344,108.0,-4.5999908447265625,-0.01021675392985344
20.959287643432617,169.5354461669922,0.0,0.0,0.0,0.0,0.0,0.7220083605052285,-0.0,0.0,5.2595000403268,4.188071468898228,0.3123970031738281,0.0,0.0,0.0,7.220083497464657,0.08746931701898575,0.0,0.0,0.0,0.08746931701898575,109.0,-4.599998950958252,-0.08746931701898575
20.96603775024414,168.36856079101562,0.0,0.0,0.0,0.0,0.0,0.7437735258605109,-0.0,0.0,5.314499936785016,4.243071365356445,0.32420599460601807,0.0,0.0,0.0,7.4377351477742195,0.05465834587812424,0.0,0.0,0.0,0.05465834587812424,110.0,-4.599995136260986,-0.05465834587812424
20.972787857055664,172.14508056640625,0.0,0.0,0.0,0.0,0.0,0.6953524330869678,-0.0,0.0,5.381714221409389,4.310285649980818,0.31019899249076843,0.0,0.0,0.0,6.953524227254093,0.0066269682720303535,0.0,0.0,0.0066269682720303535,0.0,111.0,-4.59974479675293,0.0066269682720303535
20.984888076782227,171.47384643554688,0.0,0.0,0.0,0.0,0.0,0.5342879971010683,-0.0,0.0,5.42457139151437,4.3531428200857984,0.3201960027217865,0.0,0.0,0.0,5.342879891395569,0.5974239110946655,0.0,0.0,0.0,0.5974239110946655,112.0,-4.599999904632568,-0.5974239110946655
20.99163818359375,169.76644897460938,0.0,0.0,0.0,0.0,0.0,0.45297335129936556,-0.0,0.0,5.4365714754377095,4.365142904009138,0.31014901399612427,0.0,0.0,0.0,4.529733445495367,0.019366953521966934,0.0,0.0,0.019366953521966934,0.0,113.0,-4.599567890167236,0.019366953521966934
21.01418113708496,169.09521484375,0.0,0.0,0.0,0.0,0.0,0.2780675619366401,-0.0,0.0,5.420642798287528,4.349214226858956,0.37898901104927063,0.0,0.0,0.0,2.780675577931106,0.011435342021286488,0.0,0.0,0.0,0.011435342021286488,114.0,-4.599727153778076,-0.011435342021286488
21.020931243896484,169.37779235839844,0.0,0.0,0.0,0.0,0.0,0.09454139723690444,-0.0,0.0,5.377642849513462,4.306214278084891,0.4945339858531952,0.0,0.0,0.0,0.9454139582812786,0.05915199592709541,0.0,0.0,0.0,0.05915199592709541,115.0,-4.599769115447998,-0.05915199592709541
21.027681350708008,173.5915985107422,0.0,0.0,0.0,0.0,0.0,-0.047930236575215446,-0.0,0.0,5.2982143129621235,4.226785741533552,0.43985000252723694,0.0,0.0070999860763549805,0.0,0.0,0.0,0.15266746282577515,0.0,0.0,0.15266746282577515,116.0,-4.599998474121094,-0.15266746282577515
21.03443145751953,171.89027404785156,0.0,0.0,0.0,0.0,0.0,-0.11697988881835875,-0.0,0.0,5.202285712105887,4.130857140677316,0.0,0.0,0.3757930099964142,0.0,0.0,0.0,0.014139937236905098,0.0,0.0,0.014139937236905098,117.0,-4.599726676940918,-0.014139937236905098
21.041181564331055,172.3392333984375,0.0,0.0,0.0,0.0,0.0,-0.11377631077026551,-0.0,0.0,5.155071476527622,4.083642905099051,0.0,0.0,0.3578689992427826,0.0,0.0,0.0,0.021385354921221733,0.0,0.0,0.021385354921221733,118.0,-4.599664688110352,-0.021385354921221733
21.03443145751953,173.3428192138672,0.0,0.0,0.0,0.0,0.0,-0.11577065003993692,-0.0,0.0,5.114928599766323,4.043500028337752,0.0,0.0,0.3620469868183136,0.0,0.0,0.0,0.023855164647102356,0.0,0.0,0.023855164647102356,119.0,-4.599659442901611,-0.023855164647102356
21.027681350708008,174.52146911621094,0.0,0.0,0.0,0.0,0.0,-0.09048797587009161,-0.0,0.0,5.081857081821987,4.010428510393416,0.0,0.0,0.3013469874858856,0.0,0.0,0.0,0.0002795867621898651,0.0,0.0002795867621898651,0.0,120.0,-4.59917688369751,0.0002795867621898651
21.02114486694336,173.85023498535156,0.0,0.0,0.0,0.0,0.0,-0.06819487983328112,-0.0,0.0,5.053499984741211,3.9820714133126396,0.0,0.0,0.2221280038356781,0.0,0.0,0.0,0.005188253242522478,0.0,0.0,0.005188253242522478,121.0,-4.599240303039551,-0.005188253242522478
21.014394760131836,173.57522583007812,0.0,0.0,0.0,0.0,0.0,-0.06967669965035506,-0.0,0.0,4.8628570829118996,3.791428511483329,0.0,0.0,0.18902599811553955,0.0,0.0,0.0,0.04322965815663338,0.0,0.0,0.04322965815663338,122.0,-4.59991979598999,-0.04322965815663338
21.007644653320312,169.10659790039062,0.0,0.0,0.0,0.0,0.0,-0.05842345775359692,-0.0,0.0,4.855357115609305,3.7839285441807338,0.0,0.0,0.17225700616836548,0.0,0.0,0.0,0.02248784527182579,0.0,0.0,0.02248784527182579,123.0,-4.599764347076416,-0.02248784527182579
21.00089454650879,170.06727600097656,0.0,0.0,0.0,0.0,0.0,-0.049382122798795336,-0.0,0.0,4.845357159205845,3.773928587777274,0.0,0.0,0.15967600047588348,0.0,0.0,0.0,0.004931068979203701,0.0,0.0,0.004931068979203701,124.0,-4.5998711585998535,-0.004931068979203701
20.994144439697266,169.75294494628906,0.0,0.0,0.0,0.0,0.0,-0.04799572019634518,-0.0,0.0,4.834928594316755,3.7635000228881834,0.0,0.0,0.15532000362873077,0.0,0.0,0.0,0.004665724001824856,0.0,0.004665724001824856,0.0,125.0,-4.599942684173584,0.004665724001824856
20.99077796936035,169.0817108154297,0.0,0.0,0.0,0.0,0.0,-0.048098419189638586,-0.0,0.0,4.840642874581473,3.7692143031529017,0.009499999694526196,0.0,0.15200300514698029,0.0,0.0,0.0,0.008325052447617054,0.0,0.008325052447617054,0.0,126.0,-4.599964141845703,0.008325052447617054
20.99007225036621,168.4104766845703,0.0,0.0,0.0,0.0,0.0,0.032829868630764904,-0.0,0.0,4.912000056675502,3.840571485246931,0.18425999581813812,0.0,0.0,0.0,0.32829868141561747,0.008991307578980923,0.0,0.0,0.0,0.008991307578980923,127.0,-4.599974155426025,-0.008991307578980923
20.983322143554688,168.4014892578125,0.0,0.0,0.0,0.0,0.0,0.14139983082413418,-0.0,0.0,4.976142828805106,3.9047142573765345,0.2739329934120178,0.0,0.0,0.0,1.4139982871711254,0.03346880152821541,0.0,0.0,0.0,0.03346880152821541,128.0,-4.599991798400879,-0.03346880152821541
20.976572036743164,170.23655700683594,0.0,0.0,0.0,0.0,0.0,0.3091769130405323,-0.0,0.0,5.096214239937918,4.024785668509347,0.3082900047302246,0.0,0.0,0.0,3.0917690843343735,0.1139906793832779,0.0,0.0,0.0,0.1139906793832779,129.0,-4.599997520446777,-0.1139906793832779
20.96982192993164,169.57315063476562,0.0,0.0,0.0,0.0,0.0,0.2531646250287387,-0.0,0.0,5.168142809186663,4.096714237758091,0.31154200434684753,0.0,0.0,0.0,2.5316462125629187,0.0058617983013391495,0.0,0.0,0.0058617983013391495,0.0,130.0,-4.59995698928833,0.0058617983013391495
20.981115341186523,168.90191650390625,0.0,0.0,0.0,0.0,0.0,0.14376045828700745,-0.0,0.0,5.173928615025112,4.102500043596541,0.3106450140476227,0.0,0.0,0.0,1.4376045614480972,0.12990044057369232,0.0,0.0,0.0,0.12990044057369232,131.0,-4.599994659423828,-0.12990044057369232
20.987865447998047,164.89852905273438,0.0,0.0,0.0,0.0,0.0,0.23195118206666676,-0.0,0.0,5.187285777500698,4.115857206072127,0.3001460134983063,0.0,0.0,0.0,2.3195117861032486,0.1011422723531723,0.0,0.0,0.0,0.1011422723531723,132.0,-4.59999942779541,-0.1011422723531723
20.99461555480957,161.64639282226562,0.0,0.0,0.0,0.0,0.0,0.3161323449184349,-0.0,0.0,5.21557148524693,4.144142913818359,0.3103350102901459,0.0,0.0,0.0,3.1613234020769596,0.028141643851995468,0.0,0.0,0.0,0.028141643851995468,133.0,-4.59999942779541,-0.028141643851995468
21.001365661621094,163.21176147460938,0.0,0.0,0.0,0.0,0.0,0.3887986181497367,-0.0,0.0,5.274285670689174,4.202857099260603,0.9527930021286011,0.0,0.0,0.0,3.887986123561859,0.3139210343360901,0.0,0.0,0.0,0.3139210343360901,134.0,-4.599999904632568,-0.3139210343360901
21.008115768432617,165.6416778564453,0.0,0.0,0.0,0.0,0.0,0.5048959583773606,-0.0,0.0,5.3226428168160576,4.2512142453874855,0.30810999870300293,0.0,0.0,0.0,5.048959508538246,0.042730554938316345,0.0,0.0,0.0,0.042730554938316345,135.0,-4.5999932289123535,-0.042730554938316345
21.01486587524414,168.45425415039062,0.0,0.0,0.0,0.0,0.0,0.44050855696959124,-0.0,0.0,5.355000032697405,4.283571461268833,0.3182229995727539,0.0,0.0,0.0,4.405085504055023,0.05899149179458618,0.0,0.0,0.0,0.05899149179458618,136.0,-4.599999904632568,-0.05899149179458618
21.021615982055664,164.65478515625,0.0,0.0,0.0,0.0,0.0,0.3561586958342595,-0.0,0.0,5.365499986921038,4.294071415492466,0.3080269992351532,0.0,0.0,0.0,3.561586905270815,0.017785977572202682,0.0,0.0,0.0,0.017785977572202682,137.0,-4.599890232086182,-0.017785977572202682
21.028366088867188,165.44825744628906,0.0,0.0,0.0,0.0,0.0,0.19475793290522592,-0.0,0.0,5.3481428418840675,4.276714270455496,0.37723100185394287,0.0,0.0,0.0,1.947579300031066,0.02833958901464939,0.0,0.0,0.0,0.02833958901464939,138.0,-4.599887847900391,-0.02833958901464939
21.03511619567871,167.10140991210938,0.0,0.0,0.0,0.0,0.0,0.017863457171074404,-0.0,0.0,5.309714262826102,4.238285691397531,0.49322599172592163,0.0,0.0,0.0,0.17863456904888153,0.1337394267320633,0.0,0.0,0.0,0.1337394267320633,139.0,-4.599998474121094,-0.1337394267320633
21.041866302490234,168.9741973876953,0.0,0.0,0.0,0.0,0.0,-0.11907720144896494,-0.0,0.0,5.265785707746233,4.194357136317661,0.09974999725818634,0.0,0.34574800729751587,0.0,0.0,0.0,0.051175981760025024,0.0,0.0,0.051175981760025024,140.0,-4.599875450134277,-0.051175981760025024
21.048616409301758,172.41952514648438,0.0,0.0,0.0,0.0,0.0,-0.1262102035665591,-0.0,0.0,5.230500030517578,4.159071459089007,0.0,0.0,0.37415799498558044,0.0,0.0,0.0,0.04654266685247421,0.0,0.0,0.04654266685247421,141.0,-4.599910736083984,-0.04654266685247421
21.05536651611328,167.37625122070312,0.0,0.0,0.0,0.0,0.0,-0.12797740163315918,-0.0,0.0,5.222642844063895,4.151214272635324,0.0,0.0,0.3562360107898712,0.0,0.0,0.0,0.07035531103610992,0.0,0.0,0.07035531103610992,142.0,-4.599900722503662,-0.07035531103610992
21.062116622924805,172.30615234375,0.0,0.0,0.0,0.0,0.0,-0.11822939314362957,-0.0,0.0,5.21557148524693,4.144142913818359,0.0,0.0,0.36024099588394165,0.0,0.0,0.0,0.033856965601444244,0.0,0.0,0.033856965601444244,143.0,-4.599706649780273,-0.033856965601444244
21.068866729736328,174.32574462890625,0.0,0.0,0.0,0.0,0.0,-0.09014515629615,-0.0,0.0,5.207928603036063,4.136500031607492,0.0,0.0,0.29989999532699585,0.0,0.0,0.0,0.0005838470533490181,0.0,0.0005838470533490181,0.0,144.0,-4.599205017089844,0.0005838470533490181
21.076072692871094,173.65451049804688,0.0,0.0,0.0,0.0,0.0,-0.06871254856859826,-0.0,0.0,5.225071443830218,4.153642872401646,0.0,0.0,0.22134600579738617,0.0,0.0,0.0,0.007695813663303852,0.0,0.0,0.007695813663303852,145.0,-4.599238872528076,-0.007695813663303852
21.082822799682617,173.5963134765625,0.0,0.0,0.0,0.0,0.0,-0.22194711851863502,-0.0,0.0,5.232571411132812,4.161142839704241,0.0,0.0,0.18902599811553955,0.0,0.0,0.0,0.550797700881958,0.0,0.0,0.550797700881958,146.0,-4.599999904632568,-0.550797700881958
21.08957290649414,164.8306427001953,0.0,0.0,0.0,0.0,0.0,-0.07768657069152862,-0.0,0.0,5.234928621564593,4.163500050136021,0.0,0.0,0.17225700616836548,0.0,0.0,0.0,0.08669821918010712,0.0,0.0,0.08669821918010712,147.0,-4.599943161010742,-0.08669821918010712
21.096323013305664,171.08206176757812,0.0,0.0,0.0,0.0,0.0,-0.054134909352060445,-0.0,0.0,5.244928577968052,4.173500006539481,0.0,0.0,0.15967600047588348,0.0,0.0,0.0,0.020773690193891525,0.0,0.0,0.020773690193891525,148.0,-4.599884033203125,-0.020773690193891525
21.103073120117188,172.07354736328125,0.0,0.0,0.0,0.0,0.0,-0.048665755313267445,-0.0,0.0,5.25335715157645,4.181928580147879,0.0,0.0,0.15532000362873077,0.0,0.0,0.0,0.006899174302816391,0.0,0.0,0.006899174302816391,149.0,-4.599917411804199,-0.006899174302816391
21.10982322692871,171.9556427001953,0.0,0.0,0.0,0.0,0.0,-0.048682522193641276,-0.0,0.0,5.262071418762207,4.190642847333636,0.0,0.0,0.16150300204753876,0.0,0.0,0.0,0.0007720654830336571,0.0,0.0007720654830336571,0.0,150.0,-4.599948406219482,0.0007720654830336571
21.1171817779541,171.28440856933594,0.0,0.0,0.0,0.0,0.0,0.021088335232262834,-0.0,0.0,5.28500006539481,4.2135714939662385,0.18425999581813812,0.0,0.0,0.0,0.21088334918022156,0.01335667073726654,0.0,0.0,0.0,0.01335667073726654,151.0,-4.599966526031494,-0.01335667073726654
21.123931884765625,171.6925048828125,0.0,0.0,0.0,0.0,0.0,0.12542133518191179,-0.0,0.0,5.325928633553641,4.25450006212507,0.2739329934120178,0.0,0.0,0.0,1.2542133331298828,0.019403696060180664,0.0,0.0,0.0,0.019403696060180664,152.0,-4.599984169006348,-0.019403696060180664
21.13068199157715,172.60447692871094,0.0,0.0,0.0,0.0,0.0,0.2955463686294312,-0.0,0.0,5.395214298793247,4.323785727364676,0.3082900047302246,0.0,0.0,0.0,2.955463642254472,0.007096296176314354,0.0,0.0,0.007096296176314354,0.0,153.0,-4.599977493286133,0.007096296176314354
21.14317512512207,171.93324279785156,0.0,0.0,0.0,0.0,0.0,0.44369351332923035,-0.0,0.0,5.477714347839355,4.406285776410784,0.31154200434684753,0.0,0.0,0.0,4.436935067176819,0.06897294521331787,0.0,0.0,0.0,0.06897294521331787,154.0,-4.599991798400879,-0.06897294521331787
21.149925231933594,168.76797485351562,0.0,0.0,0.0,0.0,0.0,0.5611576745086561,-0.0,0.0,5.56507146017892,4.493642888750348,0.3106450140476227,0.0,0.0,0.0,5.611576661467552,0.04852809011936188,0.0,0.0,0.04852809011936188,0.0,155.0,-4.599993705749512,0.04852809011936188
21.197185516357422,168.09674072265625,0.0,0.0,0.0,0.0,0.0,0.6330409501946113,-0.0,0.0,5.637357112339565,4.565928540910993,0.3001460134983063,0.0,0.0,0.0,6.330409407615662,0.029894471168518066,0.0,0.0,0.029894471168518066,0.0,156.0,-4.599983215332031,0.029894471168518066
21.22921371459961,167.42550659179688,0.0,0.0,0.0,0.0,0.0,0.6425894810645203,-0.0,0.0,5.690214238848005,4.618785667419433,0.3103350102901459,0.0,0.0,0.0,6.4258947148919106,0.10757019370794296,0.0,0.0,0.0,0.10757019370794296,157.0,-4.599998474121094,-0.10757019370794296
21.235963821411133,167.45301818847656,0.0,0.0,0.0,0.0,0.0,0.6124085022122934,-0.0,0.0,5.722214235578265,4.6507856641496925,0.3222000002861023,0.0,0.0,0.0,6.124084930866957,0.014665145426988602,0.0,0.0,0.0,0.014665145426988602,158.0,-4.599860191345215,-0.014665145426988602
21.242713928222656,168.08981323242188,0.0,0.0,0.0,0.0,0.0,0.5492628797778916,-0.0,0.0,5.741214288984026,4.669785717555454,0.30810999870300293,0.0,0.0,0.0,5.492628715932369,0.0769113078713417,0.0,0.0,0.0,0.0769113078713417,159.0,-4.59999942779541,-0.0769113078713417
21.24946403503418,165.3580322265625,0.0,0.0,0.0,0.0,0.0,0.44478580585361716,-0.0,0.0,5.744357190813337,4.6729286193847654,0.3182229995727539,0.0,0.0,0.0,4.447857992257923,0.0019692019559442997,0.0,0.0,0.0019692019559442997,0.0,160.0,-4.599063873291016,0.0019692019559442997
21.257911682128906,164.68679809570312,0.0,0.0,0.0,0.0,0.0,0.3694159780844632,-0.0,0.0,5.743428584507534,4.672000013078962,0.3080269992351532,0.0,0.0,0.0,3.6941597257973626,0.0011134351370856166,0.0,0.0,0.0011134351370856166,0.0,161.0,-4.599623680114746,0.0011134351370856166
21.265621185302734,164.01556396484375,0.0,0.0,0.0,0.0,0.0,0.22697352397402407,-0.0,0.0,5.726428522382464,4.654999950953892,0.37723100185394287,0.0,0.0,0.0,2.2697352059185505,0.04438365623354912,0.0,0.0,0.0,0.04438365623354912,162.0,-4.5998053550720215,-0.04438365623354912
21.272371292114258,167.30662536621094,0.0,0.0,0.0,0.0,0.0,0.07965628176415385,-0.0,0.0,5.69271422794887,4.621285656520298,0.49322599172592163,0.0,0.0,0.0,0.7965628057718277,0.08676116168498993,0.0,0.0,0.0,0.08676116168498993,163.0,-4.599793910980225,-0.08676116168498993
21.27912139892578,174.32476806640625,0.0,0.0,0.0,0.0,0.0,-0.026254885010615348,-0.0,0.0,5.610000010899135,4.538571439470563,0.3666999936103821,0.0,0.07879799604415894,0.0,0.0,0.0,0.008718283846974373,0.0,0.0,0.008718283846974373,164.0,-4.599350452423096,-0.008718283846974373
21.285871505737305,174.41238403320312,0.0,0.0,0.0,0.0,0.0,-0.16174860941364777,-0.0,0.0,5.514642797197614,4.443214225769043,0.0,0.0,0.37415799498558044,0.0,0.0,0.0,0.16500401496887207,0.0,0.0,0.16500401496887207,165.0,-4.599997043609619,-0.16500401496887207
21.292621612548828,170.4114532470703,0.0,0.0,0.0,0.0,0.0,-0.11913787413687982,-0.0,0.0,5.478928511483328,4.407499940054757,0.0,0.0,0.3562360107898712,0.0,0.0,0.0,0.04089022055268288,0.0,0.0,0.04089022055268288,166.0,-4.599712371826172,-0.04089022055268288
21.29937171936035,172.91595458984375,0.0,0.0,0.0,0.0,0.0,-0.12595260923167484,-0.0,0.0,5.446785736083984,4.375357164655413,0.0,0.0,0.3961620032787323,0.0,0.0,0.0,0.023680010810494423,0.0,0.0,0.023680010810494423,167.0,-4.599693775177002,-0.023680010810494423
21.306121826171875,174.2317352294922,0.0,0.0,0.0,0.0,0.0,-0.0928735390888566,-0.0,0.0,5.409357152666364,4.337928581237793,0.0,0.0,0.3052870035171509,0.0,0.0,0.0,0.004291447810828686,0.0,0.004291447810828686,0.0,168.0,-4.5992255210876465,0.004291447810828686
21.316354751586914,173.5605010986328,0.0,0.0,0.0,0.0,0.0,-0.06850778998155047,-0.0,0.0,5.37564285823277,4.304214286804199,0.0,0.0,0.22134600579738617,0.0,0.0,0.0,0.00701328506693244,0.0,0.0,0.00701328506693244,169.0,-4.599273681640625,-0.00701328506693244
21.323104858398438,173.4681854248047,0.0,0.0,0.0,0.0,0.0,-0.05880870610398367,-0.0,0.0,5.357571411132812,4.286142839704241,0.0,0.0,0.18902599811553955,0.0,0.0,0.0,0.00700301444157958,0.0,0.0,0.00700301444157958,170.0,-4.599055767059326,-0.00700301444157958
21.32985496520996,173.3726043701172,0.0,0.0,0.0,0.0,0.0,-0.055785716865389134,-0.0,0.0,5.359071404593331,4.28764283316476,0.0,0.0,0.17225700616836548,0.0,0.0,0.0,0.013695375993847847,0.0,0.0,0.013695375993847847,171.0,-4.599717140197754,-0.013695375993847847
21.336605072021484,173.82752990722656,0.0,0.0,0.0,0.0,0.0,-0.048814317847363786,-0.0,0.0,5.364999989100864,4.293571417672293,0.0,0.0,0.15967600047588348,0.0,0.0,0.0,0.003038385882973671,0.0,0.0,0.003038385882973671,172.0,-4.599867820739746,-0.003038385882973671
21.343355178833008,173.406494140625,0.0,0.0,0.0,0.0,0.0,-0.07319396205520468,-0.0,0.0,5.358928625924246,4.287500054495675,0.0,0.0,0.15532000362873077,0.0,0.0,0.0,0.0886598601937294,0.0,0.0,0.0886598601937294,173.0,-4.599997043609619,-0.0886598601937294
21.35010528564453,172.50674438476562,0.0,0.0,0.0,0.0,0.0,-0.04907378679496685,-0.0,0.0,5.349714224679129,4.278285653250558,0.0,0.0,0.16150300204753876,0.0,0.0,0.0,0.0020762807689607143,0.0,0.0020762807689607143,0.0,174.0,-4.599959373474121,0.0020762807689607143
21.3585205078125,171.83551025390625,0.0,0.0,0.0,0.0,0.0,0.006163092701332161,-0.0,0.0,5.37249995640346,4.301071384974888,0.18425999581813812,0.0,0.0,0.0,0.061630926094949245,0.003009074367582798,0.0,0.0,0.0,0.003009074367582798,175.0,-4.599966049194336,-0.003009074367582798
21.365270614624023,171.41249084472656,0.0,0.0,0.0,0.0,0.0,0.0178826364559328,-0.0,0.0,5.398214285714285,4.326785714285714,0.2739329934120178,0.0,0.0,0.0,0.17882636189460754,0.27589067816734314,0.0,0.0,0.0,0.27589067816734314,176.0,-4.599998950958252,-0.27589067816734314
21.372020721435547,168.01568603515625,0.0,0.0,0.0,0.0,0.0,0.09667793721598292,-0.0,0.0,5.427428599766323,4.356000028337752,0.3082900047302246,0.0,0.0,0.0,0.9667793577536941,0.015030615963041782,0.0,0.0,0.0,0.015030615963041782,177.0,-4.599972248077393,-0.015030615963041782
21.37877082824707,168.60009765625,0.0,0.0,0.0,0.0,0.0,0.13610060715825267,-0.0,0.0,5.474071448189871,4.4026428767613,0.31154200434684753,0.0,0.0,0.0,1.3610060513019562,0.2987019717693329,0.0,0.0,0.0,0.2987019717693329,178.0,-4.599995136260986,-0.2987019717693329
21.385520935058594,167.13619995117188,0.0,0.0,0.0,0.0,0.0,0.14035471886924977,-0.0,0.0,5.536714226858956,4.465285655430385,0.4150570034980774,0.0,0.0,0.0,1.4035471677780151,0.5867959260940552,0.0,0.0,0.0,0.5867959260940552,179.0,-4.599995136260986,-0.5867959260940552
21.392271041870117,164.14065551757812,0.0,0.0,0.0,0.0,0.0,0.16270009819716358,-0.0,0.0,5.55271429334368,4.481285721915109,0.679502010345459,0.0,0.0,0.0,1.6270009577274323,0.11694702506065369,0.0,0.0,0.0,0.11694702506065369,180.0,-4.599998950958252,-0.11694702506065369
21.39902114868164,164.4684295654297,0.0,0.0,0.0,0.0,0.0,0.24121417427382127,-0.0,0.0,5.55228568485805,4.480857113429478,0.3103350102901459,0.0,0.0,0.0,2.4121417067945004,0.021123263984918594,0.0,0.0,0.0,0.021123263984918594,181.0,-4.599993705749512,-0.021123263984918594
21.405771255493164,165.61239624023438,0.0,0.0,0.0,0.0,0.0,0.29587452307715295,-0.0,0.0,5.57085712977818,4.499428558349609,0.3222000002861023,0.0,0.0,0.0,2.9587451866827905,0.0022547789849340916,0.0,0.0,0.0022547789849340916,0.0,182.0,-4.599987983703613,0.0022547789849340916
21.414405822753906,164.941162109375,0.0,0.0,0.0,0.0,0.0,0.3225247863311288,-0.0,0.0,5.593428557259696,4.521999985831124,0.30810999870300293,0.0,0.0,0.0,3.2252478152513504,0.06524233520030975,0.0,0.0,0.0,0.06524233520030975,183.0,-4.59999942779541,-0.06524233520030975
21.42115592956543,162.4104766845703,0.0,0.0,0.0,0.0,0.0,0.34756744053315275,-0.0,0.0,5.60478572845459,4.5333571570260185,0.3182229995727539,0.0,0.0,0.0,3.4756743535399437,0.030802525579929352,0.0,0.0,0.0,0.030802525579929352,184.0,-4.599825382232666,-0.030802525579929352
21.427906036376953,164.417236328125,0.0,0.0,0.0,0.0,0.0,0.3117626674363414,-0.0,0.0,5.594642857142857,4.523214285714285,0.3080269992351532,0.0,0.0,0.0,3.117626627907157,0.00859622098505497,0.0,0.0,0.0,0.00859622098505497,185.0,-4.5997490882873535,-0.00859622098505497
21.434656143188477,164.49169921875,0.0,0.0,0.0,0.0,0.0,0.16381326263864726,-0.0,0.0,5.566642842973981,4.49521427154541,0.37723100185394287,0.0,0.0,0.0,1.6381326019763947,0.22568640112876892,0.0,0.0,0.0,0.22568640112876892,186.0,-4.599999904632568,-0.22568640112876892
21.44140625,167.21263122558594,0.0,0.0,0.0,0.0,0.0,0.07079026506528652,-0.0,0.0,5.535071454729352,4.463642883300781,0.49322599172592163,0.0,0.0,0.0,0.7079026401042938,0.08232125639915466,0.0,0.0,0.0,0.08232125639915466,187.0,-4.599812030792236,-0.08232125639915466
21.448156356811523,173.58840942382812,0.0,0.0,0.0,0.0,0.0,-0.05201713425982524,-0.0,0.0,5.481000028337751,4.4095714569091795,0.28975000977516174,0.0,0.15574797987937927,0.0,0.0,0.0,0.017642460763454437,0.0,0.0,0.017642460763454437,188.0,-4.599428653717041,-0.017642460763454437
21.454906463623047,174.40914916992188,0.0,0.0,0.0,0.0,0.0,-0.1773371483817554,-0.0,0.0,5.418714332580566,4.347285761151995,0.0,0.0,0.37415799498558044,0.0,0.0,0.0,0.21696580946445465,0.0,0.0,0.21696580946445465,189.0,-4.59999942779541,-0.21696580946445465
21.46165657043457,170.35635375976562,0.0,0.0,0.0,0.0,0.0,-0.12335550381165739,-0.0,0.0,5.3959286008562355,4.324500029427664,0.0,0.0,0.3562360107898712,0.0,0.0,0.0,0.05494898557662964,0.0,0.0,0.05494898557662964,190.0,-4.599807262420654,-0.05494898557662964
21.468406677246094,170.21987915039062,0.0,0.0,0.0,0.0,0.0,-0.12341305396112001,-0.0,0.0,5.38564281463623,4.314214243207659,0.0,0.0,0.36024099588394165,0.0,0.0,0.0,0.0511358343064785,0.0,0.0,0.0511358343064785,191.0,-4.5997748374938965,-0.0511358343064785
21.475156784057617,173.77952575683594,0.0,0.0,0.0,0.0,0.0,-0.08998332185604446,-0.0,0.0,5.376999936785016,4.305571365356445,0.0,0.0,0.29989999532699585,0.0,0.0,0.0,4.439894109964371e-5,0.0,0.0,4.439894109964371e-5,192.0,-4.599241733551025,-4.439894109964371e-5
21.48190689086914,173.11196899414062,0.0,0.0,0.0,0.0,0.0,-0.07014026641161297,-0.0,0.0,5.366857201712472,4.295428630283901,0.0,0.0,0.22134600579738617,0.0,0.0,0.0,0.012454872950911522,0.0,0.0,0.012454872950911522,193.0,-4.599294185638428,-0.012454872950911522
21.488656997680664,173.46673583984375,0.0,0.0,0.0,0.0,0.0,-0.059080460966347004,-0.0,0.0,5.355928639003208,4.284500067574637,0.0,0.0,0.18902599811553955,0.0,0.0,0.0,0.007908863946795464,0.0,0.0,0.007908863946795464,194.0,-4.599033832550049,-0.007908863946795464
21.495407104492188,173.4453582763672,0.0,0.0,0.0,0.0,0.0,-0.05573919813912892,-0.0,0.0,5.346142850603376,4.2747142791748045,0.0,0.0,0.17225700616836548,0.0,0.0,0.0,0.013540313579142094,0.0,0.0,0.013540313579142094,195.0,-4.599699020385742,-0.013540313579142094
21.50215721130371,173.88417053222656,0.0,0.0,0.0,0.0,0.0,-0.048726177172719945,-0.0,0.0,5.334428596496582,4.263000025068011,0.0,0.0,0.15967600047588348,0.0,0.0,0.0,0.002744583645835519,0.0,0.0,0.002744583645835519,196.0,-4.599858283996582,-0.002744583645835519
21.508907318115234,173.4373321533203,0.0,0.0,0.0,0.0,0.0,-0.04714437717245272,-0.0,0.0,5.319928523472377,4.248499952043806,0.0,0.0,0.15532000362873077,0.0,0.0,0.0,0.001827914034947753,0.0,0.001827914034947753,0.0,197.0,-4.599915504455566,0.001827914034947753
21.51711654663086,172.76609802246094,0.0,0.0,0.0,0.0,0.0,-0.049399685261510146,-0.0,0.0,5.305214282444545,4.233785711015974,0.003800000064074993,0.0,0.1577029973268509,0.0,0.0,0.0,0.006962613668292761,0.0,0.006962613668292761,0.0,198.0,-4.599947929382324,0.006962613668292761
21.529407501220703,172.09486389160156,0.0,0.0,0.0,0.0,0.0,0.019740439500517237,-0.0,0.0,5.324928637913295,4.253500066484724,0.30832499265670776,0.0,0.0,0.0,0.1974043920636177,0.029120616614818573,0.0,0.0,0.0,0.029120616614818573,199.0,-4.599985599517822,-0.029120616614818573
21.536157608032227,173.79910278320312,0.0,0.0,0.0,0.0,0.0,0.1469657933818667,-0.0,0.0,5.34549993787493,4.274071366446359,0.2739329934120178,0.0,0.0,0.0,1.4696579119190574,0.006309018470346928,0.0,0.0,0.0,0.006309018470346928,200.0,-4.5999755859375,-0.006309018470346928
21.54290771484375,173.64500427246094,0.0,0.0,0.0,0.0,0.0,0.3060831607294553,-0.0,0.0,5.3813571384974885,4.309928567068917,0.3082900047302246,0.0,0.0,0.0,3.0608315616846085,0.08697842061519623,0.0,0.0,0.0,0.08697842061519623,201.0,-4.599993705749512,-0.08697842061519623
21.549657821655273,172.047607421875,0.0,0.0,0.0,0.0,0.0,0.42271810952899014,-0.0,0.0,5.424785695757184,4.353357124328613,0.7828149795532227,0.0,0.0,0.0,4.227181032299995,0.1352037638425827,0.0,0.0,0.0,0.1352037638425827,202.0,-4.59999942779541,-0.1352037638425827
21.556407928466797,173.47671508789062,0.0,0.0,0.0,0.0,0.0,0.6066471674538725,-0.0,0.0,5.4867856979370115,4.41535712650844,0.3106450140476227,0.0,0.0,0.0,6.066471584141254,0.04963301867246628,0.0,0.0,0.04963301867246628,0.0,203.0,-4.59998083114624,0.04963301867246628
21.604007720947266,172.80548095703125,0.0,0.0,0.0,0.0,0.0,0.6778291084293887,-0.0,0.0,5.545071411132812,4.473642839704241,0.3001460134983063,0.0,0.0,0.0,6.77829098328948,0.05701280012726784,0.0,0.0,0.0,0.05701280012726784,204.0,-4.5999860763549805,-0.05701280012726784
21.61075782775879,168.41624450683594,0.0,0.0,0.0,0.0,0.0,0.6957794162747175,-0.0,0.0,5.577571405683245,4.506142834254673,0.3216499984264374,0.0,0.0,0.0,6.9577940590679646,0.0222555510699749,0.0,0.0,0.0,0.0222555510699749,205.0,-4.599974632263184,-0.0222555510699749
21.617507934570312,169.66831970214844,0.0,0.0,0.0,0.0,0.0,0.7227176537397153,-0.0,0.0,5.593357167925153,4.521928596496582,0.3222000002861023,0.0,0.0,0.0,7.227176429703832,0.024973629042506218,0.0,0.0,0.0,0.024973629042506218,206.0,-4.599842071533203,-0.024973629042506218
21.624258041381836,171.162841796875,0.0,0.0,0.0,0.0,0.0,0.6740947775640677,-0.0,0.0,5.589857183183942,4.518428611755371,0.30810999870300293,0.0,0.0,0.0,6.740947675192729,0.0037422662135213614,0.0,0.0,0.0037422662135213614,0.0,207.0,-4.599042892456055,0.0037422662135213614
21.634145736694336,170.49160766601562,0.0,0.0,0.0,0.0,0.0,0.5723181914138523,-0.0,0.0,5.568214225769043,4.496785654340472,0.3182229995727539,0.0,0.0,0.0,5.723181828856468,0.01769484579563141,0.0,0.0,0.01769484579563141,0.0,208.0,-4.598296165466309,0.01769484579563141
21.655675888061523,169.82037353515625,0.0,0.0,0.0,0.0,0.0,0.43313375015756106,-0.0,0.0,5.531571469988141,4.46014289855957,0.3080269992351532,0.0,0.0,0.0,4.331337437033653,0.026085391640663147,0.0,0.0,0.026085391640663147,0.0,209.0,-4.5992350578308105,0.026085391640663147
21.684070587158203,169.14913940429688,0.0,0.0,0.0,0.0,0.0,0.2704741848423955,-0.0,0.0,5.493214280264718,4.421785708836147,0.37723100185394287,0.0,0.0,0.0,2.7047418081201613,0.007427362259477377,0.0,0.0,0.0,0.007427362259477377,210.0,-4.5995659828186035,-0.007427362259477377
21.690820693969727,169.10775756835938,0.0,0.0,0.0,0.0,0.0,0.07772064026773928,-0.0,0.0,5.450571414402553,4.379142842973981,0.49322599172592163,0.0,0.0,0.0,0.7772063910961151,0.1564675271511078,0.0,0.0,0.0,0.1564675271511078,211.0,-4.599998950958252,-0.1564675271511078
21.69757080078125,170.6202850341797,0.0,0.0,0.0,0.0,0.0,-0.040415636565909185,-0.0,0.0,5.385928508213588,4.314499936785017,0.3467499911785126,0.0,0.09874799847602844,0.0,0.0,0.0,0.0359707847237587,0.0,0.0,0.0359707847237587,212.0,-4.5997114181518555,-0.0359707847237587
21.704320907592773,172.92539978027344,0.0,0.0,0.0,0.0,0.0,-0.13241261993498066,-0.0,0.0,5.318071447099958,4.2466428756713865,0.0,0.0,0.37415799498558044,0.0,0.0,0.0,0.0672173872590065,0.0,0.0,0.0672173872590065,213.0,-4.59991979598999,-0.0672173872590065
21.711071014404297,167.59539794921875,0.0,0.0,0.0,0.0,0.0,-0.12679568287911724,-0.0,0.0,5.304785673958914,4.233357102530343,0.0,0.0,0.3562360107898712,0.0,0.0,0.0,0.06641624867916107,0.0,0.0,0.06641624867916107,214.0,-4.599853992462158,-0.06641624867916107
21.71782112121582,172.3163299560547,0.0,0.0,0.0,0.0,0.0,-0.1175228657334193,-0.0,0.0,5.249785777500698,4.178357206072127,0.0,0.0,0.36024099588394165,0.0,0.0,0.0,0.03150187432765961,0.0,0.0,0.03150187432765961,215.0,-4.599699020385742,-0.03150187432765961
21.724571228027344,174.16941833496094,0.0,0.0,0.0,0.0,0.0,-0.09061820229177966,-0.0,0.0,5.17735721043178,4.105928639003208,0.0,0.0,0.29989999532699585,0.0,0.0,0.0,0.0021606669761240482,0.0,0.0,0.0021606669761240482,216.0,-4.599258899688721,-0.0021606669761240482
21.71782112121582,173.66831970214844,0.0,0.0,0.0,0.0,0.0,-0.06920135044734071,-0.0,0.0,5.1227142606462746,4.051285689217703,0.0,0.0,0.22134600579738617,0.0,0.0,0.0,0.009325153194367886,0.0,0.0,0.009325153194367886,217.0,-4.599265098571777,-0.009325153194367886
21.711071014404297,173.72161865234375,0.0,0.0,0.0,0.0,0.0,-0.05777595822243714,-0.0,0.0,5.0810000010899135,4.009571429661342,0.0,0.0,0.18902599811553955,0.0,0.0,0.0,0.0035605216398835182,0.0,0.0,0.0035605216398835182,218.0,-4.599015712738037,-0.0035605216398835182
21.704320907592773,173.3241729736328,0.0,0.0,0.0,0.0,0.0,-0.052862777100390196,-0.0,0.0,5.04728570665632,3.9758571352277485,0.0,0.0,0.17225700616836548,0.0,0.0,0.0,0.003952243831008673,0.0,0.0,0.003952243831008673,219.0,-4.599537372589111,-0.003952243831008673
21.69757080078125,172.9542999267578,0.0,0.0,0.0,0.0,0.0,-0.04907796950451404,-0.0,0.0,5.013571412222726,3.942142840794155,0.0,0.0,0.15967600047588348,0.0,0.0,0.0,0.003917224705219269,0.0,0.003917224705219269,0.0,220.0,-4.599681377410889,0.003917224705219269
21.693767547607422,172.28306579589844,0.0,0.0,0.0,0.0,0.0,-0.04999068280024055,-0.0,0.0,4.980928639003208,3.909500067574637,0.0,0.0,0.15532000362873077,0.0,0.0,0.0,0.011315599083900452,0.0,0.011315599083900452,0.0,221.0,-4.599816799163818,0.011315599083900452
21.695472717285156,171.61183166503906,0.0,0.0,0.0,0.0,0.0,-0.051747913107192955,-0.0,0.0,4.96278566632952,3.8913570949009486,0.007600000128149986,0.0,0.15390300750732422,0.0,0.0,0.0,0.018590029329061508,0.0,0.018590029329061508,0.0,222.0,-4.599907398223877,0.018590029329061508
21.70256233215332,170.9405975341797,0.0,0.0,0.0,0.0,0.0,0.036800110259840035,-0.0,0.0,5.053499984741211,3.9820714133126396,0.18425999581813812,0.0,0.0,0.0,0.3680010971147567,0.0015888873022049665,0.0,0.0,0.0015888873022049665,0.0,223.0,-4.599953651428223,0.0015888873022049665
21.697017669677734,170.2693634033203,0.0,0.0,0.0,0.0,0.0,0.14788788479399506,-0.0,0.0,5.137714331490653,4.066285760062081,0.2739329934120178,0.0,0.0,0.0,1.4788788259029388,0.13008823990821838,0.0,0.0,0.0,0.13008823990821838,224.0,-4.599998950958252,-0.13008823990821838
21.69026756286621,170.85723876953125,0.0,0.0,0.0,0.0,0.0,0.2773538928829713,-0.0,0.0,5.2270714351109095,4.155642863682338,0.3082900047302246,0.0,0.0,0.0,2.773538887500763,0.5585710406303406,0.0,0.0,0.0,0.5585710406303406,225.0,-4.5999979972839355,-0.5585710406303406
21.697017669677734,166.90460205078125,0.0,0.0,0.0,0.0,0.0,0.47228957075312084,-0.0,0.0,5.3640713827950615,4.292642811366489,0.31154200434684753,0.0,0.0,0.0,4.722895637154579,0.05661247670650482,0.0,0.0,0.0,0.05661247670650482,226.0,-4.599997043609619,-0.05661247670650482
21.703767776489258,167.39968872070312,0.0,0.0,0.0,0.0,0.0,0.5574584831663739,-0.0,0.0,5.4572143009730745,4.385785729544503,0.3106450140476227,0.0,0.0,0.0,5.574584748595953,0.034219954162836075,0.0,0.0,0.034219954162836075,0.0,227.0,-4.599995136260986,0.034219954162836075
21.738529205322266,166.72845458984375,0.0,0.0,0.0,0.0,0.0,0.599754586439648,-0.0,0.0,5.5137857164655415,4.442357145036969,0.3001460134983063,0.0,0.0,0.0,5.997545775026083,0.024558011442422867,0.0,0.0,0.024558011442422867,0.0,228.0,-4.599994659423828,0.024558011442422867
21.76559066772461,166.05722045898438,0.0,0.0,0.0,0.0,0.0,0.5625888073830128,-0.0,0.0,5.530857167925153,4.459428596496582,0.3103350102901459,0.0,0.0,0.0,5.625887989997864,0.4401768445968628,0.0,0.0,0.0,0.4401768445968628,229.0,-4.599999904632568,-0.4401768445968628
21.772340774536133,167.27285766601562,0.0,0.0,0.0,0.0,0.0,0.5592266851548355,-0.0,0.0,5.536928531101772,4.4654999596732,0.3222000002861023,0.0,0.0,0.0,5.592266768217087,0.2234833538532257,0.0,0.0,0.0,0.2234833538532257,230.0,-4.599999904632568,-0.2234833538532257
21.779090881347656,166.8731231689453,0.0,0.0,0.0,0.0,0.0,0.5062503398396124,-0.0,0.0,5.532499940054757,4.461071368626186,0.30810999870300293,0.0,0.0,0.0,5.062503322958946,0.07288695871829987,0.0,0.0,0.0,0.07288695871829987,231.0,-4.59999942779541,-0.07288695871829987
21.78584098815918,164.3455810546875,0.0,0.0,0.0,0.0,0.0,0.3849641188601272,-0.0,0.0,5.519785690307617,4.448357118879046,0.3182229995727539,0.0,0.0,0.0,3.8496411312371492,0.022585583850741386,0.0,0.0,0.0,0.022585583850741386,232.0,-4.599827766418457,-0.022585583850741386
21.792591094970703,165.60113525390625,0.0,0.0,0.0,0.0,0.0,0.31961809734477614,-0.0,0.0,5.514142799377441,4.44271422794887,0.3080269992351532,0.0,0.0,0.0,3.196180925820954,0.0012921233428642154,0.0,0.0,0.0,0.0012921233428642154,233.0,-4.59970760345459,-0.0012921233428642154
21.799341201782227,165.0399932861328,0.0,0.0,0.0,0.0,0.0,0.1723658050949246,-0.0,0.0,5.494357190813337,4.4229286193847654,0.37723100185394287,0.0,0.0,0.0,1.72365802526474,0.028060853481292725,0.0,0.0,0.0,0.028060853481292725,234.0,-4.599772930145264,-0.028060853481292725
21.80609130859375,166.74896240234375,0.0,0.0,0.0,0.0,0.0,0.020402331954275543,-0.0,0.0,5.450571414402553,4.379142842973981,0.5361769795417786,0.0,0.0,0.0,0.2040233165025711,0.10054968297481537,0.0,0.0,0.0,0.10054968297481537,235.0,-4.59985876083374,-0.10054968297481537
21.812841415405273,174.522216796875,0.0,0.0,0.0,0.0,0.0,-0.3649182077216384,-0.0,0.0,5.384428514753069,4.312999943324497,0.1899999976158142,0.0,0.9557220339775085,0.0,0.0,0.0,0.2606719434261322,0.0,0.0,0.2606719434261322,236.0,-4.599999904632568,-0.2606719434261322
21.819591522216797,174.94569396972656,0.0,0.0,0.0,0.0,0.0,-0.1427739406858458,-0.0,0.0,5.311714254106794,4.2402856826782225,0.0,0.0,0.457161009311676,0.0,0.0,0.0,0.01875210739672184,0.0,0.0,0.01875210739672184,237.0,-4.599632263183594,-0.01875210739672184
21.82634162902832,175.7993927001953,0.0,0.0,0.0,0.0,0.0,-0.10784356300842499,-0.0,0.0,5.277428572518485,4.2060000010899135,0.0,0.0,0.3562360107898712,0.0,0.0,0.0,0.003242518287152052,0.0,0.003242518287152052,0.0,238.0,-4.599431991577148,0.003242518287152052
21.83565902709961,175.12815856933594,0.0,0.0,0.0,0.0,0.0,-0.12369719378440336,-0.0,0.0,5.248785781860351,4.17735721043178,0.0,0.0,0.36024099588394165,0.0,0.0,0.0,0.05208296701312065,0.0,0.0,0.05208296701312065,239.0,-4.599963665008545,-0.05208296701312065
21.842409133911133,169.69813537597656,0.0,0.0,0.0,0.0,0.0,-0.10535499499658707,-0.0,0.0,5.215785653250558,4.144357081821987,0.0,0.0,0.29989999532699585,0.0,0.0,0.0,0.05128330737352371,0.0,0.0,0.05128330737352371,240.0,-4.599669933319092,-0.05128330737352371
21.83565902709961,173.10292053222656,0.0,0.0,0.0,0.0,0.0,-0.07094855124795629,-0.0,0.0,5.17735721043178,4.105928639003208,0.0,0.0,0.22134600579738617,0.0,0.0,0.0,0.015149155631661415,0.0,0.0,0.015149155631661415,241.0,-4.599273681640625,-0.015149155631661415
21.828908920288086,173.6245880126953,0.0,0.0,0.0,0.0,0.0,-0.059134318328522284,-0.0,0.0,5.285214233398437,4.213785661969866,0.0,0.0,0.18902599811553955,0.0,0.0,0.0,0.008088388480246067,0.0,0.0,0.008088388480246067,242.0,-4.5989603996276855,-0.008088388480246067
21.83565902709961,173.60699462890625,0.0,0.0,0.0,0.0,0.0,-0.0548945174013879,-0.0,0.0,5.252642849513462,4.181214278084891,0.0,0.0,0.17225700616836548,0.0,0.0,0.0,0.01072471123188734,0.0,0.0,0.01072471123188734,243.0,-4.599627494812012,-0.01072471123188734
21.842409133911133,173.79574584960938,0.0,0.0,0.0,0.0,0.0,-0.04809601749488773,-0.0,0.0,5.2172142573765345,4.145785685947963,0.0,0.0,0.15967600047588348,0.0,0.0,0.0,0.0006440514698624611,0.0,0.0,0.0006440514698624611,244.0,-4.599775791168213,-0.0006440514698624611
21.83565902709961,173.17572021484375,0.0,0.0,0.0,0.0,0.0,-0.04839570686675926,-0.0,0.0,5.18499995640346,4.113571384974888,0.0,0.0,0.15532000362873077,0.0,0.0,0.0,0.005999012850224972,0.0,0.005999012850224972,0.0,245.0,-4.599863052368164,0.005999012850224972
21.833574295043945,172.50448608398438,0.0,0.0,0.0,0.0,0.0,-0.05211854718972425,-0.0,0.0,5.160928535461426,4.089499964032854,0.0,0.0,0.16155500710010529,0.0,0.0,0.0,0.012173476628959179,0.0,0.012173476628959179,0.0,246.0,-4.599918365478516,0.012173476628959179
21.83624839782715,171.833251953125,0.0,0.0,0.0,0.0,0.0,0.005906064756677518,-0.0,0.0,5.192142840794155,4.120714269365584,0.18452000617980957,0.0,0.0,0.0,0.05906064668670297,0.0024693473242223263,0.0,0.0,0.0024693473242223263,0.0,247.0,-4.5999369621276855,0.0024693473242223263
21.8314208984375,171.16201782226562,0.0,0.0,0.0,0.0,0.0,0.12115191811549539,-0.0,0.0,5.274214281354632,4.20278570992606,0.2745420038700104,0.0,0.0,0.0,1.2115191631019115,0.028238851577043533,0.0,0.0,0.0,0.028238851577043533,248.0,-4.599980354309082,-0.028238851577043533
21.838171005249023,172.76686096191406,0.0,0.0,0.0,0.0,0.0,0.29832053023681826,-0.0,0.0,5.3837857382638115,4.312357166835239,0.3090609908103943,0.0,0.0,0.0,2.9832052579149604,0.0070837149396538734,0.0,0.0,0.0070837149396538734,0.0,249.0,-4.599964141845703,0.0070837149396538734
21.85064125061035,172.0956268310547,0.0,0.0,0.0,0.0,0.0,0.4501715924616394,-0.0,0.0,5.5490000043596535,4.477571432931082,0.3126719892024994,0.0,0.0,0.0,4.501715857535601,0.04961184784770012,0.0,0.0,0.04961184784770012,0.0,250.0,-4.599977493286133,0.04961184784770012
21.898685455322266,171.4243927001953,0.0,0.0,0.0,0.0,0.0,0.5688539451934984,-0.0,0.0,5.629857145036969,4.558428573608398,0.31210699677467346,0.0,0.0,0.0,5.688539367169142,0.06225361302495003,0.0,0.0,0.06225361302495003,0.0,251.0,-4.599982261657715,0.06225361302495003
21.9580078125,170.75315856933594,0.0,0.0,0.0,0.0,0.0,0.6410437336719591,-0.0,0.0,5.679714284624372,4.608285713195801,0.30158498883247375,0.0,0.0,0.0,6.410437241196632,0.04247747361660004,0.0,0.0,0.04247747361660004,0.0,252.0,-4.5999603271484375,0.04247747361660004
22.000946044921875,170.08192443847656,0.0,0.0,0.0,0.0,0.0,0.6762937263778406,-0.0,0.0,5.718571472167969,4.647142900739397,0.31174200773239136,0.0,0.0,0.0,6.762937163002789,0.008520985953509808,0.0,0.0,0.008520985953509808,0.0,253.0,-4.599846839904785,0.008520985953509808
22.015005111694336,169.4106903076172,0.0,0.0,0.0,0.0,0.0,0.687174972514435,-0.0,0.0,5.7477142606462746,4.676285689217703,0.32358500361442566,0.0,0.0,0.0,6.871749622747302,0.011365192010998726,0.0,0.0,0.0,0.011365192010998726,254.0,-4.599295616149902,-0.011365192010998726
22.02175521850586,169.7587127685547,0.0,0.0,0.0,0.0,0.0,0.6508134622713693,-0.0,0.0,5.7612143380301335,4.689785766601562,0.3094879984855652,0.0,0.0,0.0,6.508134525734931,0.003377276938408613,0.0,0.0,0.003377276938408613,0.0,255.0,-4.5979790687561035,0.003377276938408613
22.031423568725586,169.0874786376953,0.0,0.0,0.0,0.0,0.0,0.5498120242701772,-0.0,0.0,5.754714230128696,4.683285658700125,0.3196069896221161,0.0,0.0,0.0,5.4981201607733965,0.020972875878214836,0.0,0.0,0.020972875878214836,0.0,256.0,-4.598474979400635,0.020972875878214836
22.056278228759766,168.41624450683594,0.0,0.0,0.0,0.0,0.0,0.41001790329840626,-0.0,0.0,5.733928625924246,4.662500054495675,0.3094800114631653,0.0,0.0,0.0,4.100178971886635,0.03824113309383392,0.0,0.0,0.0,0.03824113309383392,257.0,-4.599969863891602,-0.03824113309383392
22.06302833557129,163.64369201660156,0.0,0.0,0.0,0.0,0.0,0.23031190082895603,-0.0,0.0,5.694357136317661,4.62292856488909,0.37903499603271484,0.0,0.0,0.0,2.303118973970413,0.045296162366867065,0.0,0.0,0.0,0.045296162366867065,258.0,-4.599814414978027,-0.045296162366867065
22.069778442382812,166.9883575439453,0.0,0.0,0.0,0.0,0.0,0.044521528400801536,-0.0,0.0,5.627357155936105,4.555928584507534,0.4963169991970062,0.0,0.0,0.0,0.44521527737379074,0.08161766082048416,0.0,0.0,0.0,0.08161766082048416,259.0,-4.59981107711792,-0.08161766082048416
22.076528549194336,173.44834899902344,0.0,0.0,0.0,0.0,0.0,-0.12173925823923959,-0.0,0.0,5.501642853873117,4.430214282444545,0.06080000102519989,0.0,0.39103198051452637,0.0,0.0,0.0,0.014765530824661255,0.0,0.0,0.014765530824661255,260.0,-4.599573135375977,-0.014765530824661255
22.08327865600586,174.03163146972656,0.0,0.0,0.0,0.0,0.0,-0.11799869885166264,-0.0,0.0,5.430071367536272,4.3586427961077,0.0,0.0,0.38568899035453796,0.0,0.0,0.0,0.0076399901881814,0.0,0.0,0.0076399901881814,261.0,-4.5995564460754395,-0.0076399901881814
22.090028762817383,173.9990234375,0.0,0.0,0.0,0.0,0.0,-0.11477071689151574,-0.0,0.0,5.39799998147147,4.326571410042899,0.0,0.0,0.3717319965362549,0.0,0.0,0.0,0.010837044566869736,0.0,0.0,0.010837044566869736,262.0,-4.599627494812012,-0.010837044566869736
22.096778869628906,174.22698974609375,0.0,0.0,0.0,0.0,0.0,-0.11326308388501224,-0.0,0.0,5.373142869131906,4.3017142977033345,0.0,0.0,0.3732230067253113,0.0,0.0,0.0,0.004320591222494841,0.0,0.0,0.004320591222494841,263.0,-4.599586009979248,-0.004320591222494841
22.10352897644043,173.91220092773438,0.0,0.0,0.0,0.0,0.0,-0.0909792152063732,-0.0,0.0,5.348785754612514,4.277357183183943,0.0,0.0,0.30289798974990845,0.0,0.0,0.0,0.0003660488873720169,0.0,0.0,0.0003660488873720169,264.0,-4.599280834197998,-0.0003660488873720169
22.110279083251953,173.27099609375,0.0,0.0,0.0,0.0,0.0,-0.07028091028207173,-0.0,0.0,5.3164285387311665,4.244999967302595,0.0,0.0,0.22134600579738617,0.0,0.0,0.0,0.01292368583381176,0.0,0.0,0.01292368583381176,265.0,-4.599208354949951,-0.01292368583381176
22.117029190063477,173.65188598632812,0.0,0.0,0.0,0.0,0.0,-0.05933696760955315,-0.0,0.0,5.2779999596732,4.206571388244629,0.0,0.0,0.18902599811553955,0.0,0.0,0.0,0.00876388605684042,0.0,0.0,0.00876388605684042,266.0,-4.598893642425537,-0.00876388605684042
22.123779296875,173.6876678466797,0.0,0.0,0.0,0.0,0.0,-0.05459155517559461,-0.0,0.0,5.2392142977033345,4.167785726274763,0.0,0.0,0.17225700616836548,0.0,0.0,0.0,0.009714837186038494,0.0,0.0,0.009714837186038494,267.0,-4.5995378494262695,-0.009714837186038494
22.130529403686523,173.79293823242188,0.0,0.0,0.0,0.0,0.0,-0.04793846620747305,-0.0,0.0,5.204000009809222,4.1325714383806496,0.0,0.0,0.15967600047588348,0.0,0.0,0.0,0.00011888053268194199,0.0,0.0,0.00011888053268194199,268.0,-4.599725246429443,-0.00011888053268194199
22.123779296875,173.13113403320312,0.0,0.0,0.0,0.0,0.0,-0.04852852329663024,-0.0,0.0,5.176142910548618,4.104714339120047,0.0,0.0,0.15532000362873077,0.0,0.0,0.0,0.00644173426553607,0.0,0.00644173426553607,0.0,269.0,-4.599825382232666,0.00644173426553607
22.12203025817871,172.45989990234375,0.0,0.0,0.0,0.0,0.0,-0.05214298071783696,-0.0,0.0,5.157428550720215,4.0859999792916435,0.0,0.0,0.16155500710010529,0.0,0.0,0.0,0.012254921719431877,0.0,0.012254921719431877,0.0,270.0,-4.599900245666504,0.012254921719431877
22.1247615814209,171.78866577148438,0.0,0.0,0.0,0.0,0.0,0.00023300922822966016,-0.0,0.0,5.190142849513462,4.118714278084891,0.18452000617980957,0.0,0.0,0.0,0.0023300922475755215,0.004099907819181681,0.0,0.0,0.004099907819181681,0.0,271.0,-4.599920749664307,0.004099907819181681
22.121204376220703,171.117431640625,0.0,0.0,0.0,0.0,0.0,0.1196456308610086,-0.0,0.0,5.27528566632952,4.203857094900949,0.2745420038700104,0.0,0.0,0.0,1.196456290781498,0.028101705014705658,0.0,0.0,0.0,0.028101705014705658,272.0,-4.599973678588867,-0.028101705014705658
22.127954483032227,172.71180725097656,0.0,0.0,0.0,0.0,0.0,0.30226694637562246,-0.0,0.0,5.394285692487444,4.322857121058872,0.3090609908103943,0.0,0.0,0.0,3.0226694187149405,0.007519618608057499,0.0,0.0,0.007519618608057499,0.0,273.0,-4.59995698928833,0.007519618608057499
22.140789031982422,172.0405731201172,0.0,0.0,0.0,0.0,0.0,0.4579950225799533,-0.0,0.0,5.545571408952985,4.474142837524414,0.3126719892024994,0.0,0.0,0.0,4.5799501575529575,0.049277957528829575,0.0,0.0,0.049277957528829575,0.0,274.0,-4.599974632263184,0.049277957528829575
22.18852996826172,171.3693389892578,0.0,0.0,0.0,0.0,0.0,0.580219267013956,-0.0,0.0,5.620785658700125,4.549357087271554,0.31210699677467346,0.0,0.0,0.0,5.802192583680153,0.059750184416770935,0.0,0.0,0.059750184416770935,0.0,275.0,-4.599979400634766,0.059750184416770935
22.245656967163086,170.69810485839844,0.0,0.0,0.0,0.0,0.0,0.655328624774942,-0.0,0.0,5.667500032697405,4.596071461268833,0.30158498883247375,0.0,0.0,0.0,6.553286150097847,0.037378713488578796,0.0,0.0,0.037378713488578796,0.0,276.0,-4.599956512451172,0.037378713488578796
22.284183502197266,170.02687072753906,0.0,0.0,0.0,0.0,0.0,0.6723827097174928,-0.0,0.0,5.6975000381469725,4.626071466718401,0.31174200773239136,0.0,0.0,0.0,6.723826996982098,0.06663072854280472,0.0,0.0,0.0,0.06663072854280472,277.0,-4.599991321563721,-0.06663072854280472
22.29093360900879,167.74501037597656,0.0,0.0,0.0,0.0,0.0,0.6510019920915661,-0.0,0.0,5.709785679408482,4.63835710797991,0.32358500361442566,0.0,0.0,0.0,6.510019823908806,0.01589532196521759,0.0,0.0,0.0,0.01589532196521759,278.0,-4.599619388580322,-0.01589532196521759
22.297683715820312,168.48773193359375,0.0,0.0,0.0,0.0,0.0,0.5786191699634368,-0.0,0.0,5.707142911638532,4.635714340209961,0.3094879984855652,0.0,0.0,0.0,5.7861916134133935,0.006170122884213924,0.0,0.0,0.006170122884213924,0.0,279.0,-4.598944664001465,0.006170122884213924
22.309715270996094,167.81649780273438,0.0,0.0,0.0,0.0,0.0,0.44395570764624626,-0.0,0.0,5.6888571602957585,4.617428588867187,0.3196069896221161,0.0,0.0,0.0,4.439557010307908,0.021236008033156395,0.0,0.0,0.021236008033156395,0.0,280.0,-4.59834098815918,0.021236008033156395
22.33458709716797,167.145263671875,0.0,0.0,0.0,0.0,0.0,0.2784392223274591,-0.0,0.0,5.652071489606585,4.580642918178013,0.3094800114631653,0.0,0.0,0.0,2.7843921817839146,0.017378028482198715,0.0,0.0,0.017378028482198715,0.0,281.0,-4.599424839019775,0.017378028482198715
22.356069564819336,166.47402954101562,0.0,0.0,0.0,0.0,0.0,0.13440099763722713,-0.0,0.0,5.600285748073032,4.528857176644461,0.37903499603271484,0.0,0.0,0.0,1.3440099563449621,0.007855096831917763,0.0,0.0,0.0,0.007855096831917763,282.0,-4.5996294021606445,-0.007855096831917763
22.36281967163086,166.48504638671875,0.0,0.0,0.0,0.0,0.0,0.014639218369710716,-0.0,0.0,5.536642837524414,4.465214266095843,0.4963169991970062,0.0,0.0,0.0,0.14639218151569366,0.08024080097675323,0.0,0.0,0.0,0.08024080097675323,283.0,-4.599847316741943,-0.08024080097675323
22.369569778442383,172.68515014648438,0.0,0.0,0.0,0.0,0.0,-0.13338456423121925,-0.0,0.0,5.445000049046108,4.373571477617536,0.030400000512599945,0.0,0.4214319884777069,0.0,0.0,0.0,0.02318320795893669,0.0,0.0,0.02318320795893669,284.0,-4.59965705871582,-0.02318320795893669
22.376319885253906,173.95843505859375,0.0,0.0,0.0,0.0,0.0,-0.11816149693127442,-0.0,0.0,5.398071370806012,4.326642799377441,0.0,0.0,0.38568899035453796,0.0,0.0,0.0,0.008182650431990623,0.0,0.0,0.008182650431990623,285.0,-4.599611282348633,-0.008182650431990623
22.38306999206543,173.96617126464844,0.0,0.0,0.0,0.0,0.0,-0.11500820303989245,-0.0,0.0,5.365071378435407,4.293642807006836,0.0,0.0,0.3717319965362549,0.0,0.0,0.0,0.011628665030002594,0.0,0.0,0.011628665030002594,286.0,-4.599661350250244,-0.011628665030002594
22.389820098876953,174.2524871826172,0.0,0.0,0.0,0.0,0.0,-0.11355549343399163,-0.0,0.0,5.322142818995884,4.250714247567313,0.0,0.0,0.3732230067253113,0.0,0.0,0.0,0.005295289680361748,0.0,0.0,0.005295289680361748,287.0,-4.599608898162842,-0.005295289680361748
22.396570205688477,174.01292419433594,0.0,0.0,0.0,0.0,0.0,-0.09131071103822767,-0.0,0.0,5.282571465628488,4.2111428941999165,0.0,0.0,0.30289798974990845,0.0,0.0,0.0,0.0014710349496454,0.0,0.0,0.0014710349496454,288.0,-4.599294662475586,-0.0014710349496454
22.4033203125,173.4604949951172,0.0,0.0,0.0,0.0,0.0,-0.07014890424257125,-0.0,0.0,5.244214275905064,4.172785704476492,0.0,0.0,0.22134600579738617,0.0,0.0,0.0,0.012483665719628334,0.0,0.0,0.012483665719628334,289.0,-4.599044322967529,-0.012483665719628334
22.396570205688477,173.7882843017578,0.0,0.0,0.0,0.0,0.0,-0.05879631345965211,-0.0,0.0,5.2170714787074495,4.145642907278878,0.0,0.0,0.18902599811553955,0.0,0.0,0.0,0.006961705628782511,0.0,0.0,0.006961705628782511,290.0,-4.598717212677002,-0.006961705628782511
22.389820098876953,173.67054748535156,0.0,0.0,0.0,0.0,0.0,-0.054189547907642355,-0.0,0.0,5.20314279283796,4.131714221409389,0.0,0.0,0.17225700616836548,0.0,0.0,0.0,0.008374813012778759,0.0,0.0,0.008374813012778759,291.0,-4.599415302276611,-0.008374813012778759
22.38306999206543,173.6629180908203,0.0,0.0,0.0,0.0,0.0,-0.04818815724554282,-0.0,0.0,5.1973571232386995,4.125928551810128,0.0,0.0,0.15967600047588348,0.0,0.0,0.0,0.0009511839598417282,0.0,0.0,0.0009511839598417282,292.0,-4.5996575355529785,-0.0009511839598417282
22.376319885253906,173.06695556640625,0.0,0.0,0.0,0.0,0.0,-0.04821851468395741,-0.0,0.0,5.189714241027832,4.118285669599261,0.0,0.0,0.15532000362873077,0.0,0.0,0.0,0.005408372264355421,0.0,0.005408372264355421,0.0,293.0,-4.599782466888428,0.005408372264355421
22.373779296875,172.39572143554688,0.0,0.0,0.0,0.0,0.0,-0.05171198407782046,-0.0,0.0,5.180999973842075,4.109571402413504,0.0,0.0,0.16155500710010529,0.0,0.0,0.0,0.010818266309797764,0.0,0.010818266309797764,0.0,294.0,-4.5998735427856445,0.010818266309797764
22.375436782836914,171.7244873046875,0.0,0.0,0.0,0.0,0.0,-0.05024572512490444,-0.0,0.0,5.177642904009137,4.106214332580566,0.02565000019967556,0.0,0.15887001156806946,0.0,0.0,0.0,0.008615732192993164,0.0,0.008615732192993164,0.0,295.0,-4.599887847900391,0.008615732192993164
22.375377655029297,171.05325317382812,0.0,0.0,0.0,0.0,0.0,0.01774522930749102,-0.0,0.0,5.193785749162946,4.122357177734375,0.2745420038700104,0.0,0.0,0.0,0.17745229043066502,0.008755719289183617,0.0,0.0,0.0,0.008755719289183617,296.0,-4.599891185760498,-0.008755719289183617
22.368627548217773,171.07423400878906,0.0,0.0,0.0,0.0,0.0,0.18329270308155865,-0.0,0.0,5.242642893110003,4.171214321681431,0.3090609908103943,0.0,0.0,0.0,1.8329270035028458,0.09811185300350189,0.0,0.0,0.0,0.09811185300350189,297.0,-4.599980354309082,-0.09811185300350189
22.36187744140625,171.0800323486328,0.0,0.0,0.0,0.0,0.0,0.3955020518303222,-0.0,0.0,5.311499949863979,4.240071378435408,0.3126719892024994,0.0,0.0,0.0,3.955020459368825,0.025357453152537346,0.0,0.0,0.025357453152537346,0.0,298.0,-4.599967956542969,0.025357453152537346
22.388830184936523,170.0579376220703,0.0,0.0,0.0,0.0,0.0,0.5383973797916974,-0.0,0.0,5.387857110159738,4.3164285387311665,0.31210699677467346,0.0,0.0,0.0,5.383973717689514,0.042868971824645996,0.0,0.0,0.042868971824645996,0.0,299.0,-4.599984169006348,0.042868971824645996
22.430225372314453,169.38670349121094,0.0,0.0,0.0,0.0,0.0,0.6302872040165542,-0.0,0.0,5.459499985831124,4.388071414402553,0.30158498883247375,0.0,0.0,0.0,6.302871946245432,0.0246427021920681,0.0,0.0,0.0246427021920681,0.0,300.0,-4.599986553192139,0.0246427021920681
22.457155227661133,168.71546936035156,0.0,0.0,0.0,0.0,0.0,0.6670155283736515,-0.0,0.0,5.51335710797991,4.441928536551339,0.31174200773239136,0.0,0.0,0.0,6.670155184343457,0.013902528211474419,0.0,0.0,0.0,0.013902528211474419,301.0,-4.59996223449707,-0.013902528211474419
22.463905334472656,169.2285614013672,0.0,0.0,0.0,0.0,0.0,0.6446108930872513,-0.0,0.0,5.546928623744419,4.475500052315848,0.32358500361442566,0.0,0.0,0.0,6.446108834818006,0.016156179830431938,0.0,0.0,0.0,0.016156179830431938,302.0,-4.599864959716797,-0.016156179830431938
22.47065544128418,169.94403076171875,0.0,0.0,0.0,0.0,0.0,0.5645689747604574,-0.0,0.0,5.563999938964844,4.492571367536272,0.3094879984855652,0.0,0.0,0.0,5.645689663477242,0.0060723451897501945,0.0,0.0,0.0060723451897501945,0.0,303.0,-4.599485397338867,0.0060723451897501945
22.482473373413086,169.27279663085938,0.0,0.0,0.0,0.0,0.0,0.33967323092256824,-0.0,0.0,5.5517142977033345,4.480285726274762,0.3196069896221161,0.0,0.0,0.0,3.3967322586104274,0.01241071242839098,0.0,0.0,0.01241071242839098,0.0,304.0,-4.598990440368652,0.01241071242839098
22.49955940246582,168.6015625,0.0,0.0,0.0,0.0,0.0,0.19923716586809104,-0.0,0.0,5.531857163565499,4.460428592136928,0.3094800114631653,0.0,0.0,0.0,1.9923716289922595,0.007598330266773701,0.0,0.0,0.007598330266773701,0.0,305.0,-4.599462509155273,0.007598330266773701
22.512615203857422,167.93032836914062,0.0,0.0,0.0,0.0,0.0,0.047740573728316624,-0.0,0.0,5.488571384974888,4.417142813546317,0.37903499603271484,0.0,0.0,0.0,0.47740573016926646,0.0023592677898705006,0.0,0.0,0.0,0.0023592677898705006,306.0,-4.599486351013184,-0.0023592677898705006
22.519365310668945,167.45895385742188,0.0,0.0,0.0,0.0,0.0,-0.10513751924584369,-0.0,0.0,5.436214256286621,4.36478568485805,0.20899999141693115,0.0,0.2873170077800751,0.0,0.0,0.0,0.06314137578010559,0.0,0.0,0.06314137578010559,307.0,-4.5997748374938965,-0.06314137578010559
22.52611541748047,172.07315063476562,0.0,0.0,0.0,0.0,0.0,-0.14390842853122643,-0.0,0.0,5.403642872401646,4.3322143009730745,0.0,0.0,0.45183199644088745,0.0,0.0,0.0,0.02786274626851082,0.0,0.0,0.02786274626851082,308.0,-4.599685192108154,-0.02786274626851082
22.532865524291992,173.7168426513672,0.0,0.0,0.0,0.0,0.0,-0.11874886021634362,-0.0,0.0,5.388142803737095,4.316714232308524,0.0,0.0,0.38568899035453796,0.0,0.0,0.0,0.010140527971088886,0.0,0.0,0.010140527971088886,309.0,-4.599641799926758,-0.010140527971088886
22.539615631103516,173.88510131835938,0.0,0.0,0.0,0.0,0.0,-0.11522820761092317,-0.0,0.0,5.367071369716099,4.295642798287528,0.0,0.0,0.3717319965362549,0.0,0.0,0.0,0.012362013570964336,0.0,0.0,0.012362013570964336,310.0,-4.5996994972229,-0.012362013570964336
22.54636573791504,174.23226928710938,0.0,0.0,0.0,0.0,0.0,-0.11350687783487134,-0.0,0.0,5.325785718645368,4.254357147216797,0.0,0.0,0.3732230067253113,0.0,0.0,0.0,0.005133237689733505,0.0,0.0,0.005133237689733505,311.0,-4.599626064300537,-0.005133237689733505
22.553115844726562,173.9798583984375,0.0,0.0,0.0,0.0,0.0,-0.09135284016162253,-0.0,0.0,5.289857128688267,4.218428557259696,0.0,0.0,0.30289798974990845,0.0,0.0,0.0,0.0016114653553813696,0.0,0.0,0.0016114653553813696,312.0,-4.599316120147705,-0.0016114653553813696
22.559865951538086,173.43899536132812,0.0,0.0,0.0,0.0,0.0,-0.07019235211878416,-0.0,0.0,5.2699999945504326,4.1985714231218605,0.0,0.0,0.22134600579738617,0.0,0.0,0.0,0.012628491967916489,0.0,0.0,0.012628491967916489,313.0,-4.598977565765381,-0.012628491967916489
22.56661605834961,173.78460693359375,0.0,0.0,0.0,0.0,0.0,-0.05915400462588677,-0.0,0.0,5.252428545270647,4.180999973842075,0.0,0.0,0.18902599811553955,0.0,0.0,0.0,0.008154009468853474,0.0,0.0,0.008154009468853474,314.0,-4.598750591278076,-0.008154009468853474
22.559865951538086,173.76719665527344,0.0,0.0,0.0,0.0,0.0,-0.05445788868100987,-0.0,0.0,5.249571473257882,4.178142901829311,0.0,0.0,0.17225700616836548,0.0,0.0,0.0,0.009269282221794128,0.0,0.0,0.009269282221794128,315.0,-4.599371433258057,-0.009269282221794128
22.553115844726562,173.8386993408203,0.0,0.0,0.0,0.0,0.0,-0.048535667472384,-0.0,0.0,5.248714256286621,4.17728568485805,0.0,0.0,0.15967600047588348,0.0,0.0,0.0,0.0021095513366162777,0.0,0.0,0.0021095513366162777,316.0,-4.599627494812012,-0.0021095513366162777
22.54636573791504,173.3364715576172,0.0,0.0,0.0,0.0,0.0,-0.04788914373449055,-0.0,0.0,5.2587857382638115,4.187357166835239,0.0,0.0,0.15532000362873077,0.0,0.0,0.0,0.004310469143092632,0.0,0.004310469143092632,0.0,317.0,-4.599768161773682,0.004310469143092632
22.54301643371582,172.6652374267578,0.0,0.0,0.0,0.0,0.0,-0.07289879164690927,-0.0,0.0,5.26257141658238,4.191142845153808,0.0,0.0,0.16155500710010529,0.0,0.0,0.0,0.08144095540046692,0.0,0.0,0.08144095540046692,318.0,-4.599992752075195,-0.08144095540046692
22.536266326904297,171.01853942871094,0.0,0.0,0.0,0.0,0.0,-0.03455883670785493,-0.0,0.0,5.252428545270647,4.180999973842075,0.07124999910593033,0.0,0.11327000707387924,0.0,0.0,0.0,0.001926110708154738,0.0,0.0,0.001926110708154738,319.0,-4.599893093109131,-0.001926110708154738
22.529516220092773,170.5017547607422,0.0,0.0,0.0,0.0,0.0,0.07064508975513412,-0.0,0.0,5.272714287894113,4.2012857164655415,0.2745420038700104,0.0,0.0,0.0,0.7064508870244026,0.02600710839033127,0.0,0.0,0.0,0.02600710839033127,320.0,-4.599934101104736,-0.02600710839033127
22.536266326904297,171.9259796142578,0.0,0.0,0.0,0.0,0.0,0.20673835175839586,-0.0,0.0,5.2961427961077,4.224714224679129,0.3090609908103943,0.0,0.0,0.0,2.067383486777544,0.008055489510297775,0.0,0.0,0.0,0.008055489510297775,321.0,-4.599923610687256,-0.008055489510297775
22.54301643371582,171.9074249267578,0.0,0.0,0.0,0.0,0.0,0.3870908616049715,-0.0,0.0,5.293642807006836,4.222214235578265,0.3126719892024994,0.0,0.0,0.0,3.870908558368683,0.03156942129135132,0.0,0.0,0.03156942129135132,0.0,322.0,-4.599953651428223,0.03156942129135132
22.5748348236084,171.23619079589844,0.0,0.0,0.0,0.0,0.0,0.5834569053121939,-0.0,0.0,5.310285649980817,4.238857078552246,0.31210699677467346,0.0,0.0,0.0,5.834568966180086,0.028323661535978317,0.0,0.0,0.028323661535978317,0.0,323.0,-4.599972724914551,0.028323661535978317
22.604145050048828,170.56495666503906,0.0,0.0,0.0,0.0,0.0,0.7048429419193295,-0.0,0.0,5.324285725184849,4.252857153756278,0.30158498883247375,0.0,0.0,0.0,7.0484293141635135,0.0010854563442990184,0.0,0.0,0.0010854563442990184,0.0,324.0,-4.599980354309082,0.0010854563442990184
22.61176109313965,169.8937225341797,0.0,0.0,0.0,0.0,0.0,0.7535323128630564,-0.0,0.0,5.344857161385672,4.273428589957101,0.31174200773239136,0.0,0.0,0.0,7.535323016345501,0.0322347953915596,0.0,0.0,0.0,0.0322347953915596,325.0,-4.599978446960449,-0.0322347953915596
22.618511199951172,171.86431884765625,0.0,0.0,0.0,0.0,0.0,0.7366341387724001,-0.0,0.0,5.359500013078962,4.2880714416503904,0.32358500361442566,0.0,0.0,0.0,7.366341277956963,0.06967385113239288,0.0,0.0,0.0,0.06967385113239288,326.0,-4.599998474121094,-0.06967385113239288
22.625261306762695,169.03219604492188,0.0,0.0,0.0,0.0,0.0,0.690844420020944,-0.0,0.0,5.3607143129621235,4.289285741533552,0.3094879984855652,0.0,0.0,0.0,6.908444097265601,0.019168207421898842,0.0,0.0,0.0,0.019168207421898842,327.0,-4.599771022796631,-0.019168207421898842
22.63201141357422,169.937744140625,0.0,0.0,0.0,0.0,0.0,0.5292699322740723,-0.0,0.0,5.338142885480608,4.266714314052036,0.3196069896221161,0.0,0.0,0.0,5.292699243873358,0.046843621879816055,0.0,0.0,0.0,0.046843621879816055,328.0,-4.59999942779541,-0.046843621879816055
22.638761520385742,164.537109375,0.0,0.0,0.0,0.0,0.0,0.3092988698731939,-0.0,0.0,5.297214317321777,4.225785745893206,0.3094800114631653,0.0,0.0,0.0,3.0929886526428163,0.0051811509765684605,0.0,0.0,0.0,0.0051811509765684605,329.0,-4.599802017211914,-0.0051811509765684605
22.645511627197266,164.2857666015625,0.0,0.0,0.0,0.0,0.0,0.14265524119370043,-0.0,0.0,5.243285669599261,4.171857098170689,0.37903499603271484,0.0,0.0,0.0,1.426552390679717,0.024112606421113014,0.0,0.0,0.0,0.024112606421113014,330.0,-4.599878787994385,-0.024112606421113014
22.638761520385742,165.54373168945312,0.0,0.0,0.0,0.0,0.0,0.01876148534955807,-0.0,0.0,5.174928610665457,4.103500039236886,0.4963169991970062,0.0,0.0,0.0,0.18761485069990158,0.0741681233048439,0.0,0.0,0.0,0.0741681233048439,331.0,-4.599916458129883,-0.0741681233048439
22.63201141357422,170.7093048095703,0.0,0.0,0.0,0.0,0.0,-0.3433751510928129,-0.0,0.0,5.090357181004116,4.0189286095755445,0.014249999076128006,0.0,0.883529007434845,0.0,0.0,0.0,0.26105478405952454,0.0,0.0,0.26105478405952454,332.0,-4.599999904632568,-0.26105478405952454
22.625261306762695,171.94302368164062,0.0,0.0,0.0,0.0,0.0,-0.12016170576857332,-0.0,0.0,5.016785703386579,3.9453571319580076,0.0,0.0,0.38568899035453796,0.0,0.0,0.0,0.014850012958049774,0.0,0.0,0.014850012958049774,333.0,-4.599673271179199,-0.014850012958049774
22.618511199951172,172.39540100097656,0.0,0.0,0.0,0.0,0.0,-0.12766229794074269,-0.0,0.0,4.952142797197614,3.880714225769043,0.0,0.0,0.3717319965362549,0.0,0.0,0.0,0.05380897969007492,0.0,0.0,0.05380897969007492,334.0,-4.599942684173584,-0.05380897969007492
22.61176109313965,166.4286346435547,0.0,0.0,0.0,0.0,0.0,-0.1392807918997918,-0.0,0.0,4.902571487426758,3.8311429159981865,0.0,0.0,0.3732230067253113,0.0,0.0,0.0,0.0910462811589241,0.0,0.0,0.0910462811589241,335.0,-4.599949359893799,-0.0910462811589241
22.605010986328125,172.4468994140625,0.0,0.0,0.0,0.0,0.0,-0.09583881263539429,-0.0,0.0,4.882857131958008,3.8114285605294365,0.0,0.0,0.30289798974990845,0.0,0.0,0.0,0.016564706340432167,0.0,0.0,0.016564706340432167,336.0,-4.59956169128418,-0.016564706340432167
22.5982608795166,172.98648071289062,0.0,0.0,0.0,0.0,0.0,-0.06901504420176313,-0.0,0.0,4.8580000196184425,3.786571448189872,0.0,0.0,0.22134600579738617,0.0,0.0,0.0,0.00870413240045309,0.0,0.0,0.00870413240045309,337.0,-4.599143981933594,-0.00870413240045309
22.591510772705078,172.9473419189453,0.0,0.0,0.0,0.0,0.0,-0.05783406821320468,-0.0,0.0,4.855500030517578,3.7840714590890068,0.0,0.0,0.18902599811553955,0.0,0.0,0.0,0.0037542216014117002,0.0,0.0,0.0037542216014117002,338.0,-4.598855972290039,-0.0037542216014117002
22.584760665893555,172.54855346679688,0.0,0.0,0.0,0.0,0.0,-0.052475417977153396,-0.0,0.0,4.846071461268833,3.7746428898402624,0.0,0.0,0.17225700616836548,0.0,0.0,0.0,0.0026610468048602343,0.0,0.0026610468048602343,0.0,339.0,-4.599206924438477,0.0026610468048602343
22.579944610595703,171.8773193359375,0.0,0.0,0.0,0.0,0.0,-0.050293042087775075,-0.0,0.0,4.826214327130999,3.7547857557024273,0.0,0.0,0.15967600047588348,0.0,0.0,0.0,0.007967466488480568,0.0,0.007967466488480568,0.0,340.0,-4.599555492401123,0.007967466488480568
22.578962326049805,171.20608520507812,0.0,0.0,0.0,0.0,0.0,-0.051414694444922304,-0.0,0.0,4.79728570665632,3.725857135227748,0.0,0.0,0.15532000362873077,0.0,0.0,0.0,0.016062304377555847,0.0,0.016062304377555847,0.0,341.0,-4.59974479675293,0.016062304377555847
22.583770751953125,170.53485107421875,0.0,0.0,0.0,0.0,0.0,-0.054750048309566424,-0.0,0.0,4.773428589957101,3.7020000185285293,0.0,0.0,0.16155500710010529,0.0,0.0,0.0,0.020945146679878235,0.0,0.020945146679878235,0.0,342.0,-4.599871635437012,0.020945146679878235
22.592018127441406,169.86361694335938,0.0,0.0,0.0,0.0,0.0,-0.017000025254985673,-0.0,0.0,4.764285714285714,3.6928571428571426,0.1444000005722046,0.0,0.04012000560760498,0.0,0.0,0.0,0.016546742990612984,0.0,0.016546742990612984,0.0,343.0,-4.599869728088379,0.016546742990612984
22.59709358215332,169.1923828125,0.0,0.0,0.0,0.0,0.0,0.11953484892152022,-0.0,0.0,4.81507146017892,3.743642888750349,0.2745420038700104,0.0,0.0,0.0,1.195348471403122,0.08620956540107727,0.0,0.0,0.0,0.08620956540107727,344.0,-4.599989891052246,-0.08620956540107727
22.590343475341797,167.093505859375,0.0,0.0,0.0,0.0,0.0,0.3239399466505638,-0.0,0.0,4.8900000163487025,3.8185714449201313,0.3090609908103943,0.0,0.0,0.0,3.239399418234825,0.06628943979740143,0.0,0.0,0.0,0.06628943979740143,345.0,-4.599987506866455,-0.06628943979740143
22.583593368530273,171.27682495117188,0.0,0.0,0.0,0.0,0.0,0.5141250690687457,-0.0,0.0,4.958499990190778,3.887071418762207,0.3126719892024994,0.0,0.0,0.0,5.141250614076853,0.021877285093069077,0.0,0.0,0.0,0.021877285093069077,346.0,-4.599951267242432,-0.021877285093069077
22.57684326171875,172.23646545410156,0.0,0.0,0.0,0.0,0.0,0.6542326759246389,-0.0,0.0,5.02528566632952,3.9538570949009486,0.31210699677467346,0.0,0.0,0.0,6.542326661758125,0.010266092605888844,0.0,0.0,0.010266092605888844,0.0,347.0,-4.599911689758301,0.010266092605888844
22.577831268310547,171.5652313232422,0.0,0.0,0.0,0.0,0.0,0.7505632055075943,-0.0,0.0,5.09514285496303,4.023714283534458,0.30158498883247375,0.0,0.0,0.0,7.505631943233311,0.008432845585048199,0.0,0.0,0.0,0.008432845585048199,348.0,-4.599939823150635,-0.008432845585048199
22.571081161499023,171.54473876953125,0.0,0.0,0.0,0.0,0.0,0.7775238741565327,-0.0,0.0,5.15764285496303,4.086214283534458,0.39444199204444885,0.0,0.0,0.0,7.775238625705242,0.09151924401521683,0.0,0.0,0.0,0.09151924401521683,349.0,-4.59999942779541,-0.09151924401521683
22.5643310546875,169.39297485351562,0.0,0.0,0.0,0.0,0.0,0.7742572281398954,-0.0,0.0,5.207642909458706,4.136214338030134,0.37549999356269836,0.0,0.0,0.0,7.742572166025639,0.05287756770849228,0.0,0.0,0.0,0.05287756770849228,350.0,-4.599984645843506,-0.05287756770849228
22.557580947875977,172.9162139892578,0.0,0.0,0.0,0.0,0.0,0.7280784843948256,-0.0,0.0,5.243142890930176,4.171714319501604,0.3094879984855652,0.0,0.0,0.0,7.280784735456109,0.0002273228019475937,0.0,0.0,0.0,0.0002273228019475937,351.0,-4.599551677703857,-0.0002273228019475937
22.550830841064453,172.26316833496094,0.0,0.0,0.0,0.0,0.0,0.608267175529408,-0.0,0.0,5.264642797197614,4.193214225769043,0.3196069896221161,0.0,0.0,0.0,6.082671664655209,0.07767150551080704,0.0,0.0,0.0,0.07767150551080704,352.0,-4.599999904632568,-0.07767150551080704
22.54408073425293,165.74183654785156,0.0,0.0,0.0,0.0,0.0,0.4510972812935304,-0.0,0.0,5.274285670689174,4.202857099260603,0.3094800114631653,0.0,0.0,0.0,4.510972745716572,0.10339712351560593,0.0,0.0,0.0,0.10339712351560593,353.0,-4.599999904632568,-0.10339712351560593
22.550830841064453,162.935546875,0.0,0.0,0.0,0.0,0.0,0.23795475718311598,-0.0,0.0,5.263571412222726,4.192142840794155,0.37903499603271484,0.0,0.0,0.0,2.3795475363731384,0.04961758852005005,0.0,0.0,0.0,0.04961758852005005,354.0,-4.599910736083984,-0.04961758852005005
22.54408073425293,166.25341796875,0.0,0.0,0.0,0.0,0.0,0.040746538948216116,-0.0,0.0,5.219428552900042,4.14799998147147,0.4963169991970062,0.0,0.0,0.0,0.4074653834104538,0.13266749680042267,0.0,0.0,0.0,0.13266749680042267,355.0,-4.599996566772461,-0.13266749680042267
22.537330627441406,168.4809112548828,0.0,0.0,0.0,0.0,0.0,-0.13815959048905313,-0.0,0.0,5.086499977111816,4.015071405683245,0.03894999995827675,0.0,0.412882000207901,0.0,0.0,0.0,0.04764994978904724,0.0,0.0,0.04764994978904724,356.0,-4.599859714508057,-0.04764994978904724
22.530580520629883,171.47877502441406,0.0,0.0,0.0,0.0,0.0,-0.12077105450713832,-0.0,0.0,5.002857153756278,3.9314285823277064,0.0,0.0,0.38568899035453796,0.0,0.0,0.0,0.016881175339221954,0.0,0.0,0.016881175339221954,357.0,-4.599729061126709,-0.016881175339221954
22.52383041381836,172.08033752441406,0.0,0.0,0.0,0.0,0.0,-0.13825538111747804,-0.0,0.0,4.9558570861816404,3.8844285147530693,0.0,0.0,0.3717319965362549,0.0,0.0,0.0,0.08911925554275513,0.0,0.0,0.08911925554275513,358.0,-4.599989414215088,-0.08911925554275513
22.517080307006836,165.89578247070312,0.0,0.0,0.0,0.0,0.0,-0.14123269135684513,-0.0,0.0,4.912500054495675,3.841071483067104,0.0,0.0,0.3732230067253113,0.0,0.0,0.0,0.09755261242389679,0.0,0.0,0.09755261242389679,359.0,-4.5999555587768555,-0.09755261242389679
22.510330200195312,172.41067504882812,0.0,0.0,0.0,0.0,0.0,-0.09600849924270294,-0.0,0.0,4.873285647800991,3.801857076372419,0.0,0.0,0.30289798974990845,0.0,0.0,0.0,0.017130328342318535,0.0,0.0,0.017130328342318535,360.0,-4.599570274353027,-0.017130328342318535
