Temp_FH,Vol_HW,Soc_B,V_HW_plus,V_HW_minus,T_FH_plus,T_FH_minus,profits,COP_FH,COP_HW,PV_DE,B_DE,GR_DE,PV_B,PV_GR,PV_HP,GR_HP,B_HP,HP_FH,HP_HW,hour,index
21.285957977489723,143.79529246350236,7.004062175750732,0.0,0.0,0.0,0.0,0.12666148506153502,3.3961429050990515,0.0,0.0,0.24138900637626648,0.0,0.0,0.0,0.0,0.0,2.9999732971191406,2.9999732971191406,0.0,0.0,1.0
21.27920733615756,146.2064911077966,2.4038758277893066,0.0,0.0,0.0,0.0,0.15569545778171356,0.0,2.295428630283901,0.0,0.22142000496387482,0.0,0.0,0.0,0.0,0.0,0.07002073526382446,0.0,0.07002073526382446,1.0,2.0
21.27245722934604,144.0347804860301,0.5176862478256226,0.0,0.0,0.0,0.0,0.016265658030814117,0.0,2.274428449358259,0.0,0.20653900504112244,0.0,0.0,0.0,0.0,0.0,0.13812170922756195,0.0,0.13812170922756195,2.0,3.0
21.265707122534515,150.1297625291408,5.853670614897055e-8,0.0,0.0,0.0,0.0,-0.10696540452899139,0.0,2.2638571058000836,0.0,0.0,0.20070600509643555,0.0,0.0,0.0,0.15584532916545868,0.0,0.0,0.15584532916545868,3.0,4.0
21.25895701572299,153.3077175380555,5.8534951108413225e-8,0.0,0.0,0.0,0.0,-0.08978997743993607,0.0,2.259214346749442,0.0,5.736252629961195e-8,0.21045994982817803,0.0,0.0,0.0,0.08883996307849884,0.0,0.0,0.08883996307849884,4.0,5.0
21.252206908911468,155.91629294974777,7.105427357601002e-15,0.0,0.0,0.0,0.0,-0.09437701928126664,0.0,2.2664998735700337,0.0,6.963109347667376e-15,0.23913499712943334,0.0,0.0,0.0,0.07545505464076996,0.0,0.0,0.07545505464076996,5.0,6.0
21.245456802099945,157.1404153676917,8.470329472543003e-22,0.0,0.0,0.0,0.0,-0.11627644650743174,0.0,2.2816428593226843,0.0,8.300673183998318e-22,0.34427300095558167,0.0,0.0,0.0,0.043315138667821884,0.0,0.0,0.043315138667821884,6.0,7.0
21.23870669528842,158.23433850951625,1.0097419586828951e-28,0.0,0.0,0.0,0.0,-0.10124209552971886,0.0,2.324928501674107,0.09594999998807907,9.895173530576608e-29,0.297885000705719,0.0,0.0,0.0,0.03958863765001297,0.0,0.0,0.03958863765001297,7.0,8.0
21.231956588476898,159.74108539918527,1.2037062152420224e-35,0.0,0.0,0.0,0.0,0.0,0.0,2.397285679408482,0.4058389961719513,0.0,0.0,0.47493816912174225,0.0,0.04737280309200287,0.0,0.0,0.0,0.04737280309200287,8.0,9.0
21.225206481665374,161.3087862549064,0.47493815422058105,0.0,0.0,0.0,0.0,0.09711367948308292,0.0,2.4820714133126396,0.4112839996814728,0.0,0.0,1.2466939687728882,0.9711367562413216,0.04703515022993088,0.0,0.0,0.0,0.04703515022993088,9.0,10.0
21.21845637485385,162.5725405101886,1.7216179370880127,0.0,0.0,0.0,0.0,0.3940161544935361,0.0,2.5642857687813896,0.399042010307312,0.0,0.0,0.0,3.9401613883674145,0.03934653475880623,0.0,0.0,0.0,0.03934653475880623,10.0,11.0
21.07091543758179,161.9013105299086,1.7215663194656372,0.0,0.0,0.0,0.0,0.33293980192898864,3.6764286041259764,0.0,0.4126780033111572,0.0,0.0,2.9347591400146484,3.329397886991501,0.24771526455879211,0.0,0.0,0.24771526455879211,0.0,11.0,12.0
20.67260054221375,161.23007639904924,4.65627384185791,0.0,0.0,0.0,0.0,0.6625217894721732,3.6952857426234655,0.0,0.42735400795936584,0.0,0.0,0.0,6.625217631459236,0.1769283264875412,0.0,0.0,0.1769283264875412,0.0,12.0,13.0
21.33673160432268,160.55884226818986,4.656134128570557,0.0,0.0,0.0,0.0,0.4339324050717508,3.703071403503418,0.0,0.4101420044898987,0.0,0.0,0.0,4.339323878288269,1.7076841592788696,0.0,0.0,1.7076841592788696,0.0,13.0,14.0
21.14886552906024,159.8876081373305,4.655994415283203,0.0,0.0,0.0,0.0,0.4669515273750428,3.6968571254185267,0.0,0.42344900965690613,0.0,0.0,0.0,4.669515088200569,0.012335821986198425,0.0,0.0,0.012335821986198425,0.0,14.0,15.0
21.14211474582553,159.42580884365418,4.65585470199585,0.0,0.0,0.0,0.0,0.22161843586314428,0.0,2.5788570949009486,0.42343100905418396,0.0,0.0,0.0,2.216184270568192,0.004234659485518932,0.0,0.0,0.0,0.004234659485518932,15.0,16.0
21.135364639014007,150.929849436043,4.655714988708496,0.0,0.0,0.0,0.0,-0.04307858802094355,0.0,2.453785705566406,0.1472499966621399,0.2732431458963305,0.11166088108883798,0.0,0.0,0.0,0.031934406608343124,0.0,0.0,0.031934406608343124,16.0,17.0
21.128614532202484,156.08303273139657,4.376755714416504,0.0,0.0,0.0,0.0,-0.2496735478311196,0.0,2.3917143140520367,0.0,0.0,0.7052639722824097,0.0,0.0,0.0,0.12698115408420563,0.0,0.0,0.12698115408420563,17.0,18.0
21.12186442539096,156.86568025936953,4.376624584197998,0.0,0.0,0.0,0.0,-0.04977551432577656,0.0,2.3874998910086496,0.0,0.5367442462005272,0.13416575460055924,0.0,0.0,0.0,0.03175261989235878,0.0,0.0,0.03175261989235878,18.0,19.0
21.115114318579437,149.48476005858345,3.8287951946258545,0.0,0.0,0.0,0.0,-0.044293537833507965,0.0,2.3894998822893414,0.0,0.47103383325379866,0.08648917890745622,0.0,0.0,0.0,0.06115594133734703,0.0,0.0,0.06115594133734703,19.0,20.0
21.108364211767913,152.1117103600176,3.3480336666107178,0.0,0.0,0.0,0.0,-0.1624014054696321,0.0,2.383214351109096,0.0,0.0,0.4691759943962097,0.0,0.0,0.0,0.07216200232505798,0.0,0.0,0.07216200232505798,20.0,21.0
21.10161410495639,157.12547743474306,3.347933292388916,0.0,0.0,0.0,0.0,-0.16000894198850535,0.0,2.372357177734375,0.0,0.0,0.4084100127220154,0.0,0.0,0.0,0.12495310604572296,0.0,0.0,0.12495310604572296,21.0,22.0
21.094863998144866,158.22393074460652,3.3478329181671143,0.0,0.0,0.0,0.0,-0.11805636048044188,0.0,2.3709285736083983,0.0,0.0,0.3546009957790375,0.0,0.0,0.0,0.038920190185308456,0.0,0.0,0.038920190185308456,22.0,23.0
21.088113891333343,165.0257510250449,3.3477325439453125,0.0,0.0,0.0,0.0,-0.13204723823258213,0.0,2.377857153756278,0.0,0.0,0.27628400921821594,0.0,0.0,0.0,0.16387343406677246,0.0,0.0,0.16387343406677246,23.0,24.0
21.08136378452182,168.52464005500676,3.3476321697235107,0.0,0.0,0.0,0.0,0.13829718860040363,0.0,2.378357151576451,0.0,0.24138900637626648,0.0,0.0,0.0,0.0,0.0,0.09142555296421051,0.0,0.09142555296421051,0.0,25.0
21.074613677710296,170.76483898833706,1.5967293977737427,0.0,0.0,0.0,0.0,0.1279363231751109,0.0,2.373357173374721,0.0,0.22142000496387482,0.0,0.0,0.0,0.0,0.0,0.06396456807851791,0.0,0.06396456807851791,1.0,26.0
21.067863570898773,172.51298520259937,1.251272010449611e-7,0.0,0.0,0.0,0.0,-0.07770563458694281,0.0,2.4038570404052733,0.0,1.2262096885163248e-7,0.20653888242015359,0.0,0.0,0.0,0.05247988924384117,0.0,0.0,0.05247988924384117,2.0,27.0
21.06111346408725,176.21661559850597,1.4210854715202004e-14,0.0,0.0,0.0,0.0,-0.0881912124928319,0.0,2.4459285191127234,0.0,0.0,0.20070600509643555,0.0,0.0,0.0,0.09326469153165817,0.0,0.0,0.09326469153165817,3.0,28.0
20.161296979770622,175.54538401623674,1.4210428657629535e-14,0.0,0.0,0.0,0.0,-0.07553501094023418,3.553857203892299,0.0,0.0,0.0,0.21046000719070435,0.0,0.0,0.0,0.041323352605104446,0.0,0.041323352605104446,0.0,4.0,29.0
21.2158749665557,174.87414988537736,1.4210002600057066e-14,0.0,0.0,0.0,0.0,-0.9717346011294706,3.584142902919224,0.0,0.0,1.392538362247646e-14,0.23913499712942637,0.0,0.0,0.0,2.9999802112579346,0.0,2.9999802112579346,0.0,5.0,30.0
21.062513987271764,174.202915754518,1.6940658945086007e-21,0.0,0.0,0.0,0.0,-0.2270804733864651,3.6047143391200476,0.0,0.0,0.0,0.34427300095558167,0.0,0.0,0.0,0.4126618802547455,0.0,0.4126618802547455,0.0,6.0,31.0
21.05576335117221,169.57832369311265,1.694015104488079e-21,0.0,0.0,0.0,0.0,-0.04750798086357033,0.0,2.565857151576451,0.311599999666214,1.6600848625785835e-21,0.08223500847816467,0.0,0.0,0.0,0.07612492144107819,0.0,0.0,0.07612492144107819,7.0,32.0
21.049013244360687,164.03204670619098,2.0194839173657902e-28,0.0,0.0,0.0,0.0,0.21380782529941467,0.0,2.621499960763114,0.4058389961719513,0.0,0.0,0.0,2.1380781680345535,0.061932846903800964,0.0,0.0,0.0,0.061932846903800964,8.0,33.0
20.964156356118494,163.36081370373674,2.0194233709431635e-28,0.0,0.0,0.0,0.0,0.0,3.771071379525321,0.0,0.4112839996814728,0.0,0.0,3.8723921179771423,0.0,0.6221237778663635,0.0,0.0,0.6221237778663635,0.0,9.0,34.0
20.628085558532355,162.68957957287736,3.872392177581787,0.0,0.0,0.0,0.0,0.49592528972726146,3.839999961853027,0.0,0.399042010307312,0.0,0.0,0.0,4.959252700209618,0.01585496962070465,0.0,0.0,0.01585496962070465,0.0,10.0,35.0
20.603159898679085,162.018345442018,3.8722760677337646,0.0,0.0,0.0,0.0,0.4166823880546241,3.903142874581473,0.0,0.4126780033111572,0.0,0.0,0.0,4.166823714971542,0.28544774651527405,0.0,0.0,0.28544774651527405,0.0,11.0,36.0
20.596408950537445,152.1919865283199,3.872159957885742,0.0,0.0,0.0,0.0,0.3627050640763859,0.0,2.878571319580078,0.42735400795936584,0.0,0.0,0.0,3.627050496637821,0.020145557820796967,0.0,0.0,0.0,0.020145557820796967,12.0,37.0
20.58965884372592,135.87867128419072,3.8720438480377197,0.0,0.0,0.0,0.0,0.10461653141643712,0.0,2.894142913818359,0.4101420044898987,0.0,0.0,0.0,1.0461652725934982,0.025692656636238098,0.0,0.0,0.0,0.025692656636238098,13.0,38.0
21.748195213673633,135.20744761486955,3.8719277381896973,0.0,0.0,0.0,0.0,0.17664285109399874,3.962285668509347,0.0,0.42344900965690613,0.0,0.0,0.0,0.0,0.24725094437599182,0.0,2.027946561574936,2.2751975059509277,0.0,14.0,39.0
21.74144564792514,137.36671358568807,4.76837158203125e-7,0.0,0.0,0.0,0.0,-0.07470334282828728,0.0,2.8558572496686665,0.22609999775886536,0.0,0.1973310112953186,0.0,0.0,0.0,0.05168012157082558,0.0,0.0,0.05168012157082558,15.0,40.0
21.734695541113616,140.1957073231073,4.768228620832815e-7,0.0,0.0,0.0,0.0,-0.17913747620135423,0.0,2.8091427394321986,0.0,0.0,0.5321540236473083,0.0,0.0,0.0,0.06497087329626083,0.0,0.0,0.06497087329626083,16.0,41.0
21.727945434302093,143.4501816729706,4.76808565963438e-7,0.0,0.0,0.0,0.0,-0.2337434055829473,0.0,2.7706429072788783,0.0,4.6725833783430005e-7,0.7052635050240719,0.0,0.0,0.0,0.07388114929199219,0.0,0.0,0.07388114929199219,17.0,42.0
21.72119532749057,135.68461032221185,5.684341886080802e-14,0.0,0.0,0.0,0.0,-0.21785462507522885,0.0,2.7410713740757533,0.0,5.570487478133901e-14,0.6844289898871818,0.0,0.0,0.0,0.04175306484103203,0.0,0.0,0.04175306484103203,18.0,43.0
21.714445220679046,137.99614899526816,6.776263578034403e-21,0.0,0.0,0.0,0.0,-0.1977547165355964,0.0,2.719571467808315,0.0,0.0,0.6019930243492126,0.0,0.0,0.0,0.05718933790922165,0.0,0.0,0.05718933790922165,19.0,44.0
21.707695113867523,139.78318040560276,6.776060417952316e-21,0.0,0.0,0.0,0.0,-0.15493436549839812,0.0,2.7115715026855467,0.0,6.640339450314334e-21,0.4691759943962097,0.0,0.0,0.0,0.04727187007665634,0.0,0.0,0.04727187007665634,20.0,45.0
21.700945007056,132.99955388674732,8.077935669463161e-28,0.0,0.0,0.0,0.0,-0.13691766731610544,0.0,2.718285642351423,0.0,7.916138824461286e-28,0.4084100127220154,0.0,0.0,0.0,0.047982193529605865,0.0,0.0,0.047982193529605865,21.0,46.0
21.694194900244476,121.70381712660529,9.62964972193618e-35,0.0,0.0,0.0,0.0,-0.22707768277139162,0.0,2.6906429835728236,0.0,9.436772852493866e-35,0.7269999980926514,0.0,0.0,0.0,0.029925581067800522,0.0,0.0,0.029925581067800522,22.0,47.0
21.687444793432952,104.74601679792126,1.1479437019748901e-41,0.0,0.0,0.0,0.0,-0.21321571422480368,0.0,2.676142774309431,0.0,1.1249848498306808e-41,0.6576539874076843,0.0,0.0,0.0,0.05306503176689148,0.0,0.0,0.05306503176689148,23.0,48.0
21.68069468662143,107.7990969409537,0.0,0.0,0.0,0.0,0.0,-0.09430569487038021,0.0,2.661571448189872,0.0,0.0,0.24138900637626648,0.0,0.0,0.0,0.07296329736709595,0.0,0.0,0.07296329736709595,0.0,49.0
21.673944579809906,114.58725919750977,0.0,0.0,0.0,0.0,0.0,-0.11050152174637784,0.0,2.647428458077567,0.0,0.0,0.22142000496387482,0.0,0.0,0.0,0.146918386220932,0.0,0.0,0.146918386220932,1.0,50.0
21.667194472998382,117.22598429914572,0.0,0.0,0.0,0.0,0.0,-0.08165375020717569,0.0,2.6293571472167967,0.0,0.0,0.20653900504112244,0.0,0.0,0.0,0.0656401515007019,0.0,0.0,0.0656401515007019,2.0,51.0
21.66044436618686,126.40520219032476,0.0,0.0,0.0,0.0,0.0,-0.11912753757347794,0.0,2.6154285975864955,0.0,0.0,0.20070600509643555,0.0,0.0,0.0,0.19638577103614807,0.0,0.0,0.19638577103614807,3.0,52.0
21.653694259375335,128.14824246197668,0.0,0.0,0.0,0.0,0.0,-0.07765310454480256,0.0,2.6018572671072824,0.0,0.0,0.21046000719070435,0.0,0.0,0.0,0.04838366433978081,0.0,0.0,0.04838366433978081,4.0,53.0
21.64694415256381,131.8444139054264,0.0,0.0,0.0,0.0,0.0,-0.14421040392758044,0.0,2.5670713152204243,0.0,0.0,0.2391349971294403,0.0,0.0,0.0,0.24156633019447327,0.0,0.0,0.24156633019447327,5.0,54.0
21.64019404575229,133.87762661113425,0.0,0.0,0.0,0.0,0.0,-0.12007828682972121,0.0,2.518714305332729,0.0,0.0,0.34427300095558167,0.0,0.0,0.0,0.05598793923854828,0.0,0.0,0.05598793923854828,6.0,55.0
21.633443938940765,97.35659538942944,0.0,0.0,0.0,0.0,0.0,-0.1229079951011336,0.0,2.5006427219935827,0.39383500814437866,0.0,0.0,0.0,0.0,0.10491496324539185,0.40969330072402954,0.0,0.0,0.5146082639694214,7.0,56.0
21.62669383212924,68.56577619752122,0.0,0.0,0.0,0.0,0.0,0.3310742196867548,0.0,2.5487141745431083,0.4058389961719513,0.0,0.0,0.0,3.310742065310478,0.06346900761127472,0.0,0.0,0.0,0.06346900761127472,8.0,57.0
21.352024590180662,67.89454325695938,0.0,0.0,0.0,0.0,0.0,0.08640104428533876,3.6940000534057615,0.0,0.4112839996814728,0.0,0.0,4.462294578552246,0.8640104085206985,0.18376056849956512,0.0,0.0,0.18376056849956512,0.0,9.0,58.0
21.34527407810092,70.43726747468011,4.462294578552246,0.0,0.0,0.0,0.0,0.6883262222340185,0.0,2.6966429574148996,0.399042010307312,0.0,0.0,0.0,6.883261948823929,0.06214591860771179,0.0,0.0,0.0,0.06214591860771179,10.0,59.0
21.338523971289398,74.25025862333129,4.462160587310791,0.0,0.0,0.0,0.0,0.7469435727871873,0.0,2.7642857142857142,0.4126780033111572,0.0,0.0,0.0,7.469435431063175,0.08458640426397324,0.0,0.0,0.0,0.08458640426397324,11.0,60.0
21.331773864477874,73.78130718807643,4.462026596069336,0.0,0.0,0.0,0.0,0.7299121014242201,0.0,2.802785818917411,0.42735400795936584,0.0,0.0,0.0,7.299120724201202,0.10722559690475464,0.0,0.0,0.0,0.10722559690475464,12.0,61.0
21.32502375766635,76.98460826641346,4.461892604827881,0.0,0.0,0.0,0.0,0.639384464994448,0.0,2.8203571319580076,0.4101420044898987,0.0,0.0,0.0,6.393844395875931,0.19466373324394226,0.0,0.0,0.0,0.19466373324394226,13.0,62.0
21.318273650854827,71.27089089655605,4.461758613586426,0.0,0.0,0.0,0.0,0.46954603123847694,0.0,2.8171429770333427,0.4562920033931732,0.0,0.0,0.0,4.6954601258039474,0.20529766380786896,0.0,0.0,0.0,0.20529766380786896,14.0,63.0
21.311523544043304,73.51140327788391,4.461624622344971,0.0,0.0,0.0,0.0,0.07265231749027232,0.0,2.7639998844691687,0.42343100905418396,0.0,0.0,1.3113235235214233,0.726523146033287,0.18637241423130035,0.0,0.0,0.0,0.18637241423130035,15.0,64.0
21.30477343723178,72.20643558936032,5.7728142738342285,0.0,0.0,0.0,0.0,-0.2174564567190984,0.0,2.638214329310826,0.15485000610351562,0.0,0.5108590126037598,0.0,0.0,0.0,0.2139958143234253,0.0,0.0,0.2139958143234253,16.0,65.0
21.298023330420257,66.3597398167551,5.772641181945801,0.0,0.0,0.0,0.0,0.06409052622152406,0.0,2.5970000675746374,0.0,0.7979059815406799,0.0,0.0,0.0,0.0,0.0,0.07097771763801575,0.0,0.07097771763801575,17.0,66.0
21.291273223608734,70.45062864438694,4.23186731338501,0.0,0.0,0.0,0.0,-0.20035557344356172,0.0,2.5988570077078683,0.0,0.7054354351965344,0.19672455368362307,0.0,0.0,0.0,0.47112733125686646,0.0,0.0,0.47112733125686646,18.0,67.0
21.70686501257818,69.77940043469376,3.511908531188965,0.0,0.0,0.0,0.0,0.1774879640637735,3.6682143347603935,0.0,0.0,0.5575230121612549,0.0,0.0,0.0,0.0,0.0,1.1091643571853638,1.1091643571853638,0.0,19.0,68.0
21.700115310400726,50.218791850129406,2.1908041958340618e-7,0.0,0.0,0.0,0.0,-0.28707191412444544,0.0,2.5803570883614677,0.0,2.1469235341038358e-7,0.4691757797038563,0.0,0.0,0.0,0.48773056268692017,0.0,0.0,0.48773056268692017,20.0,69.0
21.693365203589202,53.21851865475948,2.842170943040401e-14,0.0,0.0,0.0,0.0,-0.144958217241693,0.0,2.5595713479178293,0.0,0.0,0.4084100127220154,0.0,0.0,0.0,0.07478402554988861,0.0,0.0,0.07478402554988861,21.0,70.0
21.68661509677768,55.893557159657455,2.842085731525907e-14,0.0,0.0,0.0,0.0,-0.12705794928701497,0.0,2.531500080653599,0.0,0.0,0.3546009957790375,0.0,0.0,0.0,0.06892548501491547,0.0,0.0,0.06892548501491547,22.0,71.0
21.50379612750905,55.22232874890274,2.8420005200114132e-14,0.0,0.0,0.0,0.0,-0.08953242769469516,3.576571410042899,0.0,0.0,0.0,0.27628400921821594,0.0,0.0,0.0,0.02215740457177162,0.0,0.02215740457177162,0.0,23.0,72.0
21.497045623511077,53.259087172324804,2.8419153084969194e-14,0.0,0.0,0.0,0.0,-0.130758682618875,0.0,2.47942864554269,0.0,2.7849932172094628e-14,0.24138900637623864,0.0,0.0,0.0,0.1944732517004013,0.0,0.0,0.1944732517004013,0.0,73.0
21.490295516699554,56.78061692517447,3.3881317890172014e-21,0.0,0.0,0.0,0.0,-0.0931806310785066,0.0,2.451428495134626,0.0,3.320269273599327e-21,0.22142000496387482,0.0,0.0,0.0,0.08918208628892899,0.0,0.0,0.08918208628892899,1.0,74.0
21.48354540988803,59.37258692302476,4.0389678347315804e-28,0.0,0.0,0.0,0.0,-0.08278891698674018,0.0,2.450928497314453,0.0,3.958069412230643e-28,0.20653900504112244,0.0,0.0,0.0,0.06942404061555862,0.0,0.0,0.06942404061555862,2.0,75.0
21.476795303076507,61.96022414906286,4.81482486096809e-35,0.0,0.0,0.0,0.0,-0.08081621476277556,0.0,2.474142837524414,0.0,0.0,0.20070600509643555,0.0,0.0,0.0,0.06868136674165726,0.0,0.0,0.06868136674165726,3.0,76.0
21.470045196264984,63.77520468204655,4.8146805070475663e-35,0.0,0.0,0.0,0.0,-0.07906227351475836,0.0,2.4422857557024273,0.0,0.0,0.21046000719070435,0.0,0.0,0.0,0.05308089405298233,0.0,0.0,0.05308089405298233,4.0,77.0
21.46329508945346,65.24776389476997,4.814536153127043e-35,0.0,0.0,0.0,0.0,-0.0855178948945956,0.0,2.434071350097656,0.0,0.0,0.2391349971294403,0.0,0.0,0.0,0.04592464119195938,0.0,0.0,0.04592464119195938,5.0,78.0
21.456544982641937,70.0920801951394,4.8143917992065196e-35,0.0,0.0,0.0,0.0,-0.13825830919576898,0.0,2.466785648890904,0.0,0.0,0.34427300095558167,0.0,0.0,0.0,0.11658801138401031,0.0,0.0,0.11658801138401031,6.0,79.0
21.449794875830413,60.31368469556978,4.814247445285996e-35,0.0,0.0,0.0,0.0,0.012955380000884514,0.0,2.501714379446847,0.39383500814437866,0.0,0.0,0.0,0.12955379486083984,0.1739112138748169,0.0,0.0,0.0,0.1739112138748169,7.0,80.0
21.20151520555056,59.642456617555084,4.814103091365473e-35,0.0,0.0,0.0,0.0,0.0,3.6678571156093054,0.0,0.4058389961719513,0.0,0.0,3.0680251121520996,0.0,0.23303580284118652,0.0,0.0,0.23303580284118652,0.0,8.0,81.0
21.194765197485687,52.048128617335266,3.0680251121520996,0.0,0.0,0.0,0.0,0.4401507673596641,0.0,2.686714390345982,0.42800700664520264,0.0,0.0,0.0,4.401507498696446,0.011685727164149284,0.0,0.0,0.0,0.011685727164149284,9.0,82.0
20.697949034978617,51.376900282105865,3.0679330825805664,0.0,0.0,0.0,0.0,0.5199473989982358,3.856857109069824,0.0,0.399042010307312,0.0,0.0,0.0,5.199473783373833,0.10623414814472198,0.0,0.0,0.10623414814472198,0.0,10.0,83.0
20.691198455542327,43.20364839822473,3.067841053009033,0.0,0.0,0.0,0.0,0.3204843260571336,0.0,2.8251429421561105,0.4126780033111572,0.0,0.0,1.9668904542922974,3.2048431332223117,0.007288247812539339,0.0,0.0,0.0,0.007288247812539339,11.0,84.0
20.331749880630422,42.532417860230865,5.034639358520508,0.0,0.0,0.0,0.0,0.6114806896912323,3.910642841884068,0.0,0.42735400795936584,0.0,0.0,0.043636031448841095,6.114806653931737,0.02905302308499813,0.0,0.0,0.02905302308499813,0.0,12.0,85.0
20.861709911584082,41.861187544068756,5.078124046325684,0.0,0.0,0.0,0.0,0.0015923262275189625,3.87985714503697,0.0,0.4101420044898987,0.0,0.0,0.0,0.015923261642456055,1.5575346946716309,0.0,0.0,1.5575346946716309,0.0,13.0,86.0
20.854959594458343,41.714146219333735,5.077971935272217,0.0,0.0,0.0,0.0,0.0,0.0,2.756428527832031,0.42344900965690613,0.0,0.0,0.27144983410835266,0.0,0.0983511209487915,0.0,0.0,0.0,0.0983511209487915,14.0,87.0
20.84820948764682,43.24052066196411,5.349269866943359,0.0,0.0,0.0,0.0,0.0,0.0,2.7080715179443358,0.42343100905418396,0.0,0.0,0.42345474660396576,0.0,0.04231421649456024,0.0,0.0,0.0,0.04231421649456024,15.0,88.0
20.841459380835296,50.07613945693855,5.77256441116333,0.0,0.0,0.0,0.0,-0.190806044769527,0.0,2.618857192993164,0.04560000076889992,0.0,0.48655402660369873,0.0,0.0,0.0,0.14946609735488892,0.0,0.0,0.14946609735488892,16.0,89.0
20.834709274023773,54.693207520805984,5.772391319274902,0.0,0.0,0.0,0.0,-0.2892807777436879,0.0,2.603642817905971,0.0,0.0,0.7052639722824097,0.0,0.0,0.0,0.25900524854660034,0.0,0.0,0.25900524854660034,17.0,90.0
21.681411635084093,54.02197703381485,5.772218227386475,0.0,0.0,0.0,0.0,0.10845418207110046,3.6696428026471817,0.0,0.0,0.6709100008010864,0.0,0.0,0.0,0.0,0.0,1.5616847276687622,1.5616847276687622,0.0,18.0,91.0
21.674661742895843,54.84659472528036,2.387212038040161,0.0,0.0,0.0,0.0,-0.1762636254733252,0.0,2.5980000632149833,0.0,0.0,0.5575230121612549,0.0,0.0,0.0,0.030022382736206055,0.0,0.0,0.030022382736206055,19.0,92.0
21.66791163608432,46.13979481857972,2.3871405124664307,0.0,0.0,0.0,0.0,-0.15708029596329887,0.0,2.598142841884068,0.0,0.0,0.4842349886894226,0.0,0.0,0.0,0.0393659770488739,0.0,0.0,0.0393659770488739,20.0,93.0
21.661161529272796,45.91226830772414,2.3870689868927,0.0,0.0,0.0,0.0,-0.1251937371134751,0.0,2.5988570077078683,0.0,0.0,0.4084100127220154,0.0,0.0,0.0,0.008902427740395069,0.0,0.0,0.008902427740395069,21.0,94.0
21.654411422461273,45.718232666051776,2.3869974613189697,0.0,0.0,0.0,0.0,-0.10925426069788163,0.0,2.597357014247349,0.0,0.0,0.3546009957790375,0.0,0.0,0.0,0.009579858742654324,0.0,0.0,0.009579858742654324,22.0,95.0
21.64766131564975,45.74687754155347,2.3869259357452393,0.0,0.0,0.0,0.0,-0.08711262663528813,0.0,2.589785657610212,0.0,0.0,0.27628400921821594,0.0,0.0,0.0,0.014091401360929012,0.0,0.0,0.014091401360929012,23.0,96.0
21.640911208838226,47.50409025244446,2.386854410171509,0.0,0.0,0.0,0.0,0.16326068352188572,0.0,2.5773571014404295,0.0,0.24138900637626648,0.0,0.0,0.0,0.0,0.0,0.049130409955978394,0.0,0.049130409955978394,0.0,97.0
21.634161102026702,51.15431408668638,0.42440927028656006,0.0,0.0,0.0,0.0,0.010675873784297431,0.0,2.568499919346401,0.0,0.22142000496387482,0.0,0.0,0.0,0.0,0.0,0.08772981911897659,0.0,0.08772981911897659,1.0,98.0
21.62741099521518,46.425746514917826,6.552255626957049e-8,0.0,0.0,0.0,0.0,-0.08309253497211042,0.0,2.5672143663678852,0.0,6.421017059125568e-8,0.20653894083095184,0.0,0.0,0.0,0.07043616473674774,0.0,0.0,0.07043616473674774,2.0,99.0
21.620660888403656,46.66858282481412,1.4210854715202004e-14,0.0,0.0,0.0,0.0,-0.06577054318618936,0.0,2.5722857339041574,0.0,0.0,0.20070600509643555,0.0,0.0,0.0,0.018529130145907402,0.0,0.0,0.018529130145907402,3.0,100.0
21.613910781592132,46.562736936326424,1.4210428657629535e-14,0.0,0.0,0.0,0.0,-0.06657228734383125,0.0,2.575285720825195,0.0,0.0,0.21046000719070435,0.0,0.0,0.0,0.011447608470916748,0.0,0.0,0.011447608470916748,4.0,101.0
21.60716067478061,47.55422510806027,1.4210002600057066e-14,0.0,0.0,0.0,0.0,-0.08183411088920067,0.0,2.5768571036202568,0.0,0.0,0.2391349971294403,0.0,0.0,0.0,0.03364536166191101,0.0,0.0,0.03364536166191101,5.0,102.0
21.600410567969085,47.45671096364631,1.4209576542484597e-14,0.0,0.0,0.0,0.0,-0.13557798209102856,0.0,2.589428438459124,0.0,0.0,0.34427300095558167,0.0,0.0,0.0,0.10765358805656433,0.0,0.0,0.10765358805656433,6.0,103.0
22.02572184437577,46.78548106213516,1.4209150484912128e-14,0.025721844375770075,0.0,0.0,0.0,-0.4717984698054203,3.6814285823277064,0.0,0.10544999688863754,1.3924548549618168e-14,0.36413800716398753,0.0,0.0,0.0,1.1227840185165405,0.0,1.1227840185165405,0.0,7.0,104.0
21.54576644447774,46.11425074597305,1.6940658945086007e-21,0.0,0.0,0.0,0.0,0.0,3.731000028337751,0.0,0.4058389961719513,0.0,0.0,0.20851731300354004,0.0,0.1399436891078949,0.0,0.0,0.1399436891078949,0.0,8.0,105.0
21.297669137591775,45.44302042981094,0.20851731300354004,0.0,0.0,0.0,0.0,0.0,3.7675000054495675,0.0,0.4112839996814728,0.0,0.0,0.8475475311279297,0.0,0.06641840934753418,0.0,0.0,0.06641840934753418,0.0,9.0,106.0
21.66966895634271,44.771790113648834,1.056058645248413,0.0,0.0,0.0,0.0,0.06556477807222905,3.804571369716099,0.0,0.4076949954032898,0.0,0.0,0.0,0.6556477546691895,0.8328573703765869,0.0,0.0,0.8328573703765869,0.0,10.0,107.0
21.476331657965112,44.100559797486724,1.0560269355773926,0.0,0.0,0.0,0.0,0.0,3.8302143096923826,0.0,0.44523000717163086,0.0,0.0,1.8067363412119448,0.0,0.00238359859213233,0.0,0.0,0.00238359859213233,0.0,11.0,108.0
21.161527697315456,43.429329481324615,2.862731456756592,0.0,0.0,0.0,0.0,0.08007865568314602,3.840571485246931,0.0,0.45767998695373535,0.0,0.0,0.8916541934013367,0.8007865250110626,0.10707929730415344,0.0,0.0,0.10707929730415344,0.0,12.0,109.0
20.83554606279487,42.758099165162506,3.7542998790740967,0.0,0.0,0.0,0.0,0.1354907238678423,3.834285681588309,0.0,0.4980199933052063,0.0,0.0,0.0,1.3549071848392487,0.14112266898155212,0.0,0.0,0.14112266898155212,0.0,13.0,110.0
20.828796493262054,37.42049218121965,3.7541873455047607,0.0,0.0,0.0,0.0,0.0,0.0,2.739142772129604,0.4824579954147339,0.0,0.0,0.758603923022747,0.0,0.01958812028169632,0.0,0.0,0.0,0.01958812028169632,14.0,111.0
20.82204638645053,41.33818250259947,4.512678623199463,0.0,0.0,0.0,0.0,-0.0031867639496629963,0.0,2.694857134137835,0.42343100905418396,0.0,0.0,0.0,0.0,0.07816895842552185,0.010622546076774597,0.0,0.0,0.08879150450229645,15.0,112.0
20.815296279639007,45.233028164609394,4.512543201446533,0.0,0.0,0.0,0.0,-0.18470608431919722,0.0,2.640071541922433,0.006650000344961882,0.0,0.5255040526390076,0.0,0.0,0.0,0.09018287062644958,0.0,0.0,0.09018287062644958,16.0,113.0
20.808546172827484,47.086591633176965,4.5124077796936035,0.0,0.0,0.0,0.0,0.041049059361479366,0.0,2.6220713479178293,0.0,0.7052639722824097,0.0,0.0,0.0,0.0,0.0,0.23687057197093964,0.0,0.23687057197093964,17.0,114.0
20.80179606601596,50.47699910708761,3.132042646408081,0.0,0.0,0.0,0.0,-0.22556641551122691,0.0,2.615357208251953,0.0,0.0,0.6709100008010864,0.0,0.0,0.0,0.08097802102565765,0.0,0.0,0.08097802102565765,18.0,115.0
20.795045959204437,52.5448019497352,3.131948709487915,0.0,0.0,0.0,0.0,-0.10120572642853334,0.0,2.6017142159598214,0.0,0.49757529988727356,0.059947712273981324,0.0,0.0,0.0,0.27740469574928284,0.0,0.0,0.27740469574928284,19.0,116.0
20.788295852392913,53.92726223097646,2.6241250038146973,0.0,0.0,0.0,0.0,-0.22482068984988057,0.0,2.586928449358259,0.0,0.0,0.5184710025787354,0.0,0.0,0.0,0.23093126714229584,0.0,0.0,0.23093126714229584,20.0,117.0
20.78154574558139,55.68224633298697,2.6240463256835938,0.0,0.0,0.0,0.0,-0.13726453283486872,0.0,2.5745715550013952,0.0,0.0,0.4084100127220154,0.0,0.0,0.0,0.04913841187953949,0.0,0.0,0.04913841187953949,21.0,118.0
20.774795638769866,57.11069612322981,2.6239676475524902,0.0,0.0,0.0,0.0,-0.11920220356989697,0.0,2.5616427285330636,0.0,0.0,0.3546009957790375,0.0,0.0,0.0,0.04273966699838638,0.0,0.0,0.04273966699838638,22.0,119.0
20.56865598799172,56.43946513195938,2.6238889694213867,0.0,0.0,0.0,0.0,0.08885722771259177,3.6204999651227676,0.0,0.0,0.8507540225982666,0.0,0.0,0.0,0.0,0.0,0.31367918848991394,0.31367918848991394,0.0,23.0,120.0
20.5619069211185,60.70319122875508,0.5289068222045898,0.0,0.0,0.0,0.0,0.01754985342874058,0.0,2.5370714460100445,0.0,0.24138900637626648,0.0,0.0,0.0,0.0,0.0,0.10142557322978973,0.0,0.10142557322978973,0.0,121.0
20.555156814306976,64.87900691791984,5.223440169288551e-8,0.0,0.0,0.0,0.0,-0.09643159399325966,0.0,2.526928438459124,0.0,5.1188172280173416e-8,0.22141995377570253,0.0,0.0,0.0,0.10001868009567261,0.0,0.0,0.10001868009567261,1.0,122.0
20.548406707495452,68.72800525787575,7.105427357601002e-15,0.0,0.0,0.0,0.0,-0.09006011098861912,0.0,2.5164998735700337,0.0,6.963109347667376e-15,0.20653900504111547,0.0,0.0,0.0,0.0936613529920578,0.0,0.0,0.0936613529920578,2.0,123.0
20.54165660068393,72.48363259638536,8.470329472543003e-22,0.0,0.0,0.0,0.0,-0.0877235492159345,0.0,2.517071533203125,0.0,8.300673183998318e-22,0.20070600509643555,0.0,0.0,0.0,0.0917058140039444,0.0,0.0,0.0917058140039444,3.0,124.0
20.534906493872406,76.01325656809817,1.0097419586828951e-28,0.0,0.0,0.0,0.0,-0.08916614856982807,0.0,2.5247142791748045,0.0,9.895173530576608e-29,0.21046000719070435,0.0,0.0,0.0,0.08676047623157501,0.0,0.0,0.08676047623157501,4.0,125.0
20.528156387060882,79.04372410800178,1.2037062152420224e-35,0.0,0.0,0.0,0.0,-0.09459250349173942,0.0,2.5339286804199217,0.0,1.1795966065617332e-35,0.2391349971294403,0.0,0.0,0.0,0.076173335313797,0.0,0.0,0.076173335313797,5.0,126.0
20.52140628024936,70.71396046944625,1.4349296274686127e-42,0.0,0.0,0.0,0.0,-0.20728708435245657,0.0,2.539642824445452,0.0,1.406231062288351e-42,0.34427300095558167,0.0,0.0,0.0,0.34668391942977905,0.0,0.0,0.34668391942977905,6.0,127.0
20.514656173437835,73.34940559588715,0.0,0.0,0.0,0.0,0.0,-0.08619876250421044,0.0,2.5602857862200055,0.17384999990463257,0.0,0.2199850082397461,0.0,0.0,0.0,0.06734418869018555,0.0,0.0,0.06734418869018555,7.0,128.0
21.18950729775824,72.67817362805313,0.0,0.0,0.0,0.0,0.0,-0.3679177400635769,3.687928553989955,0.0,0.4058389961719513,0.0,0.0,0.0,0.0,0.3437109887599945,1.2263924181461334,0.0,1.570103406906128,0.0,8.0,129.0
21.311482568937947,72.00694712658829,0.0,0.0,0.0,0.0,0.0,0.004700476117947735,3.712499972752162,0.0,0.4112839996814728,0.0,0.0,0.0,0.047004759311676025,0.7301612496376038,0.0,0.0,0.7301612496376038,0.0,9.0,130.0
21.30473338291049,74.30144473811043,0.0,0.0,0.0,0.0,0.0,0.0,0.0,2.6553570338657924,0.399042010307312,0.0,0.0,1.292620211839676,0.0,0.05823776125907898,0.0,0.0,0.0,0.05823776125907898,10.0,131.0
21.297983276098968,75.81286537660529,1.2926201820373535,0.0,0.0,0.0,0.0,0.020274142981534887,0.0,2.6660714285714286,0.4126780033111572,0.0,0.0,1.7026422023773193,0.20274142175912857,0.04268833249807358,0.0,0.0,0.0,0.04268833249807358,11.0,132.0
21.291233169287445,68.5265210409892,2.9952235221862793,0.0,0.0,0.0,0.0,0.21350909127827816,0.0,2.668785585675921,0.42735400795936584,0.0,0.0,0.0,2.1350908279418945,0.01775503158569336,0.0,0.0,0.0,0.01775503158569336,12.0,133.0
21.28448306247592,69.8937610066402,2.995133638381958,0.0,0.0,0.0,0.0,0.0,0.0,2.661571448189872,0.4101420044898987,0.0,0.0,2.117772288620472,0.0,0.0399358794093132,0.0,0.0,0.0,0.0399358794093132,13.0,134.0
21.277732955664398,70.78415227451545,5.112815856933594,0.0,0.0,0.0,0.0,0.041258873008544104,0.0,2.6406429290771483,0.42344900965690613,0.0,0.0,1.12242591381073,0.41258871369063854,0.03083634562790394,0.0,0.0,0.0,0.03083634562790394,14.0,135.0
21.270982848852874,70.79381733403984,6.23508882522583,0.0,0.0,0.0,0.0,0.0,0.0,2.6028572627476283,0.42343100905418396,0.0,0.0,0.46732853818684816,0.0,0.013640443794429302,0.0,0.0,0.0,0.013640443794429302,15.0,136.0
21.26423274204135,70.4337875597865,6.702230453491211,0.0,0.0,0.0,0.0,-0.1288302721149227,0.0,2.537785611833845,0.034199997782707214,0.07491395321260086,0.4230400577508391,0.0,0.0,0.0,0.006394165568053722,0.0,0.0,0.006394165568053722,16.0,137.0
21.257482635229827,63.385779515268084,6.625586986541748,0.0,0.0,0.0,0.0,0.0032270061695550524,0.0,2.5024285452706474,0.0,0.7052639722824097,0.0,0.0,0.0,0.0,0.0,0.08681894093751907,0.0,0.08681894093751907,17.0,138.0
21.250732528418304,65.84023287466404,5.7842116355896,0.0,0.0,0.0,0.0,-0.2209117410942607,0.0,2.4897141592843193,0.0,0.0,0.6709100008010864,0.0,0.0,0.0,0.06546244025230408,0.0,0.0,0.06546244025230408,18.0,139.0
21.24398242160678,55.595728302879294,5.784038066864014,0.0,0.0,0.0,0.0,0.04600397725427909,0.0,2.480000032697405,0.0,0.5575230121612549,0.0,0.0,0.0,0.0,0.0,0.06318257004022598,0.0,0.06318257004022598,19.0,140.0
21.237232314795257,61.76716518941951,4.681063175201416,0.0,0.0,0.0,0.0,-0.3093230310806838,0.0,2.46942868913923,0.0,0.0,0.4691759943962097,0.0,0.0,0.0,0.5619007349014282,0.0,0.0,0.5619007349014282,20.0,141.0
21.230482207983734,62.68352752805659,4.680922985076904,0.0,0.0,0.0,0.0,-0.132653073277198,0.0,2.451571546282087,0.0,0.0,0.4084100127220154,0.0,0.0,0.0,0.03376688063144684,0.0,0.0,0.03376688063144684,21.0,142.0
21.22373210117221,52.300732260179274,4.680782794952393,0.0,0.0,0.0,0.0,-0.08877390927227441,0.0,2.4381427219935827,0.0,0.3546009957790375,0.0,0.0,0.0,0.0,0.29591301914905443,0.18535529735828504,0.0,0.4812683165073395,22.0,143.0
21.216981994360687,38.22487638251302,4.129666805267334,0.0,0.0,0.0,0.0,0.028799701344547637,0.0,2.4189286368233818,0.0,0.27628400921821594,0.0,0.0,0.0,0.0,0.0,0.033356212079524994,0.0,0.033356212079524994,23.0,144.0
21.210231887549163,39.83050227831202,3.5197088718414307,0.0,0.0,0.0,0.0,0.20480816963521603,0.0,2.3933570861816404,0.0,0.24138900637626648,0.0,0.0,0.0,0.0,0.0,0.049604929983615875,0.0,0.049604929983615875,0.0,145.0
21.20348178073764,44.83813024198808,1.132791519165039,0.0,0.0,0.0,0.0,0.07640180411653105,0.0,2.3752857753208705,0.0,0.22142000496387482,0.0,0.0,0.0,0.0,0.0,0.12466427683830261,0.0,0.12466427683830261,1.0,146.0
21.196731673926116,51.45773515780432,1.251272010449611e-7,0.0,0.0,0.0,0.0,-0.11056601099435515,0.0,2.3465000697544642,0.0,0.0,0.20653900504112244,0.0,0.0,0.0,0.16201435029506683,0.0,0.0,0.16201435029506683,2.0,147.0
21.189981567114593,55.29452631185494,1.251234493793163e-7,0.0,0.0,0.0,0.0,-0.09043561579527903,0.0,2.333214296613421,0.0,0.0,0.20070600509643555,0.0,0.0,0.0,0.1007460355758667,0.0,0.0,0.1007460355758667,3.0,148.0
21.18323146030307,60.06362940233494,1.2511969771367148e-7,0.0,0.0,0.0,0.0,-0.09963925998161058,0.0,2.3315001351492746,0.0,1.2261361558682553e-7,0.21045988457708875,0.0,0.0,0.0,0.12167096883058548,0.0,0.0,0.12167096883058548,4.0,149.0
21.176481353491546,63.989314965928955,1.4210854715202004e-14,0.0,0.0,0.0,0.0,-0.10255654116695849,0.0,2.3335001264299664,0.0,1.3926218695334752e-14,0.23913499712942637,0.0,0.0,0.0,0.10272012650966644,0.0,0.0,0.10272012650966644,5.0,150.0
21.169731246680023,69.19144345743658,1.6940658945086007e-21,0.0,0.0,0.0,0.0,-0.14258017063459416,0.0,2.337928444998605,0.0,0.0,0.34427300095558167,0.0,0.0,0.0,0.13099421560764313,0.0,0.0,0.13099421560764313,6.0,151.0
21.1629811398685,69.61027502598132,1.694015104488079e-21,0.0,0.0,0.0,0.0,0.0,0.0,2.3659999847412108,0.39383500814437866,0.0,0.0,0.5435416642576456,0.0,0.024023300036787987,0.0,0.0,0.0,0.024023300036787987,7.0,152.0
21.156231033056976,71.20532469647236,0.543541669845581,0.0,0.0,0.0,0.0,0.0,0.0,2.4787142072405133,0.4058389961719513,0.0,0.0,2.408836778253317,0.0,0.04767424240708351,0.0,0.0,0.0,0.04767424240708351,8.0,153.0
21.149480926245452,43.9573835060483,2.952362060546875,0.0,0.0,0.0,0.0,0.36353899716492427,0.0,2.5480713980538505,0.4112839996814728,0.0,0.0,0.0,3.6353898271918297,0.02312610298395157,0.0,0.0,0.0,0.02312610298395157,9.0,154.0
20.776059923533847,43.28615244885391,2.9522736072540283,0.0,0.0,0.0,0.0,0.2835627564216751,3.675857080732073,0.0,0.544202983379364,0.0,0.0,2.5567281246185303,2.8356274515390396,0.11494146287441254,0.0,0.0,0.11494146287441254,0.0,10.0,155.0
20.405599105613,42.6149221326918,5.508913040161133,0.0,0.0,0.0,0.0,0.5680062565346553,3.7092142922537668,0.0,0.4423390030860901,0.0,0.0,0.1597987562417984,5.680062339641154,0.009650050662457943,0.0,0.0,0.009650050662457943,0.0,11.0,156.0
20.23051225967328,41.94369181652969,5.668546676635742,0.0,0.0,0.0,0.0,0.4789787132632214,3.7312143325805662,0.0,0.42735400795936584,0.0,0.0,0.49805599451065063,4.789786942303181,0.033253006637096405,0.0,0.0,0.033253006637096405,0.0,12.0,157.0
21.520332439683635,41.272461500367584,6.166432857513428,0.0,0.0,0.0,0.0,0.3062223556130069,3.749999945504325,0.0,0.4101420044898987,0.0,0.0,0.0,3.062223434448242,2.3159842491149902,0.0,0.0,2.3159842491149902,0.0,13.0,158.0
21.347010809220322,40.601231184205474,6.166247844696045,0.0,0.0,0.0,0.0,0.18570200570233658,3.7524999346051895,0.0,0.42344900965690613,0.0,0.0,1.450860857963562,1.8570199832320213,0.03447011858224869,0.0,0.0,0.03447011858224869,0.0,14.0,159.0
21.34026156589389,31.816851454883814,7.616923809051514,0.0,0.0,0.0,0.0,0.08646153448058788,0.0,2.6498570578438896,0.42343100905418396,0.0,0.0,0.04569041356444359,0.8646153104491532,0.007663145195692778,0.0,0.0,0.0,0.007663145195692778,15.0,160.0
21.333511459082366,35.24042209119541,7.662385940551758,0.0,0.0,0.0,0.0,-0.1572358752682157,0.0,2.56735714503697,0.09120000153779984,0.0,0.4409540295600891,0.0,0.0,0.0,0.08316553384065628,0.0,0.0,0.08316553384065628,16.0,161.0
21.326761352270843,41.85140523012437,7.662156105041504,0.0,0.0,0.0,0.0,-0.25662785000116983,0.0,2.5287142617361886,0.0,0.0,0.7052639722824097,0.0,0.0,0.0,0.15016216039657593,0.0,0.0,0.15016216039657593,17.0,162.0
21.32001124545932,53.03452732399065,7.66192626953125,0.0,0.0,0.0,0.0,-0.458863120361124,0.0,2.5106429508754187,0.0,0.21106913113120385,0.8458819148587864,0.0,0.0,0.0,0.6836617588996887,0.0,0.0,0.6836617588996887,18.0,163.0
21.313261138647796,45.05162676048224,7.446319580078125,0.0,0.0,0.0,0.0,0.028030676984557357,0.0,2.498214394705636,0.0,0.5575230121612549,0.0,0.0,0.0,0.0,0.0,0.09359479695558548,0.0,0.09359479695558548,19.0,164.0
21.306511031836273,44.99732335391646,6.495663166046143,0.0,0.0,0.0,0.0,-0.1446403335512808,0.0,2.4824286324637277,0.0,0.0,0.4691759943962097,0.0,0.0,0.0,0.012958431616425514,0.0,0.0,0.012958431616425514,20.0,165.0
21.29976092502475,41.01288119639924,6.495468616485596,0.0,0.0,0.0,0.0,-0.16718497344593075,0.0,2.4633570534842355,0.0,0.0,0.4084100127220154,0.0,0.0,0.0,0.1488732099533081,0.0,0.0,0.1488732099533081,21.0,166.0
21.293010818213226,37.11408279151694,6.495274066925049,0.0,0.0,0.0,0.0,-0.14177891206856197,0.0,2.4451429639543805,0.0,0.0,0.3546009957790375,0.0,0.0,0.0,0.11799535900354385,0.0,0.0,0.11799535900354385,22.0,167.0
21.286260711401702,39.37408296251469,6.495079517364502,0.0,0.0,0.0,0.0,-0.10175920533177063,0.0,2.4294285910470146,0.0,0.0,0.27628400921821594,0.0,0.0,0.0,0.06291332840919495,0.0,0.0,0.06291332840919495,23.0,168.0
21.27951060459018,38.81083737624851,6.494884967803955,0.0,0.0,0.0,0.0,0.14691451097970873,0.0,2.423642785208566,0.0,0.24138900637626648,0.0,0.0,0.0,0.0,0.0,0.0023231767117977142,0.0,0.0023231767117977142,0.0,169.0
21.272760497778656,40.73901786901193,4.7468767166137695,0.0,0.0,0.0,0.0,-0.0021726622378502283,0.0,2.4147856031145367,0.0,0.22142000496387482,0.0,0.0,0.0,0.0,0.007242207171721304,0.04888755386848942,0.0,0.056129761040210724,1.0,170.0
21.266010390967132,41.0729889674483,4.470910549163818,0.0,0.0,0.0,0.0,-0.06277331805873487,0.0,2.409642846243722,0.0,0.01904651909883448,0.18749248594228796,0.0,0.0,0.0,0.021751899272203445,0.0,0.0,0.021751899272203445,2.0,171.0
21.25926028415561,43.36266329228951,4.451341152191162,0.0,0.0,0.0,0.0,-0.0794768066993079,0.0,2.404214259556362,0.0,0.0,0.20070600509643555,0.0,0.0,0.0,0.06421667337417603,0.0,0.0,0.06421667337417603,3.0,172.0
21.252510177344085,43.65978141738889,4.451207637786865,0.0,0.0,0.0,0.0,-0.06945786379606966,0.0,2.3968570709228514,0.0,0.0,0.21046000719070435,0.0,0.0,0.0,0.021066196262836456,0.0,0.0,0.021066196262836456,4.0,173.0
21.24576007053256,45.84604395786879,4.451074123382568,0.0,0.0,0.0,0.0,-0.09049592750254964,0.0,2.3832857404436383,0.0,0.0,0.2391349971294403,0.0,0.0,0.0,0.06251808255910873,0.0,0.0,0.06251808255910873,5.0,174.0
20.690891529577396,45.174812879762115,4.4509406089782715,0.0,0.0,0.0,0.0,-0.044330115331444826,3.4454999106270927,0.0,0.0,0.20309834398733528,0.14117465696824638,0.0,0.0,0.0,0.006592388264834881,0.0,0.006592388264834881,0.0,6.0,175.0
20.68414126560092,46.09751530997667,4.243563652038574,0.0,0.0,0.0,0.0,0.008072441392041885,0.0,2.3992856706891743,0.39383500814437866,0.0,0.0,0.0,0.08072441071271896,0.03464055806398392,0.0,0.0,0.0,0.03464055806398392,7.0,176.0
20.375747402111305,45.426285352906646,4.243436336517334,0.0,0.0,0.0,0.0,0.13946545976263103,3.5489286150251114,0.0,0.4058389961719513,0.0,0.0,0.0,1.394654542207718,0.12800642848014832,0.0,0.0,0.12800642848014832,0.0,8.0,177.0
20.03225778610217,44.75505503674454,4.243309020996094,0.0,0.0,0.0,0.0,0.2760123250787383,3.58742858341762,0.0,0.4112839996814728,0.0,0.0,0.0,2.7601231411099434,0.05954276770353317,0.0,0.0,0.05954276770353317,0.0,9.0,178.0
20.97434944771798,44.08382472058243,4.2431817054748535,0.0,0.0,0.0,0.0,0.21285220038303504,3.6272857666015623,0.0,0.399042010307312,0.0,0.0,0.0,2.1285219192504883,2.5321359634399414,0.0,0.0,2.5321359634399414,0.0,10.0,179.0
20.967599975317718,46.1002215108829,4.243054389953613,0.0,0.0,0.0,0.0,0.42170060984097296,0.0,2.6120713915143696,0.4126780033111572,0.0,0.0,1.9210646152496338,4.217005930840969,0.053651370108127594,0.0,0.0,0.0,0.053651370108127594,11.0,180.0
20.960849868506195,47.48983770882276,6.163991928100586,0.0,0.0,0.0,0.0,0.6709858039661558,0.0,2.6682855878557477,0.42735400795936584,0.0,0.0,0.469065397977829,6.709857773035765,0.04027267172932625,0.0,0.0,0.0,0.04027267172932625,12.0,181.0
21.14207554995253,46.81860789318985,6.632872104644775,0.0,0.0,0.0,0.0,0.5557851177765964,3.7727142878941127,0.0,0.4101420044898987,0.0,0.0,0.5544800758361816,5.557850956916809,0.5027769804000854,0.0,0.0,0.5027769804000854,0.0,13.0,182.0
21.146969994704428,46.14737757702774,7.187153339385986,0.0,0.0,0.0,0.0,0.463496288820953,3.776071493966239,0.0,0.42344900965690613,0.0,0.0,0.5825862288475037,4.6349627040326595,0.03145209327340126,0.0,0.0,0.03145209327340126,0.0,14.0,183.0
21.144295748882975,45.47614726086563,7.769524097442627,0.0,0.0,0.0,0.0,0.21931080516172635,3.7349286215645927,0.0,0.42343100905418396,0.0,0.0,0.5522890090942383,2.1931079644709826,0.01652204804122448,0.0,0.0,0.01652204804122448,0.0,15.0,184.0
21.137546645849945,46.99939430473241,8.321579933166504,0.0,0.0,0.0,0.0,-0.06458683903860396,0.0,2.5380000523158484,0.36195001006126404,0.0,0.1702040135860443,0.0,0.0,0.0,0.04508544132113457,0.0,0.0,0.04508544132113457,16.0,185.0
21.13079653903842,51.4458285369447,8.321330070495605,0.0,0.0,0.0,0.0,-0.24364437087950552,0.0,2.4966427394321986,0.0,0.0,0.7052639722824097,0.0,0.0,0.0,0.10688389837741852,0.0,0.0,0.10688389837741852,17.0,186.0
21.124046432226898,48.910336723854655,8.321080207824707,0.0,0.0,0.0,0.0,-0.2403277522455749,0.0,2.5017857687813896,0.0,0.0,0.6709100008010864,0.0,0.0,0.0,0.13018247485160828,0.0,0.0,0.13018247485160828,18.0,187.0
21.117296325415374,46.44826352895476,8.320830345153809,0.0,0.0,0.0,0.0,-0.23514598350310223,0.0,2.499428558349609,0.0,0.0,0.5575230121612549,0.0,0.0,0.0,0.22629690170288086,0.0,0.0,0.22629690170288086,19.0,188.0
21.11054621860385,42.73598251754211,8.32058048248291,0.0,0.0,0.0,0.0,-0.17467332133346058,0.0,2.4860713958740233,0.0,0.0,0.4691759943962097,0.0,0.0,0.0,0.11306838691234589,0.0,0.0,0.11306838691234589,20.0,189.0
21.103796111792327,34.914540114788544,8.320330619812012,0.0,0.0,0.0,0.0,-0.10491267395410606,0.0,2.4784286499023436,0.0,0.06572807544244696,0.3426819372795684,0.0,0.0,0.0,0.007026962004601955,0.0,0.0,0.007026962004601955,21.0,190.0
21.097046004980804,35.881262417112936,8.253011703491211,0.0,0.0,0.0,0.0,-0.11674654277151975,0.0,2.4717142377580914,0.0,0.0,0.3546009957790375,0.0,0.0,0.0,0.0345541313290596,0.0,0.0,0.0345541313290596,22.0,191.0
21.09029589816928,39.72445868402276,8.252764701843262,0.0,0.0,0.0,0.0,-0.1115987196206536,0.0,2.459428460257394,0.0,0.0,0.27628400921821594,0.0,0.0,0.0,0.09571170806884766,0.0,0.0,0.09571170806884766,23.0,192.0
21.083545791357757,40.0796163789794,8.252517700195312,0.0,0.0,0.0,0.0,0.16314350701890265,0.0,2.4272858210972377,0.0,0.24138900637626648,0.0,0.0,0.0,0.0,0.0,0.022048957645893097,0.0,0.022048957645893097,0.0,193.0
21.076795684546234,39.75498964473713,6.318727016448975,0.0,0.0,0.0,0.0,0.11533164454135501,0.0,2.3992856706891743,0.0,0.22142000496387482,0.0,0.0,0.0,0.0,0.0,0.007532636635005474,0.0,0.007532636635005474,1.0,194.0
21.07004557773471,40.63676646641205,4.908059120178223,0.0,0.0,0.0,0.0,-0.007897216112681574,0.0,2.3876429421561105,0.0,0.20653900504112244,0.0,0.0,0.0,0.0,0.02632405266291471,0.007591645865375085,0.0,0.033915698528289795,2.0,195.0
21.063295470923187,40.33816651162978,4.689411163330078,0.0,0.0,0.0,0.0,0.0026785509617400444,0.0,2.378071321759905,0.0,0.20070600509643555,0.0,0.0,0.0,0.0,0.0,0.00817047618329525,0.0,0.00817047618329525,3.0,196.0
21.056545364111663,41.01071427736426,4.448799133300781,0.0,0.0,0.0,0.0,-0.07199946033952465,0.0,2.372142737252372,0.0,0.0,0.21046000719070435,0.0,0.0,0.0,0.02953818440437317,0.0,0.0,0.02953818440437317,4.0,197.0
21.04979525730014,33.85867286237098,4.448665618896484,0.0,0.0,0.0,0.0,0.02632027923393966,0.0,2.3801429748535154,0.0,0.2391349971294403,0.0,0.0,0.0,0.0,0.0,0.02287355810403824,0.0,0.02287355810403824,5.0,198.0
21.043045150488616,29.48465394527727,3.912602186203003,0.0,0.0,0.0,0.0,-0.08842809946664869,0.0,2.3818571363176617,0.0,0.1554791895013281,0.18879381145425356,0.0,0.0,0.0,0.10596650838851929,0.0,0.0,0.10596650838851929,6.0,199.0
21.036295043677093,34.67479746747556,3.7538325786590576,0.0,0.0,0.0,0.0,0.0,0.0,2.4067142486572264,0.39383500814437866,0.0,0.0,0.16507431864738464,0.0,0.1269906461238861,0.0,0.0,0.0,0.1269906461238861,7.0,200.0
20.854515370832274,34.00356730481094,3.9187943935394287,0.0,0.0,0.0,0.0,0.1818863136325799,3.5750000272478375,0.0,0.4058389961719513,0.0,0.0,0.0,1.8188630640506744,0.36309799551963806,0.0,0.0,0.36309799551963806,0.0,8.0,201.0
21.009519483757174,33.332336988648834,3.9186768531799316,0.0,0.0,0.0,0.0,0.0,3.6807856695992607,0.0,0.4112839996814728,0.0,0.0,1.955268144607544,0.0,1.2918980121612549,0.0,0.0,1.2918980121612549,0.0,9.0,202.0
21.084770959030283,32.661106672486724,5.8738274574279785,0.0,0.0,0.0,0.0,0.12314733756173979,3.798214312962123,0.0,0.399042010307312,0.0,0.0,1.1525112390518188,1.2314733266830444,1.1119732856750488,0.0,0.0,1.1119732856750488,0.0,10.0,203.0
21.339296352271845,31.98987635632462,7.026162624359131,0.0,0.0,0.0,0.0,0.4616213922350158,3.9153571265084404,0.0,0.4126780033111572,0.0,0.0,0.20242640376091003,4.616213738918304,0.45538195967674255,0.0,0.0,0.45538195967674255,0.0,11.0,204.0
21.186433179938327,31.31864604016251,7.2283782958984375,0.0,0.0,0.0,0.0,0.5872482309638742,3.9899285997663227,0.0,0.42735400795936584,0.0,0.0,0.0,5.87248207628727,0.0699140876531601,0.0,0.0,0.0699140876531601,0.0,12.0,205.0
21.205052864384065,30.6474157240004,7.228161811828613,0.0,0.0,0.0,0.0,0.3096032157631001,4.002214241027832,0.0,0.4101420044898987,0.0,0.0,0.5053876042366028,3.0960320346057415,0.052538204938173294,0.0,0.0,0.052538204938173294,0.0,13.0,206.0
21.198303329199554,30.939380532441795,7.733333110809326,0.0,0.0,0.0,0.0,0.08101818566841612,0.0,2.9100714547293527,0.42344900965690613,0.0,0.0,0.60731041431427,0.810181824490428,0.017258675768971443,0.0,0.0,0.0,0.017258675768971443,14.0,207.0
21.19155322238803,33.899213921675994,8.340412139892578,0.0,0.0,0.0,0.0,0.01832792310229629,0.0,2.85278560093471,0.42343100905418396,0.0,0.0,0.2341713309288025,0.18327922374010086,0.06636842340230942,0.0,0.0,0.0,0.06636842340230942,15.0,208.0
21.184803115576507,35.31869620107494,8.574333190917969,0.0,0.0,0.0,0.0,-0.15017191991893108,0.0,2.7481427328927177,0.07124999910593033,0.0,0.4609040319919586,0.0,0.0,0.0,0.039669014513492584,0.0,0.0,0.039669014513492584,16.0,209.0
21.178053008764984,35.25400450195742,8.574075698852539,0.0,0.0,0.0,0.0,-0.26119300568870685,0.0,2.7020715441022602,0.0,0.0,0.7052639722824097,0.0,0.0,0.0,0.1653793454170227,0.0,0.0,0.1653793454170227,17.0,210.0
21.17130290195346,31.91204118003044,8.57381820678711,0.0,0.0,0.0,0.0,-0.0772617354404085,0.0,2.6769286019461496,0.0,0.6685359333930876,0.0023740674079988366,0.0,0.0,0.0,0.2551650404930115,0.0,0.0,0.2551650404930115,18.0,211.0
21.485725115239678,31.240810957154697,7.89138126373291,0.0,0.0,0.0,0.0,-0.5376908396756974,3.72478575025286,0.0,0.0,0.0,0.5575230121612549,0.0,0.0,0.0,1.234779715538025,0.0,1.234779715538025,0.0,19.0,212.0
21.47897540256381,35.407817705266325,7.891144752502441,0.0,0.0,0.0,0.0,-0.16952850449198476,0.0,2.6301429748535154,0.0,0.0,0.4691759943962097,0.0,0.0,0.0,0.09591899812221527,0.0,0.0,0.09591899812221527,20.0,213.0
21.47222529575229,31.788366469265565,7.890908241271973,0.0,0.0,0.0,0.0,-0.1593687344339978,0.0,2.6289285387311665,0.0,0.0,0.4084100127220154,0.0,0.0,0.0,0.12281908094882965,0.0,0.0,0.12281908094882965,21.0,214.0
22.102800717517,31.1171365644545,7.890671730041504,0.10280071751699893,0.0,0.0,0.0,-0.6555376685398198,3.6978571210588727,0.0,0.0,0.0,0.3546009957790375,0.0,0.0,0.0,1.4878554344177246,0.0,1.4878554344177246,0.0,22.0,215.0
21.75379250004206,30.445906248292392,7.890435218811035,0.0,0.0,0.0,0.0,-0.09779066235982015,3.6876428604125975,0.0,0.0,0.0,0.27628400921821594,0.0,0.0,0.0,0.04968485236167908,0.0,0.04968485236167908,0.0,23.0,216.0
21.74704180881381,30.911469742052223,7.890198707580566,0.0,0.0,0.0,0.0,-0.0666240435635648,0.0,2.5920000893729074,0.0,0.042177678347963266,0.19921132802830321,0.0,0.0,0.0,0.0228688083589077,0.0,0.0,0.0228688083589077,0.0,217.0
21.562363674288225,30.240240659913486,7.846923828125,0.0,0.0,0.0,0.0,0.10996659768770388,3.649285670689174,0.0,0.0,0.22142000496387482,0.0,0.0,0.0,0.0,0.0,0.01831950433552265,0.01831950433552265,0.0,1.0,218.0
21.55561457797885,36.389008819014755,6.4799485206604,0.0,0.0,0.0,0.0,0.11447490451781264,0.0,2.59278564453125,0.0,0.20653900504112244,0.0,0.0,0.0,0.0,0.0,0.1371559053659439,0.0,0.1371559053659439,2.0,219.0
21.006879870199036,35.71777781506485,4.960934162139893,0.0,0.0,0.0,0.0,-0.06536399851447328,3.7036429268973214,0.0,0.0,0.0,0.20070600509643555,0.0,0.0,0.0,0.01717398129403591,0.0,0.01717398129403591,0.0,3.0,220.0
21.000129806250335,37.3005787313615,4.960785388946533,0.0,0.0,0.0,0.0,-0.06009990333784132,0.0,2.6642142159598214,0.0,0.05424214133392091,0.15621786585678343,0.0,0.0,0.0,0.04411513730883598,0.0,0.0,0.04411513730883598,4.0,221.0
20.99337969943881,37.61543666927315,4.905287265777588,0.0,0.0,0.0,0.0,-0.04951302564818361,0.0,2.6683572496686665,0.0,0.09336098793060899,0.14577400919883132,0.0,0.0,0.0,0.01926940307021141,0.0,0.0,0.01926940307021141,5.0,222.0
20.98662959262729,44.98165790625114,4.809874057769775,0.0,0.0,0.0,0.0,-0.15096081797126182,0.0,2.6369998931884764,0.0,0.0,0.34427300095558167,0.0,0.0,0.0,0.158929705619812,0.0,0.0,0.158929705619812,6.0,223.0
20.61104603254422,44.31042918225235,4.809730052947998,0.0,0.0,0.0,0.0,-0.10382765128042512,3.6504999705723353,0.0,0.049400001764297485,0.0,0.3444350063800812,0.0,0.0,0.0,0.0016571508022025228,0.0,0.0016571508022025228,0.0,7.0,224.0
20.637653948830994,43.63919886609024,4.809586048126221,0.0,0.0,0.0,0.0,0.09808527388595617,3.605857113429478,0.0,0.38475000858306885,0.021088987588882446,0.0,0.0,0.0,0.0,0.0,0.40917521715164185,0.40917521715164185,0.0,8.0,225.0
20.26266682553042,42.96796854992813,3.3695268630981445,0.0,0.0,0.0,0.0,0.039834105921525934,3.5843570709228514,0.0,0.4567109942436218,0.0,0.0,0.0,0.39834104338660836,0.0027979775331914425,0.0,0.0,0.0027979775331914425,0.0,9.0,226.0
20.868595180825523,42.29673823376602,3.3694257736206055,0.0,0.0,0.0,0.0,0.20743511550458893,3.586928585597447,0.0,0.399042010307312,0.0,0.0,0.0,0.0,1.0373579263687134,0.0,1.1264320611953735,2.163789987564087,0.0,10.0,227.0
20.861845123022796,43.71120781719873,0.10321950912475586,0.0,0.0,0.0,0.0,0.0,0.0,2.5247142791748045,0.4126780033111572,0.0,0.0,1.3264458701014519,0.0,0.043076105415821075,0.0,0.0,0.0,0.043076105415821075,11.0,228.0
20.855095016211273,44.566412859087826,1.4296622276306152,0.0,0.0,0.0,0.0,0.0,0.0,2.520928464617048,0.42735400795936584,0.0,0.0,1.1712730340659618,0.0,0.03157289698719978,0.0,0.0,0.0,0.03157289698719978,12.0,229.0
20.84834490939975,40.31443326037841,2.6008923053741455,0.0,0.0,0.0,0.0,0.0,0.0,2.4991427285330636,0.4101420044898987,0.0,0.0,0.6726395795121789,0.0,0.004018395207822323,0.0,0.0,0.0,0.004018395207822323,13.0,230.0
20.841594802588226,38.13520439771659,3.273453950881958,0.0,0.0,0.0,0.0,0.0,0.0,2.4750714438302177,0.42344900965690613,0.0,0.0,0.26080819591879845,0.0,0.04724276438355446,0.0,0.0,0.0,0.04724276438355446,14.0,231.0
20.834844695776702,41.44167236237831,3.5341639518737793,0.0,0.0,0.0,0.0,0.0,0.0,2.4571429116385324,0.42343100905418396,0.0,0.0,0.1267581358551979,0.0,0.08441083878278732,0.0,0.0,0.0,0.08441083878278732,15.0,232.0
20.82809458896518,31.446185149719074,3.660816192626953,0.0,0.0,0.0,0.0,0.05831393082363778,0.0,2.430999973842076,0.09404999762773514,0.7471539974212646,0.0,0.0,0.0,0.0,0.0,0.16292482614517212,0.0,0.16292482614517212,16.0,233.0
20.821344482153656,31.27342814788638,2.137014627456665,0.0,0.0,0.0,0.0,-0.4853807729878381,0.0,2.413785607474191,0.0,0.09364353675112014,1.1319934223248076,0.0,0.0,0.0,0.48594242334365845,0.0,0.0,0.48594242334365845,17.0,234.0
20.814594375342132,48.88856719423216,2.041395902633667,0.0,0.0,0.0,0.0,-0.32032686552710743,0.0,2.4027142660958427,0.0,0.0,0.6709100008010864,0.0,0.0,0.0,0.3968461751937866,0.0,0.0,0.3968461751937866,18.0,235.0
20.80784426853061,52.353422450985434,2.041334629058838,0.0,0.0,0.0,0.0,-0.19434442398327256,0.0,2.388571548461914,0.0,0.0,0.5575230121612549,0.0,0.0,0.0,0.09029170870780945,0.0,0.0,0.09029170870780945,19.0,236.0
20.801094161719085,58.0057806520465,2.041273355484009,0.0,0.0,0.0,0.0,-0.1825703574248294,0.0,2.365499986921038,0.0,0.0,0.4691759943962097,0.0,0.0,0.0,0.13939183950424194,0.0,0.0,0.13939183950424194,20.0,237.0
20.79434405490756,63.50706843108459,2.0412120819091797,0.0,0.0,0.0,0.0,-0.16394950504897032,0.0,2.3307856968470984,0.0,0.0,0.4084100127220154,0.0,0.0,0.0,0.13808831572532654,0.0,0.0,0.13808831572532654,21.0,238.0
20.78759394809604,62.304965008298765,2.0411508083343506,0.0,0.0,0.0,0.0,-0.1639245694448377,0.0,2.2873570033482142,0.0,0.0,0.3546009957790375,0.0,0.0,0.0,0.19181421399116516,0.0,0.0,0.19181421399116516,22.0,239.0
20.780843841284515,66.70543694683694,2.0410895347595215,0.0,0.0,0.0,0.0,-0.11817489288945549,0.0,2.2481430053710936,0.0,0.0,0.27628400921821594,0.0,0.0,0.0,0.11763228476047516,0.0,0.0,0.11763228476047516,23.0,240.0
20.77409373447299,76.80826869057914,2.0410282611846924,0.0,0.0,0.0,0.0,-0.14861908847566774,0.0,2.2117142813546318,0.0,0.0,0.24138900637626648,0.0,0.0,0.0,0.2540079355239868,0.0,0.0,0.2540079355239868,0.0,241.0
20.767343627661468,85.5556221235551,2.0409669876098633,0.0,0.0,0.0,0.0,0.022012026531918635,0.0,2.1784285954066687,0.0,0.22142000496387482,0.0,0.0,0.0,0.0,0.0,0.22544428706169128,0.0,0.22544428706169128,1.0,242.0
20.760593520849945,94.9967347558667,1.3603092432022095,0.0,0.0,0.0,0.0,-0.0905283508709588,0.0,2.1527142660958427,0.0,0.14971917145776104,0.0568198335833614,0.0,0.0,0.0,0.2449413239955902,0.0,0.0,0.2449413239955902,2.0,243.0
20.75384341403842,104.66441253941412,1.207493782043457,0.0,0.0,0.0,0.0,-0.1358374411200458,0.0,2.138571275983538,0.0,0.0,0.20070600509643555,0.0,0.0,0.0,0.25208544731140137,0.0,0.0,0.25208544731140137,3.0,244.0
20.747093307226898,113.89610653065535,1.2074575424194336,0.0,0.0,0.0,0.0,-0.13542968274870226,0.0,2.1428570883614677,0.0,0.0,0.21046000719070435,0.0,0.0,0.0,0.24097225069999695,0.0,0.0,0.24097225069999695,4.0,245.0
20.740343200415374,122.33906342583968,1.2074213027954102,0.0,0.0,0.0,0.0,-0.13795217525768955,0.0,2.153285653250558,0.0,0.0,0.2391349971294403,0.0,0.0,0.0,0.2207055687904358,0.0,0.0,0.2207055687904358,5.0,246.0
20.73359309360385,118.32760949143787,1.2073850631713867,0.0,0.0,0.0,0.0,0.06919916340865878,0.0,2.167500032697405,0.0,0.34427300095558167,0.0,0.0,0.0,0.0,0.0,0.14693713188171387,0.0,0.14693713188171387,6.0,247.0
20.726842986792327,121.84093063528515,1.3334505410966813e-7,0.0,0.0,0.0,0.0,-0.010325927238406259,0.0,2.1943571363176617,0.39383500814437866,0.0,0.0,0.0,0.0,0.06501498818397522,0.03441975609363597,1.306742282589443e-7,0.0,0.09943487495183945,7.0,248.0
20.720092879980804,127.0452365868836,1.4210854715202004e-14,0.0,0.0,0.0,0.0,0.0,0.0,2.2447141374860493,0.4058389961719513,0.0,0.0,0.7582264542579651,0.0,0.1364845633506775,0.0,0.0,0.0,0.1364845633506775,8.0,249.0
20.71334277316928,100.11238272006887,0.7582264542579651,0.0,0.0,0.0,0.0,0.04279793670963983,0.0,2.285642841884068,1.2514309883117676,0.0,0.0,0.0,0.42797935009002686,0.29563963413238525,0.0,0.0,0.0,0.29563963413238525,9.0,250.0
20.706592666357757,74.16807338711777,0.7582037448883057,0.0,0.0,0.0,0.0,0.08657237635343762,0.0,2.3241429465157646,0.47059300541877747,0.0,0.0,0.0,0.865723729133606,0.6567833423614502,0.0,0.0,0.0,0.6567833423614502,10.0,251.0
20.699842559546234,58.41824846874547,0.7581810355186462,0.0,0.0,0.0,0.0,0.23326819869948187,0.0,2.3635713849748883,0.5296559929847717,0.0,0.0,0.0,2.332681894302368,0.08171200752258301,0.0,0.0,0.0,0.08171200752258301,11.0,252.0
21.144984264893303,57.747017469605865,0.7581583261489868,0.0,0.0,0.0,0.0,0.10609031145136782,3.4683570316859655,0.0,0.42735400795936584,0.0,0.0,0.0,1.0609030723571777,1.5792927742004395,0.0,0.0,1.5792927742004395,0.0,12.0,253.0
20.71926606412018,57.075787153443756,0.7581356167793274,0.0,0.0,0.0,0.0,0.15639836813602298,3.490499986921038,0.0,0.4101420044898987,0.0,0.0,0.0,1.5639836192131042,0.6003745198249817,0.0,0.0,0.6003745198249817,0.0,13.0,254.0
20.712516891211273,49.3437656882416,0.758112907409668,0.0,0.0,0.0,0.0,0.0829575511994977,0.0,2.425999995640346,0.42344900965690613,0.0,0.0,0.0,0.8295754790306091,0.4408254027366638,0.0,0.0,0.0,0.4408254027366638,14.0,255.0
20.70576678439975,45.63709880930629,0.7580901980400085,0.0,0.0,0.0,0.0,0.0019995943506397515,0.0,2.4132142203194755,0.42343100905418396,0.0,0.0,0.0,0.01999594271183014,0.11802305281162262,0.0,0.0,0.0,0.11802305281162262,15.0,256.0
20.699016677588226,48.866396597348945,0.7580674886703491,0.0,0.0,0.0,0.0,-0.17725772816966856,0.0,2.384214346749442,0.026600001379847527,0.0,0.5055540204048157,0.0,0.0,0.0,0.08530505001544952,0.0,0.0,0.08530505001544952,16.0,257.0
20.692266570776702,52.87069673998711,0.7580447793006897,0.0,0.0,0.0,0.0,-0.24262290517977458,0.0,2.356000028337751,0.0,0.0,0.7052639722824097,0.0,0.0,0.0,0.10347901284694672,0.0,0.0,0.10347901284694672,17.0,258.0
20.68551646396518,56.204470457056175,0.7580220699310303,0.0,0.0,0.0,0.0,-0.12323362290439194,0.0,2.339571489606585,0.0,0.34939261222406515,0.3215173885770213,0.0,0.0,0.0,0.08926133811473846,0.0,0.0,0.08926133811473846,18.0,259.0
20.678766357153656,56.74804001341298,0.40147629380226135,0.0,0.0,0.0,0.0,-0.11799035979030557,0.0,2.329571533203125,0.0,0.39343494704178283,0.16408806511947205,0.0,0.0,0.0,0.22921311855316162,0.0,0.0,0.22921311855316162,19.0,260.0
20.672016250342132,62.04839226812243,2.9802322387695312e-8,0.0,0.0,0.0,0.0,-0.18095145646538136,0.0,2.3237857273646765,0.0,0.0,0.4691759943962097,0.0,0.0,0.0,0.13399550318717957,0.0,0.0,0.13399550318717957,20.0,261.0
20.66526614353061,67.48760660072737,2.9801428880205094e-8,0.0,0.0,0.0,0.0,-0.1637108599627357,0.0,2.320714351109096,0.0,0.0,0.4084100127220154,0.0,0.0,0.0,0.13729283213615417,0.0,0.0,0.13729283213615417,21.0,262.0
20.658516036719085,72.6696248488478,2.9800535372714876e-8,0.0,0.0,0.0,0.0,-0.14587703926869366,0.0,2.318214362008231,0.0,0.0,0.3546009957790375,0.0,0.0,0.0,0.13165578246116638,0.0,0.0,0.13165578246116638,22.0,263.0
20.65176592990756,77.44739306627197,2.9799641865224658e-8,0.0,0.0,0.0,0.0,-0.11970634489084642,0.0,2.3149285452706474,0.0,0.0,0.27628400921821594,0.0,0.0,0.0,0.12273712456226349,0.0,0.0,0.12273712456226349,23.0,264.0
20.64501582309604,88.47917343268895,2.979874835773444e-8,0.0,0.0,0.0,0.0,-0.15158427065945723,0.0,2.3124285561697824,0.0,0.0,0.24138900637626648,0.0,0.0,0.0,0.26389187574386597,0.0,0.0,0.26389187574386597,0.0,265.0
20.638265716284515,100.32171021688654,2.979785485024422e-8,0.0,0.0,0.0,0.0,-0.15115665052956917,0.0,2.3102857862200055,0.0,0.0,0.22142000496387482,0.0,0.0,0.0,0.28243547677993774,0.0,0.0,0.28243547677993774,1.0,266.0
20.63151560947299,112.23866676385973,2.9796961342754003e-8,0.0,0.0,0.0,0.0,-0.14718834448609108,0.0,2.3104999542236326,0.0,0.0,0.20653900504112244,0.0,0.0,0.0,0.28408879041671753,0.0,0.0,0.28408879041671753,2.0,267.0
20.624765502661468,123.728264137227,2.9796067835263784e-8,0.0,0.0,0.0,0.0,-0.1422862228666233,0.0,2.3177857535226005,0.0,0.0,0.20070600509643555,0.0,0.0,0.0,0.2735813856124878,0.0,0.0,0.2735813856124878,3.0,268.0
20.618015395849945,134.76045027726423,2.9795174327773566e-8,0.0,0.0,0.0,0.0,-0.14194804994058785,0.0,2.3229998997279577,0.0,0.0,0.21046000719070435,0.0,0.0,0.0,0.2627001404762268,0.0,0.0,0.2627001404762268,4.0,269.0
20.61126528903842,145.46798425400837,2.9794280820283348e-8,0.0,0.0,0.0,0.0,-0.14828432195521657,0.0,2.32542849949428,0.0,0.0,0.2391349971294403,0.0,0.0,0.0,0.2551460564136505,0.0,0.0,0.2551460564136505,5.0,270.0
20.604515182226898,155.8847487920593,2.979338731279313e-8,0.0,0.0,0.0,0.0,-0.17775307407987384,0.0,2.329071535382952,0.0,0.0,0.34427300095558167,0.0,0.0,0.0,0.2482372224330902,0.0,0.0,0.2482372224330902,6.0,271.0
20.597765075415374,164.5507458898382,2.979249380530291e-8,0.0,0.0,0.0,0.0,-0.054221219488828076,0.0,2.354285594395229,0.39383500814437866,0.0,0.0,0.0,0.0,0.02606499195098877,0.18073739111423492,0.0,0.0,0.2068023830652237,7.0,272.0
20.59101496860385,161.3679825831507,2.9791600297812693e-8,0.0,0.0,0.0,0.0,0.117945101328496,0.0,2.4558570861816404,0.5079860091209412,0.0,0.0,0.10049279779195786,1.1794509664177895,0.17762011289596558,0.0,0.0,0.0,0.17762011289596558,8.0,273.0
20.584264861792327,123.63442072144939,0.10049282759428024,0.0,0.0,0.0,0.0,0.35203378407294633,0.0,2.5109998975481305,0.4112839996814728,0.0,0.0,0.0,3.520337700843811,0.3129781484603882,0.0,0.0,0.0,0.3129781484603882,9.0,274.0
20.577514754980804,116.9110512998345,0.10048981755971909,0.0,0.0,0.0,0.0,0.25514066041074795,0.0,2.5310000828334265,0.399042010307312,0.0,0.0,2.8660781383514404,2.551406502723694,0.22642338275909424,0.0,0.0,0.0,0.22642338275909424,10.0,275.0
21.198156675977756,116.23981913586563,2.966564893722534,0.0,0.0,0.0,0.0,0.3895070469183537,3.6099286215645927,0.0,0.4126780033111572,0.0,0.0,0.0,3.8950703144073486,2.847651243209839,0.0,0.0,2.847651243209839,0.0,11.0,276.0
21.191406356543304,123.9009787536132,2.9664759635925293,0.0,0.0,0.0,0.0,0.6312674266603551,0.0,2.537500054495675,0.42735400795936584,0.0,0.0,0.0,6.312674015760422,0.1712222397327423,0.0,0.0,0.0,0.1712222397327423,12.0,277.0
21.18465624973178,106.40748690534465,2.9663870334625244,0.0,0.0,0.0,0.0,0.5574557324729645,0.0,2.5322142464773996,0.4101420044898987,0.0,0.0,0.0,5.574557103216648,0.0706007108092308,0.0,0.0,0.0,0.0706007108092308,13.0,278.0
21.177906142920257,108.44408721231939,2.9662981033325195,0.0,0.0,0.0,0.0,0.395604149698382,0.0,2.5186429159981865,0.42344900965690613,0.0,0.0,0.0,3.9560413397848606,0.056059833616018295,0.0,0.0,0.0,0.056059833616018295,14.0,279.0
21.171156036108734,109.46504757172326,2.9662091732025146,0.0,0.0,0.0,0.0,0.19959422099964672,0.0,2.4906427655901227,0.42343100905418396,0.0,0.0,0.0,1.9959421306848526,0.03542707860469818,0.0,0.0,0.0,0.03542707860469818,15.0,280.0
21.16440592929721,115.92156052216825,2.9661202430725098,0.0,0.0,0.0,0.0,-0.10589540425520738,0.0,2.423928615025112,0.33249998092651367,0.0,0.19965404272079468,0.0,0.0,0.0,0.15333062410354614,0.0,0.0,0.15333062410354614,16.0,281.0
21.157655822485687,114.3562374940709,2.966031312942505,0.0,0.0,0.0,0.0,-0.26547987323919386,0.0,2.3640713827950615,0.0,0.0,0.7052639722824097,0.0,0.0,0.0,0.17966890335083008,0.0,0.0,0.17966890335083008,17.0,282.0
21.150905715674163,120.20743573580789,2.9659423828125,0.0,0.0,0.0,0.0,-0.24505056818527216,0.0,2.3306429181780133,0.0,0.0,0.6709100008010864,0.0,0.0,0.0,0.14592519402503967,0.0,0.0,0.14592519402503967,18.0,283.0
21.14415560886264,110.71209879892206,2.965853452682495,0.0,0.0,0.0,0.0,0.1367092306905832,0.0,2.3102857862200055,0.0,0.5575230121612549,0.0,0.0,0.0,0.0,0.0,0.4505094885826111,0.0,0.4505094885826111,19.0,284.0
21.137405502051116,104.5319714207999,0.5421679019927979,0.0,0.0,0.0,0.0,-0.012039000507566072,0.0,2.302857208251953,0.0,0.4691759943962097,0.0,0.0,0.0,0.0,0.040130000097263974,0.06213255645562299,0.0,0.10226255655288696,20.0,285.0
21.130655395239593,106.71589820807117,5.7974659739556955e-8,0.0,0.0,0.0,0.0,-0.1418947463420031,0.0,2.305571365356445,0.0,5.681345815574346e-8,0.4084099559085572,0.0,0.0,0.0,0.06457251310348511,0.0,0.0,0.06457251310348511,21.0,286.0
21.12390528842807,110.59771812882751,7.105427357601002e-15,0.0,0.0,0.0,0.0,-0.1372080320997228,0.0,2.310357175554548,0.0,6.963109347667376e-15,0.35460099577903054,0.0,0.0,0.0,0.10275909304618835,0.0,0.0,0.10275909304618835,22.0,287.0
21.117155181616546,115.61684852095841,8.470329472543003e-22,0.0,0.0,0.0,0.0,-0.1214778456679122,0.0,2.306499971662249,0.0,0.0,0.27628400921821594,0.0,0.0,0.0,0.12864212691783905,0.0,0.0,0.12864212691783905,23.0,288.0
21.110405074805023,123.87654361671218,8.470075522440395e-22,0.0,0.0,0.0,0.0,-0.1358200514642416,0.0,2.298214176722935,0.0,0.0,0.25010401010513306,0.0,0.0,0.0,0.2026294767856598,0.0,0.0,0.2026294767856598,0.0,289.0
21.1036549679935,131.73972558163953,8.469821572337786e-22,0.0,0.0,0.0,0.0,-0.12493789990496218,0.0,2.2816428593226843,0.0,0.0,0.22142000496387482,0.0,0.0,0.0,0.19503964483737946,0.0,0.0,0.19503964483737946,1.0,290.0
21.096904861181976,141.91340621425388,8.469567622235177e-22,0.0,0.0,0.0,0.0,-0.13713326105011525,0.0,2.2567857469831196,0.0,0.0,0.20653900504112244,0.0,0.0,0.0,0.2505718469619751,0.0,0.0,0.2505718469619751,2.0,291.0
21.090154754370452,143.28915381061017,8.469313672132568e-22,0.0,0.0,0.0,0.0,-0.12734317093464398,0.0,2.2302142007010324,0.0,8.2996776995767165e-22,0.20070600509643555,0.0,0.0,0.0,0.22377121448516846,0.0,0.0,0.22377121448516846,3.0,292.0
21.08340464755893,149.89003648144325,1.0097419586828951e-28,0.0,0.0,0.0,0.0,-0.11469514676710535,0.0,2.206428473336356,0.0,0.0,0.21046000719070435,0.0,0.0,0.0,0.17185713350772858,0.0,0.0,0.17185713350772858,4.0,293.0
21.076654540747406,155.99910982588108,1.0097116854715818e-28,0.0,0.0,0.0,0.0,-0.12012259245405943,0.0,2.1922143663678852,0.0,0.0,0.2391349971294403,0.0,0.0,0.0,0.16127362847328186,0.0,0.0,0.16127362847328186,5.0,294.0
21.069904433935882,164.4657546127003,1.0096814122602684e-28,0.0,0.0,0.0,0.0,-0.1686337016476669,0.0,2.1872857775006977,0.0,0.0,0.34427300095558167,0.0,0.0,0.0,0.217839315533638,0.0,0.0,0.217839315533638,6.0,295.0
21.06315432712436,148.46481009624617,1.0096511390489551e-28,0.0,0.0,0.0,0.0,0.05759967868922855,0.0,2.2150714874267576,0.4304429888725281,0.0,0.0,0.0,0.5759967640042305,0.050910286605358124,0.0,0.0,0.0,0.050910286605358124,7.0,296.0
21.056404220312835,153.83325665826194,1.0096208658376418e-28,0.0,0.0,0.0,0.0,0.0,0.0,2.2970714024135046,0.40821000933647156,0.0,0.0,3.1406905949115753,0.0,0.1370994746685028,0.0,0.0,0.0,0.1370994746685028,8.0,297.0
20.39863819940573,153.1620221998305,3.140690565109253,0.0,0.0,0.0,0.0,0.4749356756582124,3.4654287065778457,0.0,0.4112839996814728,0.0,0.0,0.0,4.74935656785965,0.3341595530509949,0.0,0.0,0.3341595530509949,0.0,9.0,298.0
21.441204889815445,152.4907880689711,3.140596389770508,0.0,0.0,0.0,0.0,0.15125098829471995,3.5608571733747207,0.0,0.399042010307312,0.0,0.0,0.0,1.512509822845459,2.996148109436035,0.0,0.0,2.996148109436035,0.0,10.0,299.0
21.434454070776702,144.08903268510815,3.1405022144317627,0.0,0.0,0.0,0.0,0.3150794303448764,0.0,2.5455714089529855,0.4126780033111572,0.0,0.0,0.0,3.150794178247452,0.033227771520614624,0.0,0.0,0.0,0.033227771520614624,11.0,300.0
21.42770396396518,143.47680512993753,3.1404080390930176,0.0,0.0,0.0,0.0,0.188755790403653,0.0,2.589428438459124,0.42735400795936584,0.0,0.0,0.0,1.8875578290317208,0.0011880749370902777,0.0,0.0,0.0,0.0011880749370902777,12.0,301.0
21.420953857153656,145.10623925328986,3.1403138637542725,0.0,0.0,0.0,0.0,0.23079425678329657,0.0,2.638571548461914,0.4101420044898987,0.0,0.0,0.0,2.3079424761235714,0.0454653836786747,0.0,0.0,0.0,0.0454653836786747,13.0,302.0
21.414203750342132,149.21526936867005,3.1402196884155273,0.0,0.0,0.0,0.0,0.13514313787790666,0.0,2.657428686959403,0.42344900965690613,0.0,0.0,0.1510227769613266,1.3514313250780106,0.09379667043685913,0.0,0.0,0.0,0.09379667043685913,14.0,303.0
21.40745364353061,153.86300145258423,3.2911481857299805,0.0,0.0,0.0,0.0,0.0,0.0,2.6456429072788783,0.42343100905418396,0.0,0.0,0.11583730578422546,0.0,0.10483163595199585,0.0,0.0,0.0,0.10483163595199585,15.0,304.0
21.400703536719085,157.84972417452985,3.4068868160247803,0.0,0.0,0.0,0.0,-0.16504385084088025,0.0,2.6104286193847654,0.0750500038266182,0.0,0.45710402727127075,0.0,0.0,0.0,0.09304212033748627,0.0,0.0,0.09304212033748627,16.0,305.0
21.39395342990756,152.63195175343387,3.406784772872925,0.0,0.0,0.0,0.0,-0.20097153043978233,0.0,2.5799998692103796,0.0,0.16784758030220104,0.5374163919802086,0.0,0.0,0.0,0.1324886828660965,0.0,0.0,0.1324886828660965,17.0,306.0
21.38720332309604,151.29759784541324,3.235409736633301,0.0,0.0,0.0,0.0,-0.26081310652943834,0.0,2.56235716683524,0.0,0.0,0.6709100008010864,0.0,0.0,0.0,0.19846698641777039,0.0,0.0,0.19846698641777039,18.0,307.0
21.380453216284515,148.7659492776407,3.2353127002716064,0.0,0.0,0.0,0.0,-0.2183464405276947,0.0,2.551857212611607,0.0,0.0,0.5575230121612549,0.0,0.0,0.0,0.17029842734336853,0.0,0.0,0.17029842734336853,19.0,308.0
21.37370310947299,148.5837933374479,3.235215663909912,0.0,0.0,0.0,0.0,-0.18994438061890495,0.0,2.548357227870396,0.0,0.0,0.4691759943962097,0.0,0.0,0.0,0.1639719158411026,0.0,0.0,0.1639719158411026,20.0,309.0
21.366953002661468,155.06525257918017,3.2351186275482178,0.0,0.0,0.0,0.0,-0.1663434079823256,0.0,2.553357206072126,0.0,0.0,0.4084100127220154,0.0,0.0,0.0,0.14606799185276031,0.0,0.0,0.14606799185276031,21.0,310.0
21.360202895849945,162.31601987109815,3.2350215911865234,0.0,0.0,0.0,0.0,-0.15479461569764652,0.0,2.559642737252372,0.0,0.0,0.3546009957790375,0.0,0.0,0.0,0.16138103604316711,0.0,0.0,0.16138103604316711,22.0,311.0
21.35345278903842,163.8271037523967,3.234924554824829,0.0,0.0,0.0,0.0,-0.09621503996213421,0.0,2.560999952043806,0.0,0.0,0.27628400921821594,0.0,0.0,0.0,0.04443277791142464,0.0,0.0,0.04443277791142464,23.0,312.0
21.346702682226898,167.19954819312358,3.2348275184631348,0.0,0.0,0.0,0.0,0.11349276005717777,0.0,2.5549285888671873,0.0,0.24138900637626648,0.0,0.0,0.0,0.0,0.0,0.08252667635679245,0.0,0.08252667635679245,0.0,313.0
21.339952575415374,170.36011119413547,1.74611496925354,0.0,0.0,0.0,0.0,0.1317883019404297,0.0,2.572571563720703,0.0,0.22142000496387482,0.0,0.0,0.0,0.0,0.0,0.07766595482826233,0.0,0.07766595482826233,1.0,314.0
21.33320246860385,172.57423760133952,0.09609437733888626,0.0,0.0,0.0,0.0,-0.05096348959212754,0.0,2.616142763410296,0.0,0.09416965861614202,0.11236934642498042,0.0,0.0,0.0,0.05750894546508789,0.0,0.0,0.05750894546508789,2.0,315.0
21.326452361792327,175.51177979504305,7.450580596923828e-9,0.0,0.0,0.0,0.0,-0.08155176595562381,0.0,2.6453570774623327,0.0,7.301349347339666e-9,0.2007059977950862,0.0,0.0,0.0,0.07113321125507355,0.0,0.0,0.07113321125507355,3.0,316.0
20.695591844590016,174.84055003186174,8.881784197001252e-16,0.0,0.0,0.0,0.0,-0.12381394699469946,3.7562857491629464,0.0,0.0,8.70388668458422e-16,0.21890500187873754,0.0,0.0,0.0,0.19380813837051392,0.0,0.19380813837051392,0.0,4.0,317.0
20.68884097263217,171.44778644372505,1.0587911840678754e-22,0.0,0.0,0.0,0.0,-0.10933617340867396,0.0,2.6999998910086496,0.0,1.0375841479997897e-22,0.2391349971294403,0.0,0.0,0.0,0.12531889975070953,0.0,0.0,0.12531889975070953,5.0,318.0
21.58753646873297,170.7765546705336,1.262177448353619e-29,0.0,0.0,0.0,0.0,-0.997971434313909,3.7658570970807754,0.0,0.0,1.236896691322076e-29,0.4254949986934662,0.0,0.0,0.0,2.901076316833496,0.0,2.901076316833496,0.0,6.0,319.0
21.580785857886077,168.8635745290259,1.504632769052528e-36,0.0,0.0,0.0,0.0,-0.18788410873747274,0.0,2.667000034877232,0.0,1.4744957582021665e-36,0.47356098890304565,0.0,0.0,0.0,0.15271934866905212,0.0,0.0,0.15271934866905212,7.0,320.0
21.574035751074554,142.44477044850694,1.793662034335766e-43,0.0,0.0,0.0,0.0,-0.1853585853321782,0.0,2.6397857121058874,0.10164999961853027,1.7577888278604388e-43,0.41613197326660156,0.0,0.0,0.0,0.20172995328903198,0.0,0.0,0.20172995328903198,8.0,321.0
21.56728564426303,72.64088322739353,0.0,0.0,0.0,0.0,0.0,-0.1792554777564792,0.0,2.628714370727539,0.4112839996814728,0.0,0.0,0.0,0.0,0.12356600165367126,0.5975182354450226,0.0,0.0,0.7210842370986938,9.0,322.0
21.560535537451507,48.535052887611315,0.0,0.0,0.0,0.0,0.0,0.0993364969625669,0.0,2.6442856924874443,0.44989800453186035,0.0,0.0,0.0,0.9933649301528931,0.09763705730438232,0.0,0.0,0.0,0.09763705730438232,10.0,323.0
21.553785430639984,40.144501683171534,0.0,0.0,0.0,0.0,0.0,0.0,0.0,2.6826427459716795,0.4126780033111572,0.0,0.0,2.5187629382126033,0.0,0.00310910539701581,0.0,0.0,0.0,0.00310910539701581,11.0,324.0
21.54703532382846,41.72082332606029,2.5187628269195557,0.0,0.0,0.0,0.0,0.11109474183995476,0.0,2.7150714874267576,0.42735400795936584,0.0,0.0,1.6960340738296509,1.110947374254465,0.043164368718862534,0.0,0.0,0.0,0.043164368718862534,12.0,325.0
21.540285217016937,45.53476887336175,4.214721202850342,0.0,0.0,0.0,0.0,0.08475476095099281,0.0,2.7362141745431083,0.4101420044898987,0.0,0.0,1.2436879873275757,0.8475475758314133,0.08547241985797882,0.0,0.0,0.0,0.08547241985797882,13.0,326.0
21.533535110205413,50.51808492830772,5.458282947540283,0.0,0.0,0.0,0.0,0.0,0.0,2.743071365356445,0.42344900965690613,0.0,0.0,1.1306134760379791,0.0,0.10748741030693054,0.0,0.0,0.0,0.10748741030693054,14.0,327.0
21.52678500339389,39.24360414034598,6.588732719421387,0.0,0.0,0.0,0.0,0.0,0.0,2.7330714089529855,0.42343100905418396,0.0,0.0,0.34556932002305984,0.0,0.046099625527858734,0.0,0.0,0.0,0.046099625527858734,15.0,328.0
21.520034896582366,44.11039014974315,6.9341044425964355,0.0,0.0,0.0,0.0,-0.167291454912879,0.0,2.6941429683140345,0.08170000463724136,0.0,0.4504540264606476,0.0,0.0,0.0,0.10718413442373276,0.0,0.0,0.10718413442373276,16.0,329.0
21.513284789770843,54.05048291508203,6.933896541595459,0.0,0.0,0.0,0.0,-0.27387187973149096,0.0,2.6647142137799946,0.0,0.0,0.7052639722824097,0.0,0.0,0.0,0.20764225721359253,0.0,0.0,0.20764225721359253,17.0,330.0
21.50653468295932,65.2846686182345,6.933688640594482,0.0,0.0,0.0,0.0,-0.27167962975023663,0.0,2.6451429094587056,0.0,0.0,0.6709100008010864,0.0,0.0,0.0,0.23468872904777527,0.0,0.0,0.23468872904777527,18.0,331.0
21.499784576147796,67.91924114405212,6.933480739593506,0.0,0.0,0.0,0.0,-0.23449298181108524,0.0,2.618642752511161,0.0,0.0,0.5575230121612549,0.0,0.0,0.0,0.22412022948265076,0.0,0.0,0.22412022948265076,19.0,332.0
21.493034469336273,72.1108128361286,6.933272838592529,0.0,0.0,0.0,0.0,-0.17016178747661037,0.0,2.5865715026855467,0.0,0.0,0.4691759943962097,0.0,0.0,0.0,0.09802994132041931,0.0,0.0,0.09802994132041931,20.0,333.0
21.48628436252475,64.9152899128393,6.933064937591553,0.0,0.0,0.0,0.0,-0.1286530311118772,0.0,2.554214150565011,0.0,0.0,0.4084100127220154,0.0,0.0,0.0,0.02043340727686882,0.0,0.0,0.02043340727686882,21.0,334.0
21.479534255713226,68.6379442620452,6.932857036590576,0.0,0.0,0.0,0.0,-0.13361755544414322,0.0,2.5235001155308314,0.0,0.0,0.3546009957790375,0.0,0.0,0.0,0.09079083800315857,0.0,0.0,0.09079083800315857,22.0,335.0
21.472784148901702,62.141722764889316,6.9326491355896,0.0,0.0,0.0,0.0,-0.10259940733907236,0.0,2.490499986921038,0.0,0.0,0.27628400921821594,0.0,0.0,0.0,0.06571400165557861,0.0,0.0,0.06571400165557861,23.0,336.0
21.46603404209018,64.35314677694029,6.932441234588623,0.0,0.0,0.0,0.0,-0.05613907603090777,0.0,2.454071535382952,0.0,0.11550818042260147,0.125880825953665,0.0,0.0,0.0,0.061249420046806335,0.0,0.0,0.061249420046806335,0.0,337.0
21.459283935278656,67.23288730921064,6.814367771148682,0.0,0.0,0.0,0.0,-0.08946385143056901,0.0,2.411142839704241,0.0,0.0,0.22142000496387482,0.0,0.0,0.0,0.07679282128810883,0.0,0.0,0.07679282128810883,1.0,338.0
21.452533828467132,68.80076950953006,6.814163684844971,0.0,0.0,0.0,0.0,-0.07683214962312168,0.0,2.355428641183036,0.0,0.0,0.20653900504112244,0.0,0.0,0.0,0.04956815019249916,0.0,0.0,0.04956815019249916,2.0,339.0
21.44578372165561,59.236678095709834,6.81395959854126,0.0,0.0,0.0,0.0,0.012553481918493195,0.0,2.302999986921038,0.0,0.20070600509643555,0.0,0.0,0.0,0.0,0.0,0.06831124424934387,0.0,0.06831124424934387,3.0,340.0
21.439033614844085,60.15940274987266,6.41115140914917,0.0,0.0,0.0,0.0,-0.074201564086539,0.0,2.253714370727539,0.0,0.0,0.21046000719070435,0.0,0.0,0.0,0.03687852993607521,0.0,0.0,0.03687852993607521,4.0,341.0
21.43228350803256,60.84621041974652,6.410959243774414,0.0,0.0,0.0,0.0,-0.08134683172292823,0.0,2.211428724016462,0.0,0.0,0.2391349971294403,0.0,0.0,0.0,0.03202109783887863,0.0,0.0,0.03202109783887863,5.0,342.0
21.42553340122104,56.652272587593814,6.410767078399658,0.0,0.0,0.0,0.0,-0.13206853497300663,0.0,2.175,0.0,0.0,0.34427300095558167,0.0,0.0,0.0,0.09595543146133423,0.0,0.0,0.09595543146133423,6.0,343.0
20.68590996286575,55.98104151745743,6.410574913024902,0.0,0.0,0.0,0.0,0.16360630133355525,3.2537857600620814,0.0,0.39383500814437866,0.0,0.0,0.20645692944526672,1.636062948324252,0.0008951441268436611,0.0,0.0,0.0008951441268436611,0.0,7.0,344.0
20.57492889790143,55.30981120129532,6.61683988571167,0.0,0.0,0.0,0.0,0.38025126776104184,3.3213571275983536,0.0,0.4058389961719513,0.0,0.0,0.0,3.802512526512146,0.8988481760025024,0.0,0.0,0.8988481760025024,0.0,8.0,345.0
20.568178283423187,38.440053402593534,6.616641521453857,0.0,0.0,0.0,0.0,0.6662416739634335,0.0,2.300285829816546,0.4213930070400238,0.0,0.0,0.0,6.662416474893689,0.026940805837512016,0.0,0.0,0.0,0.026940805837512016,9.0,346.0
20.561428176611663,28.98539796175906,6.616443157196045,0.0,0.0,0.0,0.0,0.5769080078366592,0.0,2.341285651070731,0.4557420015335083,0.0,0.0,2.003567695617676,5.769079849123955,0.09551079571247101,0.0,0.0,0.0,0.09551079571247101,10.0,347.0
20.55467806980014,24.189294817718135,8.61981201171875,0.0,0.0,0.0,0.0,0.6881082852923178,0.0,2.374999945504325,0.4292140007019043,0.0,0.0,1.38018798828125,6.881082579493523,0.13881488144397736,0.0,0.0,0.0,0.13881488144397736,11.0,348.0
20.14386385222168,23.518065061768954,9.999741554260254,0.0,0.0,0.0,0.0,0.7124084636532639,3.468642861502511,0.0,0.42735400795936584,0.0,0.0,0.00025844573974609375,7.1240843534469604,0.9812031984329224,0.0,0.0,0.9812031984329224,0.0,12.0,349.0
20.607855870641952,22.846834745606845,9.999700546264648,0.0,0.0,0.0,0.0,0.4224097419742634,3.485857227870396,0.0,0.4101420044898987,0.0,0.0,0.0,4.22409725189209,2.998061180114746,0.0,0.0,2.998061180114746,0.0,13.0,350.0
19.960950607037052,22.175604429444736,9.999401092529297,0.0,0.03904939296294785,0.0,0.0,0.49892326046467816,3.500214385986328,0.0,0.42344900965690613,0.0,0.0,0.000598907470703125,5.379726320505142,0.17742547392845154,0.0,0.0,0.17742547392845154,0.0,14.0,351.0
20.792266812235106,21.504374113282626,9.999700546264648,0.0,0.0,0.0,0.0,0.44290653764440424,3.4950713566371374,0.0,0.42343100905418396,0.0,0.0,0.0,0.0,2.9367189407348633,0.0,0.060599327087402344,2.9973182678222656,0.0,15.0,352.0
20.785516845434906,46.4418736933126,5.4181108474731445,0.0,0.0,0.0,0.0,-0.19813534212650197,0.0,2.386214338030134,0.43129998445510864,0.0,0.10085403919219971,0.0,0.0,0.0,0.5595970749855042,0.0,0.0,0.5595970749855042,16.0,353.0
20.778766738623382,55.489485014287496,5.417948246002197,0.0,0.0,0.0,0.0,-0.2756308367105653,0.0,2.3735713413783484,0.0,0.0,0.7052639722824097,0.0,0.0,0.0,0.21350544691085815,0.0,0.0,0.21350544691085815,17.0,354.0
20.77201663181186,62.39781132582142,5.41778564453125,0.0,0.0,0.0,0.0,-0.25119422182219076,0.0,2.375071334838867,0.0,0.0,0.6709100008010864,0.0,0.0,0.0,0.16640403866767883,0.0,0.0,0.16640403866767883,18.0,355.0
20.625758282361414,61.72658213635391,5.417623043060303,0.0,0.0,0.0,0.0,0.11886340371738631,3.431142752511161,0.0,0.0,0.5575230121612549,0.0,0.0,0.0,0.0,0.0,0.4473390579223633,0.4473390579223633,0.0,19.0,356.0
20.61900912448764,66.95760935248877,3.17919921875,0.0,0.0,0.0,0.0,0.0045604745928047065,0.0,2.3194285256522043,0.0,0.4691759943962097,0.0,0.0,0.0,0.0,0.0,0.513781726360321,0.0,0.513781726360321,20.0,357.0
20.612259017676116,70.60944334146109,2.1295502185821533,0.0,0.0,0.0,0.0,-0.152096165799942,0.0,2.2867142268589564,0.0,0.0,0.4084100127220154,0.0,0.0,0.0,0.09857718646526337,0.0,0.0,0.09857718646526337,21.0,358.0
20.605508910864593,75.97596576155694,2.129486322402954,0.0,0.0,0.0,0.0,-0.14845341735893136,0.0,2.2448571886335102,0.0,0.0,0.3546009957790375,0.0,0.0,0.0,0.14024370908737183,0.0,0.0,0.14024370908737183,22.0,359.0
20.59875880405307,81.30829720064642,2.129422426223755,0.0,0.0,0.0,0.0,-0.12543766251952082,0.0,2.2069998604910714,0.0,0.0,0.27628400921821594,0.0,0.0,0.0,0.14184151589870453,0.0,0.0,0.14184151589870453,23.0,360.0
20.592008697241546,88.0665324685046,2.1293585300445557,0.0,0.0,0.0,0.0,0.1667714224717781,0.0,2.181214141845703,0.0,0.24138900637626648,0.0,0.0,0.0,0.0,0.0,0.17760539054870605,0.0,0.17760539054870605,0.0,361.0
20.585258590430023,94.67222628423019,2.310483324663437e-7,0.0,0.0,0.0,0.0,-0.1189610564527139,0.0,2.166785866873605,0.0,2.2642056009798488e-7,0.2214197785433147,0.0,0.0,0.0,0.17511706054210663,0.0,0.0,0.17511706054210663,1.0,362.0
20.5785084836185,101.19310770710051,2.842170943040401e-14,0.0,0.0,0.0,0.0,-0.1138332590990565,0.0,2.1689286368233818,0.0,0.0,0.20653900504112244,0.0,0.0,0.0,0.17290517687797546,0.0,0.0,0.17290517687797546,2.0,363.0
20.571758376806976,110.46164884818053,2.842085731525907e-14,0.0,0.0,0.0,0.0,-0.13201376426274614,0.0,2.1655000414167134,0.0,0.0,0.20070600509643555,0.0,0.0,0.0,0.23933985829353333,0.0,0.0,0.23933985829353333,3.0,364.0
20.565008269995452,119.52256724823505,2.8420005200114132e-14,0.0,0.0,0.0,0.0,-0.13389528478762625,0.0,2.1515714917864117,0.0,0.0,0.21046000719070435,0.0,0.0,0.0,0.23585759103298187,0.0,0.0,0.23585759103298187,4.0,365.0
20.55825816318393,128.51068178583623,2.8419153084969194e-14,0.0,0.0,0.0,0.0,-0.14251591384474072,0.0,2.134928512573242,0.0,0.0,0.2391349971294403,0.0,0.0,0.0,0.23591803014278412,0.0,0.0,0.23591803014278412,5.0,366.0
20.551508056372406,128.20789715562185,2.8418300969824256e-14,0.0,0.0,0.0,0.0,-0.10598354835245347,0.0,2.133357129778181,0.0,2.7849097099236336e-14,0.3442730009555538,0.0,0.0,0.0,0.009005479514598846,0.0,0.0,0.009005479514598846,6.0,367.0
20.544757949560882,107.20377915955945,3.3881317890172014e-21,0.0,0.0,0.0,0.0,0.07062167209870296,0.0,2.1844285692487446,0.39383500814437866,0.0,0.0,0.0,0.7062166929244995,0.33729827404022217,0.0,0.0,0.0,0.33729827404022217,7.0,368.0
20.688432456500056,106.53255137463516,3.388030208976158e-21,0.0,0.0,0.0,0.0,0.12878896509762447,3.3577141898018974,0.0,0.4058389961719513,0.0,0.0,0.0,1.2878895998001099,1.3937712907791138,0.0,0.0,1.3937712907791138,0.0,8.0,369.0
20.681682693213226,81.16180178435205,3.3879286289351144e-21,0.0,0.0,0.0,0.0,0.3883226995993727,0.0,2.4050000871930806,0.4112839996814728,0.0,0.0,0.0,3.883226841688156,0.3091893494129181,0.0,0.0,0.0,0.3091893494129181,9.0,370.0
20.674932586401702,67.82638806010863,3.387827048894071e-21,0.0,0.0,0.0,0.0,0.0716916917439973,0.0,2.5564285823277064,1.0242329835891724,0.0,0.0,2.604062080383301,0.7169168889522552,0.17678847908973694,0.0,0.0,0.0,0.17678847908973694,10.0,371.0
20.66818247959018,72.34460837755897,2.604062080383301,0.0,0.0,0.0,0.0,0.42194153107967036,0.0,2.6842857905796595,0.4126780033111572,0.0,0.0,0.0,4.21941514313221,0.10080675780773163,0.0,0.0,0.0,0.10080675780773163,11.0,372.0
20.661432372778656,73.70650370873499,2.6039841175079346,0.0,0.0,0.0,0.0,0.2564309780868279,0.0,2.7399285997663227,0.42735400795936584,0.0,0.0,0.2718443274497986,2.5643096789717674,0.03869197517633438,0.0,0.0,0.0,0.03869197517633438,12.0,373.0
20.654682265967132,65.2776181244376,2.8757505416870117,0.0,0.0,0.0,0.0,0.1733767176022812,0.0,2.7529999324253627,0.4101420044898987,0.0,0.0,0.0,1.733767107129097,0.07434098422527313,0.0,0.0,0.0,0.07434098422527313,13.0,374.0
20.64793215915561,66.00204872237117,2.875664234161377,0.0,0.0,0.0,0.0,0.07526779771915257,0.0,2.738642774309431,0.42344900965690613,0.0,0.0,0.0,0.7526779472827911,0.02657303214073181,0.0,0.0,0.0,0.02657303214073181,14.0,375.0
20.641182052344085,69.40233905549285,2.875577926635742,0.0,0.0,0.0,0.0,-0.02465709918368253,0.0,2.6989998953683036,0.41990000009536743,0.0,0.0035310089588165283,0.0,0.0,0.0,0.07865931838750839,0.0,0.0,0.07865931838750839,15.0,376.0
20.63443194553256,63.26752418576301,2.8754916191101074,0.0,0.0,0.0,0.0,0.15890290758582803,0.0,2.6568570273263115,0.013300000689923763,0.518854022026062,0.0,0.0,0.0,0.0,0.0,0.054314881563186646,0.0,0.054314881563186646,16.0,377.0
20.62768183872104,68.93260659712207,0.6690809726715088,0.0,0.0,0.0,0.0,-0.24900459593552693,0.0,2.648428453717913,0.0,0.0,0.7052639722824097,0.0,0.0,0.0,0.12475131452083588,0.0,0.0,0.12475131452083588,17.0,378.0
20.620931731909515,72.62765930703092,0.6690608859062195,0.0,0.0,0.0,0.0,-0.14570499417693947,0.0,2.652928706577846,0.0,0.27104557803301077,0.39986442276807566,0.0,0.0,0.0,0.08581887185573578,0.0,0.0,0.08581887185573578,18.0,379.0
20.61418162509799,66.25896603311885,0.39246368408203125,0.0,0.0,0.0,0.0,-0.10715971492316881,0.0,2.626928547450474,0.0,0.384602852200544,0.17292015996071086,0.0,0.0,0.0,0.18427887558937073,0.0,0.0,0.18427887558937073,19.0,380.0
20.607431518286468,69.78396788136861,2.9802322387695312e-8,0.0,0.0,0.0,0.0,-0.16603491370021928,0.0,2.5963570186070033,0.0,0.0,0.4691759943962097,0.0,0.0,0.0,0.08427369594573975,0.0,0.0,0.08427369594573975,20.0,381.0
20.600681411474945,73.49247814988946,2.9801428880205094e-8,0.0,0.0,0.0,0.0,-0.14915471687586923,0.0,2.572571563720703,0.0,2.920452175200121e-8,0.40840998351749364,0.0,0.0,0.0,0.08877238631248474,0.0,0.0,0.08877238631248474,21.0,382.0
20.59393130466342,37.692693881598125,3.552713678800501e-15,0.0,0.0,0.0,0.0,-0.11989571332516996,0.0,2.5609285627092633,0.0,3.481554673833688e-15,0.354600995779034,0.0,0.0,0.0,0.045051366090774536,0.0,0.0,0.045051366090774536,22.0,383.0
