time,NUM_EP,L1,L2,BATCH_SIZE,MEM_SIZE,MIN_EXP_SIZE,season,run,case,idx,T_FH_plus,T_FH_minus,V_HW_plus,V_HW_minus,profits,comfort,abort
2021-06-25T14:30:57.299,10001,400,300,64,24000,24000,both,test,both_no-L2_nns_ou.5_abort,-1,4.49e-8,0.0,0.0,0.0,-24.69093444,-4.49e-8,0.0
2021-06-25T14:25:53.672,20001,400,300,64,24000,24000,summer,test,summer_no-L2_nns_ou.5_abort,-1,0.0,0.0,0.0,0.0,129.936956,0.0,0.0
2021-06-25T14:25:41.153,20001,400,300,64,24000,24000,summer,test,summer_no-L2_nns_ou.5_abort,8901,0.0,0.0,0.0,0.0,124.295218,0.0,0.0
2021-06-25T14:25:37.509,20001,400,300,64,24000,24000,summer,test,summer_no-L2_nns_ou.5_abort,20001,0.0,0.0,0.0,4.885156021,115.5930786,-4.885156021,0.0
2021-06-25T14:25:23.844,20001,300,600,64,24000,24000,summer,test,summer_no-L2_nns_ou.5_abort,10201,0.0,0.0,0.0,0.0,120.4931587,0.0,0.0
2021-06-25T14:25:20.112,20001,300,600,64,24000,24000,summer,test,summer_no-L2_nns_ou.5_abort,20001,0.0,0.0,0.0,96.41212563,-92.79855501,-96.41212563,0.0
2021-06-25T14:24:31.249,20001,300,600,64,24000,24000,winter,test,winter_no-L2_nns_ou.5_abort,5901,1.392464103,13.03098754,0.0,1.30982835,-158.1964252,-15.73328,0.0
2021-06-25T14:24:28.042,20001,300,600,64,24000,24000,winter,test,winter_no-L2_nns_ou.5_abort,20001,16.95562703,41.96627303,47.69330615,0.0,-253.4316367,-106.6152062,0.0
2021-06-25T14:20:32.765,20001,400,300,64,24000,24000,winter,test,winter_no-L2_nns_ou.5_abort,18501,0.0,9.053455675,21.38039848,0.0,-96.47033589,-30.43385415,0.0
2021-06-25T14:20:29.979,20001,400,300,64,24000,24000,winter,test,winter_no-L2_nns_ou.5_abort,20001,5.800358949,0.214632285,0.0,14.79579756,-174.0429387,-20.81078879,0.0
2021-06-25T14:11:46.001,10001,400,300,64,24000,24000,winter,test,winter_no-L2_nns_ou.5_abort,-1,2.19e-8,0.0,0.0,0.0,-153.5406302,-2.19e-8,0.0
2021-06-25T14:07:18.894,10001,400,300,64,24000,24000,all,test,all_no-L2_nns_ou.5_abort,-1,1.221769745,0.0,0.0,0.0,92.17870588,-1.221769745,0.0
2021-06-24T21:27:39.208,20001,300,600,64,24000,24000,winter,eval,winter_no-L2_nns_ou.5_abort,5901,0.0,2.551878569,0.0,0.0,-55.9601415,-2.551878569,0.0
2021-06-24T21:27:36.432,20001,300,600,64,24000,24000,winter,eval,winter_no-L2_nns_ou.5_abort,20001,25.45908958,3.341394409,63.90788506,0.0,-127.7568269,-92.70836905,0.0
2021-06-24T21:25:26.049,20001,400,300,64,24000,24000,winter,eval,winter_no-L2_nns_ou.5_abort,18501,0.0,1.455482405,0.0,0.0,-58.40089395,-1.455482405,0.0
2021-06-24T21:25:23.327,20001,400,300,64,24000,24000,winter,eval,winter_no-L2_nns_ou.5_abort,20001,9.32405444,0.0,0.0,6.665095221,-76.5290546,-15.98914966,0.0
2021-06-24T21:15:37.518,20001,400,300,64,24000,24000,summer,eval,summer_no-L2_nns_ou.5_abort,8901,0.0,0.0,0.0,0.0,64.18106283,0.0,0.0
2021-06-24T21:15:34.799,20001,400,300,64,24000,24000,summer,eval,summer_no-L2_nns_ou.5_abort,20001,0.0,0.0,0.0,0.0,58.1454193,0.0,0.0
2021-06-24T20:55:28.989,20001,300,600,64,24000,24000,summer,eval,summer_no-L2_nns_ou.5_abort,10201,0.0,0.0,0.0,0.0,62.19128417,0.0,0.0
2021-06-24T20:55:26.14,20001,300,600,64,24000,24000,summer,eval,summer_no-L2_nns_ou.5_abort,20001,47.92099544,0.0,0.0,131.9739462,-159.773918,-179.8949416,0.0
2021-06-24T19:35:22.693,10001,300,600,128,24000,24000,summer,eval,summer_no-L2_ns-ou.5_abort,8501,0.0,0.0,0.0,0.0,66.01006648,0.0,0.0
2021-06-24T19:35:20.371,10001,300,600,128,24000,24000,summer,eval,summer_no-L2_ns-ou.5_abort,10001,0.0,0.0,0.0,0.0,59.56103299,0.0,0.0
2021-06-24T19:01:04.624,10001,300,600,128,24000,24000,all,eval,all_no-L2_ns-ou.5_abort,7901,1.436977151,8.065583936,0.0,0.0,43.47121868,-9.502561087,0.0
2021-06-24T19:01:00.369,10001,300,600,128,24000,24000,all,eval,all_no-L2_ns-ou.5_abort,10001,3.957957195,3.561094705,52.82003848,0.0,-16.66407494,-60.33909038,0.0
2021-06-24T18:59:52.006,10001,400,300,128,24000,24000,all,eval,all_no-L2_ns-ou.5_abort,9601,0.0,0.421406787,0.0,0.0,38.16485291,-0.421406787,0.0
2021-06-24T18:59:47.812,10001,400,300,128,24000,24000,all,eval,all_no-L2_ns-ou.5_abort,10001,5.059891704,0.0,572.1526026,0.0,-552.9469217,-577.2124943,0.0
2021-06-24T18:01:51.959,10001,300,600,24,24000,24000,winter,eval,winter_no-L2_ns-ou.5_abort,5401,0.074563125,1.455247714,0.0,0.0,-60.60705647,-1.529810839,0.0
2021-06-24T18:01:48.882,10001,300,600,24,24000,24000,winter,eval,winter_no-L2_ns-ou.5_abort,10001,5.702927775,1.697092417,0.0,0.0,-66.08488831,-7.400020192,0.0
2021-06-24T18:01:32.31,10001,400,300,24,24000,24000,summer,eval,summer_no-L2_ns-ou.5_abort,2601,0.0,0.0,0.0,0.0,63.36428558,0.0,0.0
2021-06-24T18:01:29.298,10001,400,300,24,24000,24000,summer,eval,summer_no-L2_ns-ou.5_abort,10001,0.0,0.0,0.0,0.0,55.38514785,0.0,0.0
2021-06-24T18:00:39.129,10001,400,300,64,24000,24000,winter,eval,winter_no-L2_ns-ou.8_abort,10001,1.115758523,0.348112451,0.0,0.0,-62.27771871,-1.463870974,0.0
2021-06-24T18:00:36.099,10001,400,300,64,24000,24000,winter,eval,winter_no-L2_ns-ou.8_abort,10001,1.115758523,0.348112451,0.0,0.0,-62.27771871,-1.463870974,0.0
2021-06-24T17:47:24.659,10001,300,600,64,24000,24000,summer,eval,summer_no-L2_ns-ou.8_abort,5901,0.0,0.0,0.0,0.0,65.40465718,0.0,0.0
2021-06-24T17:47:21.883,10001,300,600,64,24000,24000,summer,eval,summer_no-L2_ns-ou.8_abort,10001,0.0,0.0,0.0,0.0,63.25565206,0.0,0.0
2021-06-24T17:45:33.491,10001,300,600,64,24000,24000,winter,eval,winter_no-L2_ns-ou.8_abort,9701,0.476368308,0.607176442,0.0,0.0,-52.49436924,-1.083544751,0.0
2021-06-24T17:45:30.702,10001,300,600,64,24000,24000,winter,eval,winter_no-L2_ns-ou.8_abort,10001,5.62850346,0.0,0.0,0.0,-59.56162662,-5.62850346,0.0
2021-06-24T17:42:53.347,10001,400,300,64,24000,24000,summer,eval,summer_no-L2_ns-ou.8_abort,4101,0.0,0.0,0.0,0.0,57.55563613,0.0,0.0
2021-06-24T17:42:50.647,10001,400,300,64,24000,24000,summer,eval,summer_no-L2_ns-ou.8_abort,10001,0.0,0.0,0.042044853,0.0,56.29449526,-0.042044853,0.0
2021-06-24T17:32:32.107,10001,300,600,24,24000,24000,summer,eval,summer_no-L2_ns-ou.5_abort,6501,0.0,0.0,0.0,0.0,64.96534305,0.0,0.0
2021-06-24T17:32:29.569,10001,300,600,24,24000,24000,summer,eval,summer_no-L2_ns-ou.5_abort,10001,0.0,0.0,0.0,0.0,64.67048466,0.0,0.0
2021-06-24T17:32:02.142,10001,400,300,24,24000,24000,winter,eval,winter_no-L2_ns-ou.5_abort,4601,0.0,0.085759563,0.0,0.0,-70.00169474,-0.085759563,0.0
2021-06-24T17:31:59.176,10001,400,300,24,24000,24000,winter,eval,winter_no-L2_ns-ou.5_abort,10001,31.6690605,1.270411225,3.772024567,0.0,-112.5824745,-36.71149629,0.0
2021-06-24T16:25:33.037,10001,300,600,128,24000,24000,winter,eval,winter_no-L2_ns-ou.5_abort,5201,9.270173667,26.87063763,0.0,0.0,-111.9383282,-36.1408113,0.0
2021-06-24T16:25:30.313,10001,300,600,128,24000,24000,winter,eval,winter_no-L2_ns-ou.5_abort,10001,9.777642733,14.74357043,0.0,19.02164329,-113.9756711,-43.54285645,0.0
2021-06-24T16:22:35.769,10001,400,300,128,24000,24000,summer,eval,summer_no-L2_ns-ou.5_abort,3701,0.0,0.0,0.0,0.0,64.43897781,0.0,0.0
2021-06-24T16:22:33.037,10001,400,300,128,24000,24000,summer,eval,summer_no-L2_ns-ou.5_abort,10001,0.0,0.0,0.0,0.0,63.05818804,0.0,0.0
2021-06-24T16:18:58.165,10001,400,300,128,24000,24000,winter,eval,winter_no-L2_ns-ou.5_abort,4301,18.46577137,9.253739493,4.21921367,0.0,-115.5925991,-31.93872453,0.0
2021-06-24T16:18:55.432,10001,400,300,128,24000,24000,winter,eval,winter_no-L2_ns-ou.5_abort,10001,32.74913779,16.83178565,56.67645434,0.0,-188.1388606,-106.2573778,0.0
2021-06-24T15:48:58.276,50001,400,300,64,24000,24000,summer,eval,summer_no-L2_ns-ou.5_abort_num-steps=1,46701,0.0,0.0,0.0,0.0,56.75459326,0.0,0.0
2021-06-24T15:48:55.533,50001,400,300,64,24000,24000,summer,eval,summer_no-L2_ns-ou.5_abort_num-steps=1,50001,254.5520823,0.0,0.0,0.0,-199.2331726,-254.5520823,0.0
2021-06-24T15:01:10.316,50001,300,600,64,24000,24000,summer,eval,summer_no-L2_ns-ou.5_abort_num-steps=1,49301,200.0159787,0.0,0.0,0.0,-144.5605142,-200.0159787,0.0
2021-06-24T15:01:07.389,50001,300,600,64,24000,24000,summer,eval,summer_no-L2_ns-ou.5_abort_num-steps=1,50001,313.8805164,0.0,0.0,0.0,-267.2129196,-313.8805164,0.0
2021-06-24T14:56:08.196,10001,400,300,120,24000,24000,summer,eval,summer_no-L2_ns-ou.5_abort,6801,0.0,0.0,0.0,0.0,65.15211082,0.0,0.0
2021-06-24T14:56:05.501,10001,400,300,120,24000,24000,summer,eval,summer_no-L2_ns-ou.5_abort,10001,0.0,0.0,0.0,0.0,58.85199064,0.0,0.0
2021-06-24T14:53:30.935,10001,300,600,120,24000,24000,winter,eval,winter_no-L2_ns-ou.5_abort,7601,32.94958252,10.20661551,0.0,0.0,-106.6744466,-43.15619804,0.0
2021-06-24T14:53:28.197,10001,300,600,120,24000,24000,winter,eval,winter_no-L2_ns-ou.5_abort,10001,49.02794282,10.48380861,0.0,0.0,-124.7509325,-59.51175143,0.0
2021-06-24T14:53:12.899,10001,300,600,120,24000,24000,summer,eval,summer_no-L2_ns-ou.5_abort,7901,0.0,0.0,0.0,0.0,65.94278665,0.0,0.0
2021-06-24T14:53:10.114,10001,300,600,120,24000,24000,summer,eval,summer_no-L2_ns-ou.5_abort,10001,0.0,0.0,0.0,0.0,65.96430286,0.0,0.0
2021-06-24T14:48:36.825,10001,400,300,120,24000,24000,winter,eval,winter_no-L2_ns-ou.5_abort,3901,0.0,2.032848314,0.0,1.10095489,-67.42569033,-3.133803205,0.0
2021-06-24T14:48:34.099,10001,400,300,120,24000,24000,winter,eval,winter_no-L2_ns-ou.5_abort,10001,9.910339638,12.73313155,0.0,14.83786297,-103.0991562,-37.48133416,0.0
2021-06-24T14:47:32.474,50001,300,600,64,24000,24000,winter,eval,winter_no-L2_ns-ou.5_abort_num-steps=1,22301,44.77891426,14.44647268,0.0,0.0,-84.49005925,-59.22538694,0.0
2021-06-24T14:47:29.672,50001,300,600,64,24000,24000,winter,eval,winter_no-L2_ns-ou.5_abort_num-steps=1,50001,0.238813851,16.98251832,0.0,0.0,-24.46712915,-17.22133217,0.0
2021-06-24T14:29:39.023,50001,400,300,64,24000,24000,winter,eval,winter_no-L2_ns-ou.5_abort_num-steps=1,39101,0.0,14.5834652,0.0,0.0,-16.09580426,-14.5834652,0.0
2021-06-24T14:29:36.556,50001,400,300,64,24000,24000,winter,eval,winter_no-L2_ns-ou.5_abort_num-steps=1,50001,0.0,13.19564715,0.0,0.0,-13.78600882,-13.19564715,0.0
2021-06-24T13:13:29.094,10001,300,600,48,24000,24000,summer,eval,summer_no-L2_ns-ou.5_abort,5001,0.0,0.0,0.0,0.0,66.01934258,0.0,0.0
2021-06-24T13:13:26.355,10001,300,600,48,24000,24000,summer,eval,summer_no-L2_ns-ou.5_abort,10001,0.0,0.0,0.0,0.0,64.54718154,0.0,0.0
2021-06-24T13:12:02.292,10001,400,300,48,24000,24000,summer,eval,summer_no-L2_ns-ou.5_abort,8701,0.0,0.0,0.0,0.0,64.60058703,0.0,0.0
2021-06-24T13:11:59.549,10001,400,300,48,24000,24000,summer,eval,summer_no-L2_ns-ou.5_abort,10001,0.0,0.0,0.0,0.0,57.30168352,0.0,0.0
2021-06-24T13:07:11.963,10001,300,600,48,24000,24000,winter,eval,winter_no-L2_ns-ou.5_abort,7501,0.0,0.069149433,0.0,0.0,-60.80529058,-0.069149433,0.0
2021-06-24T13:07:09.221,10001,300,600,48,24000,24000,winter,eval,winter_no-L2_ns-ou.5_abort,10001,33.61232393,0.364344169,0.0,9.17256478,-106.3987203,-43.14923288,0.0
2021-06-24T13:04:42.836,10001,400,300,48,24000,24000,winter,eval,winter_no-L2_ns-ou.5_abort,6601,2.65189517,3.13185422,0.0,0.0,-72.48135505,-5.78374939,0.0
2021-06-24T13:04:40.112,10001,400,300,48,24000,24000,winter,eval,winter_no-L2_ns-ou.5_abort,10001,36.43222235,0.272559494,24.98315737,0.0,-127.3760489,-61.68793921,0.0
2021-06-24T11:28:18.609,10001,300,600,64,24000,24000,summer,eval,summer_no-L2_ns-decr_abort_ou=0.5,5201,0.0,0.0,0.0,0.0,65.20517784,0.0,0.0
2021-06-24T11:28:15.885,10001,300,600,64,24000,24000,summer,eval,summer_no-L2_ns-decr_abort_ou=0.5,10001,0.0,0.0,0.0,0.0,65.00863923,0.0,0.0
2021-06-24T11:24:51.53,10001,400,300,64,24000,24000,summer,eval,summer_no-L2_ns-decr_abort_ou=0.5,8301,0.0,0.0,0.0,0.0,65.5048524,0.0,0.0
2021-06-24T11:24:48.809,10001,400,300,64,24000,24000,summer,eval,summer_no-L2_ns-decr_abort_ou=0.5,10001,0.0,0.0,0.0,10.0989052,55.93118378,-10.0989052,0.0
2021-06-24T11:18:57.201,10001,400,300,64,24000,24000,winter,eval,winter_no-L2_ns-decr_abort_ou=0.5,8701,0.439338959,0.0,0.0,0.0,-64.86412535,-0.439338959,0.0
2021-06-24T11:18:54.504,10001,400,300,64,24000,24000,winter,eval,winter_no-L2_ns-decr_abort_ou=0.5,10001,7.221136107,0.0,0.0,0.0,-74.52246089,-7.221136107,0.0
2021-06-24T11:01:07.472,10001,300,600,64,24000,24000,winter,eval,winter_no-L2_ns-decr_abort_ou=0.5,8001,3.873880151,36.9040098,0.0,0.147210538,-121.9709125,-40.92510049,0.0
2021-06-24T11:01:04.576,10001,300,600,64,24000,24000,winter,eval,winter_no-L2_ns-decr_abort_ou=0.5,10001,119.5287989,47.37630732,0.0,75.25998283,-333.2909165,-242.1650891,0.0
2021-06-23T23:18:16.934,10001,300,600,64,24000,24000,winter,eval,winter_no-L2_ns-fix-1_abort_ou=0.5,6501,0.238102227,0.0,0.0,0.0,-52.73995199,-0.238102227,0.0
2021-06-23T23:18:14.191,10001,300,600,64,24000,24000,winter,eval,winter_no-L2_ns-fix-1_abort_ou=0.5,10001,5.802787659,1.743888556,0.0,0.0,-64.03705464,-7.546676215,0.0
2021-06-23T23:07:13.592,10001,300,600,64,24000,24000,summer,eval,summer_no-L2_ns-fix-1_abort_ou=0.5,2501,0.0,0.0,0.0,0.0,65.08295544,0.0,0.0
2021-06-23T23:07:10.826,10001,300,600,64,24000,24000,summer,eval,summer_no-L2_ns-fix-1_abort_ou=0.5,10001,0.0,0.0,0.0,0.0,55.21512694,0.0,0.0
2021-06-23T23:06:58.224,10001,400,300,64,24000,24000,winter,eval,winter_no-L2_ns-fix-1_abort_ou=0.5,8801,1.184426552,0.0,0.0,0.0,-54.30059567,-1.184426552,0.0
2021-06-23T23:06:55.427,10001,400,300,64,24000,24000,winter,eval,winter_no-L2_ns-fix-1_abort_ou=0.5,10001,1.508818706,0.0,0.0,0.0,-56.4780846,-1.508818706,0.0
2021-06-23T23:03:37.142,10001,400,300,64,24000,24000,summer,eval,summer_no-L2_ns-fix-1_abort_ou=0.5,4701,0.0,0.0,0.0,0.0,60.9321758,0.0,0.0
2021-06-23T23:03:34.374,10001,400,300,64,24000,24000,summer,eval,summer_no-L2_ns-fix-1_abort_ou=0.5,10001,0.0,0.0,0.0,0.0,56.92723428,0.0,0.0
2021-06-23T17:35:50.804,10001,400,300,64,24000,24000,winter,eval,winter_no-L2_ns-fix-1_abort_nn=0.5,7801,1.188355732,1.100244338,0.0,0.0,-66.63093309,-2.28860007,0.0
2021-06-23T17:35:47.879,10001,400,300,64,24000,24000,winter,eval,winter_no-L2_ns-fix-1_abort_nn=0.5,10001,16.31222754,145.0610025,0.0,3.242565462,-230.1950333,-164.6157955,0.0
2021-06-23T17:30:01.778,10001,400,300,64,24000,24000,summer,eval,summer_no-L2_ns-fix-1_abort_nn=0.5,9801,0.0,0.0,0.0,0.0,60.18965878,0.0,0.0
2021-06-23T17:29:58.861,10001,400,300,64,24000,24000,summer,eval,summer_no-L2_ns-fix-1_abort_nn=0.5,10001,0.0,0.0,0.0,1.226729097,59.19796039,-1.226729097,0.0
2021-06-23T17:26:07.524,10001,300,600,64,24000,24000,summer,eval,summer_no-L2_ns-fix-1_abort_nn=0.5,8401,0.0,0.0,0.0,0.0,57.90795523,0.0,0.0
2021-06-23T17:26:04.81,10001,300,600,64,24000,24000,summer,eval,summer_no-L2_ns-fix-1_abort_nn=0.5,10001,0.0,0.0,0.0,0.0,54.50496603,0.0,0.0
2021-06-23T17:25:37.758,10001,300,600,64,24000,24000,winter,eval,winter_no-L2_ns-fix-1_abort_nn=0.5,6101,0.116348379,4.415449848,0.0,0.0,-68.04406201,-4.531798227,0.0
2021-06-23T17:25:35.037,10001,300,600,64,24000,24000,winter,eval,winter_no-L2_ns-fix-1_abort_nn=0.5,10001,0.0,126.9246466,0.0,0.0,-170.1280198,-126.9246466,0.0
2021-06-23T17:07:47.137,10001,300,600,64,24000,24000,winter,eval,winter_no-L2_ns-fix_abort_nn=0.5,3701,0.229541256,0.0,0.0,0.0,-54.67567373,-0.229541256,0.0
2021-06-23T17:07:44.415,10001,300,600,64,24000,24000,winter,eval,winter_no-L2_ns-fix_abort_nn=0.5,10001,0.0,0.0,1.458259277,0.0,-69.57241908,-1.458259277,0.0
2021-06-23T17:05:19.097,10001,400,300,64,24000,24000,winter,eval,winter_no-L2_ns-fix_abort_nn=0.5,6901,0.0,0.0,0.0,0.0,-58.03073151,0.0,0.0
2021-06-23T17:05:16.389,10001,400,300,64,24000,24000,winter,eval,winter_no-L2_ns-fix_abort_nn=0.5,10001,4.202992336,0.0,0.0,0.0,-87.80911472,-4.202992336,0.0
2021-06-23T17:01:46.644,10001,300,600,64,24000,24000,summer,eval,summer_no-L2_ns-fix_abort_nn=0.5,9001,0.0,0.0,0.0,0.0,63.01183222,0.0,0.0
2021-06-23T17:01:43.924,10001,300,600,64,24000,24000,summer,eval,summer_no-L2_ns-fix_abort_nn=0.5,10001,0.0,0.0,0.0,0.0,64.67118975,0.0,0.0
2021-06-23T16:59:58.893,10001,400,300,64,24000,24000,summer,eval,summer_no-L2_ns-fix_abort_nn=0.5,8501,0.0,0.0,0.0,0.0,63.3611619,0.0,0.0
2021-06-23T16:59:56.231,10001,400,300,64,24000,24000,summer,eval,summer_no-L2_ns-fix_abort_nn=0.5,10001,0.0,0.0,0.0,0.0,58.28841407,0.0,0.0
2021-06-23T15:39:07.69,10001,400,300,64,24000,24000,summer,eval,summer_no-L2_ns-fix_abort_ou=0.5,7001,0.0,0.0,0.0,0.0,65.89778284,0.0,0.0
2021-06-23T15:39:04.78,10001,400,300,64,24000,24000,summer,eval,summer_no-L2_ns-fix_abort_ou=0.5,10001,0.0,0.0,0.0,0.0,58.05326954,0.0,0.0
2021-06-23T15:37:52.62,10001,300,600,64,24000,24000,summer,eval,summer_no-L2_ns-fix_abort_ou=0.5,7601,0.0,0.0,0.0,0.0,66.56124264,0.0,0.0
2021-06-23T15:37:49.862,10001,300,600,64,24000,24000,summer,eval,summer_no-L2_ns-fix_abort_ou=0.5,10001,0.0,0.0,0.0,0.0,65.48608809,0.0,0.0
2021-06-23T15:33:39.294,10001,300,600,64,24000,24000,winter,eval,winter_no-L2_ns-fix_abort_ou=0.5,4501,0.765858382,3.674398638,0.0,0.0,-67.51294011,-4.440257019,0.0
2021-06-23T15:33:36.589,10001,300,600,64,24000,24000,winter,eval,winter_no-L2_ns-fix_abort_ou=0.5,10001,13.74204057,7.239078796,0.0,0.0,-79.86209789,-20.98111937,0.0
2021-06-23T15:28:21.493,10001,400,300,64,24000,24000,winter,eval,winter_no-L2_ns-fix_abort_ou=0.5,5201,12.25424172,0.146598262,0.0,0.0,-77.59344254,-12.40083998,0.0
2021-06-23T15:28:18.626,10001,400,300,64,24000,24000,winter,eval,winter_no-L2_ns-fix_abort_ou=0.5,10001,68.78435225,8.996393379,12.16436865,0.0,-162.4929213,-89.94511428,0.0
2021-06-23T15:11:41.424,10001,300,600,64,24000,24000,summer,eval,summer_no-L2_ns-fix_abort,9701,0.0,0.0,0.0,0.0,65.92401669,0.0,0.0
2021-06-23T15:11:38.717,10001,300,600,64,24000,24000,summer,eval,summer_no-L2_ns-fix_abort,10001,0.0,0.0,0.0,0.0,64.39463034,0.0,0.0
2021-06-23T15:09:54.311,10001,400,300,64,24000,24000,summer,eval,summer_no-L2_ns-fix_abort,8901,0.0,0.0,0.0,0.0,66.01694436,0.0,0.0
2021-06-23T15:09:51.592,10001,400,300,64,24000,24000,summer,eval,summer_no-L2_ns-fix_abort,10001,0.0,0.0,0.0,0.0,57.0380799,0.0,0.0
2021-06-23T14:55:05.16,10001,400,300,64,24000,24000,winter,eval,winter_no-L2_ns-fix_abort,9901,0.0,4.065340488,0.0,0.0,-64.92987792,-4.065340488,0.0
2021-06-23T14:55:02.371,10001,400,300,64,24000,24000,winter,eval,winter_no-L2_ns-fix_abort,10001,0.0,5.238362022,0.0,0.0,-65.76472806,-5.238362022,0.0
2021-06-23T14:48:41.835,10001,300,600,64,24000,24000,winter,eval,winter_no-L2_ns-fix_abort,6901,11.9263318,0.856088157,0.0,0.649283826,-86.00269403,-13.43170379,0.0
2021-06-23T14:48:39.085,10001,300,600,64,24000,24000,winter,eval,winter_no-L2_ns-fix_abort,10001,35.13317894,32.95601662,0.0,30.40489506,-153.08939,-98.49409063,0.0
2021-06-23T12:13:30.176,10001,300,600,64,24000,24000,summer,eval,summer_no-L2_ns-fix_abort_nn-0.3,3001,0.0,0.0,0.0,0.0,64.15690049,0.0,0.0
2021-06-23T12:13:27.425,10001,300,600,64,24000,24000,summer,eval,summer_no-L2_ns-fix_abort_nn-0.3,10001,0.0,0.0,0.0,0.0,63.10402277,0.0,0.0
2021-06-23T12:10:03.741,10001,400,300,64,24000,24000,summer,eval,summer_no-L2_ns-fix_abort_nn-0.3,6501,0.0,0.0,0.0,0.0,66.22540392,0.0,0.0
2021-06-23T12:10:00.961,10001,400,300,64,24000,24000,summer,eval,summer_no-L2_ns-fix_abort_nn-0.3,10001,0.0,0.0,0.0,0.0,58.97725288,0.0,0.0
2021-06-23T12:07:40.115,10001,300,600,64,24000,24000,winter,eval,winter_no-L2_ns-fix_abort_nn-0.3,7401,0.655560529,2.441877733,0.0,0.0,-65.74495554,-3.097438262,0.0
2021-06-23T12:07:37.375,10001,300,600,64,24000,24000,winter,eval,winter_no-L2_ns-fix_abort_nn-0.3,10001,31.11626316,0.0,0.0,0.0,-98.57737513,-31.11626316,0.0
2021-06-23T12:05:11.478,10001,400,300,64,24000,24000,winter,eval,winter_no-L2_ns-fix_abort_nn-0.3,7001,1.18191796,14.51297387,0.0,0.0,-84.711104,-15.69489183,0.0
2021-06-23T12:05:08.757,10001,400,300,64,24000,24000,winter,eval,winter_no-L2_ns-fix_abort_nn-0.3,10001,16.61281372,5.136049077,0.0,0.0,-90.47221444,-21.7488628,0.0
2021-06-16T14:48:30.098,10001,400,300,64,24000,24000,summer,eval,summer_no-L2_nns!_abort_nn-0.1,2201,0.0,0.0,0.0,0.0,64.29727819,0.0,0.0
2021-06-16T14:48:27.368,10001,400,300,64,24000,24000,summer,eval,summer_no-L2_nns!_abort_nn-0.1,10001,0.0,0.0,0.0,0.0,63.07513396,0.0,0.0
2021-06-16T14:43:58.068,10001,400,300,64,24000,24000,winter,eval,winter_no-L2_nns!_abort_nn-0.1,8601,11.90196111,2.464772844,0.0,0.0,-78.36649748,-14.36673396,0.0
2021-06-16T14:43:55.428,10001,400,300,64,24000,24000,winter,eval,winter_no-L2_nns!_abort_nn-0.1,10001,29.68033842,4.145093828,0.73207171,0.0,-101.8799674,-34.55750395,0.0
2021-06-16T14:41:13.785,10001,300,600,64,24000,24000,winter,eval,winter_no-L2_nns!_abort_nn-0.1,4701,2.309698386,0.431511748,0.0,0.0,-58.45385531,-2.741210134,0.0
2021-06-16T14:41:11.26,10001,300,600,64,24000,24000,winter,eval,winter_no-L2_nns!_abort_nn-0.1,10001,12.62641086,1.654449502,4.717373815,0.0,-71.62616007,-18.99823417,0.0
2021-06-16T14:38:17.133,10001,300,600,64,24000,24000,summer,eval,summer_no-L2_nns!_abort_nn-0.1,5701,0.0,0.0,0.0,0.0,64.57612145,0.0,0.0
2021-06-16T14:38:14.704,10001,300,600,64,24000,24000,summer,eval,summer_no-L2_nns!_abort_nn-0.1,10001,0.0,0.0,0.0,0.0,58.65988234,0.0,0.0
2021-06-16T14:35:48.647,10001,400,300,64,24000,24000,summer,eval,summer_no-L2_nns!_abort_nn-0.5,8501,0.0,0.0,0.0,0.0,65.39712569,0.0,0.0
2021-06-16T14:35:45.943,10001,400,300,64,24000,24000,summer,eval,summer_no-L2_nns!_abort_nn-0.5,10001,0.0,0.0,0.0,0.0,57.69967259,0.0,0.0
2021-06-16T14:34:52.399,10001,400,300,64,24000,24000,summer,eval,summer_no-L2_nns!_abort_nn-0.5,8801,0.0,0.0,0.0,0.0,57.38860356,0.0,0.0
2021-06-16T14:34:49.8,10001,400,300,64,24000,24000,summer,eval,summer_no-L2_nns!_abort_nn-0.5,10001,0.0,0.0,0.0,0.0,57.05826171,0.0,0.0
2021-06-16T14:34:34.934,10001,300,600,64,24000,24000,summer,eval,summer_no-L2_nns!_abort_nn-0.5,9501,0.0,0.0,0.0,0.0,57.09878068,0.0,0.0
2021-06-16T14:34:32.325,10001,300,600,64,24000,24000,summer,eval,summer_no-L2_nns!_abort_nn-0.5,10001,0.0,0.0,0.0,0.0,57.02142453,0.0,0.0
2021-06-16T14:32:46.127,10001,300,600,64,24000,24000,winter,eval,winter_no-L2_nns!_abort_nn-0.5,6801,3.647456535,0.0,0.0,0.0,-69.68050602,-3.647456535,0.0
2021-06-16T14:32:43.477,10001,300,600,64,24000,24000,winter,eval,winter_no-L2_nns!_abort_nn-0.5,10001,5.809322467,4.969063827,0.0,0.0,-81.30111988,-10.77838629,0.0
2021-06-16T12:05:14.639,10001,400,300,64,24000,24000,winter,eval,winter_no-L2_nns!_abort,8001,3.720211728,6.196736677,0.0,0.0,-72.52239986,-9.916948406,0.0
2021-06-16T12:05:11.701,10001,400,300,64,24000,24000,winter,eval,winter_no-L2_nns!_abort,10001,1.962000444,5.431996011,0.0,0.0,-64.56656216,-7.393996455,0.0
2021-06-16T12:00:33.931,10001,300,600,64,24000,24000,summer,eval,summer_no-L2_nns!_abort,9001,0.0,0.0,0.0,0.0,64.83738784,0.0,0.0
2021-06-16T12:00:31.022,10001,300,600,64,24000,24000,summer,eval,summer_no-L2_nns!_abort,10001,0.0,0.0,0.0,0.0,64.95945812,0.0,0.0
2021-06-16T11:58:19.286,10001,400,300,64,24000,24000,summer,eval,summer_no-L2_nns!_abort,9301,0.0,0.0,0.0,0.0,63.72079863,0.0,0.0
2021-06-16T11:58:16.325,10001,400,300,64,24000,24000,summer,eval,summer_no-L2_nns!_abort,10001,0.0,0.0,0.0,0.0,62.73994905,0.0,0.0
2021-06-16T11:26:41.854,10001,300,600,64,24000,24000,winter,eval,winter_no-L2_nns!_abort,10001,0.0,39.24582767,0.0,0.0,-40.9996842,-39.24582767,0.0
2021-06-16T11:26:39.075,10001,300,600,64,24000,24000,winter,eval,winter_no-L2_nns!_abort,10001,0.0,39.24582767,0.0,0.0,-40.9996842,-39.24582767,0.0
2021-06-15T16:23:15.004,10001,400,300,64,24000,24000,winter,eval,winter_no-L2_nns!_abort_batch-64_sigma-0.5,6401,0.637660762,1.077625646,0.0,0.0,-47.62175246,-1.715286408,0.0
2021-06-15T16:23:12.287,10001,400,300,64,24000,24000,winter,eval,winter_no-L2_nns!_abort_batch-64_sigma-0.5,10001,4.333594182,2.736691322,0.0,0.0,-66.49336606,-7.070285504,0.0
2021-06-15T16:20:33.469,10001,400,300,64,24000,24000,summer,eval,summer_no-L2_nns!_abort_batch-64_sigma-0.5,4601,0.0,0.0,0.0,0.0,63.0422809,0.0,0.0
2021-06-15T16:20:30.744,10001,400,300,64,24000,24000,summer,eval,summer_no-L2_nns!_abort_batch-64_sigma-0.5,10001,0.0,0.0,0.0,0.0,63.97855304,0.0,0.0
2021-06-15T16:19:24.441,10001,300,600,64,24000,24000,winter,eval,winter_no-L2_nns!_abort_batch-64_sigma-0.5,7401,0.23650878,2.231357263,0.0,0.0,-59.2201504,-2.467866043,0.0
2021-06-15T16:19:21.823,10001,300,600,64,24000,24000,winter,eval,winter_no-L2_nns!_abort_batch-64_sigma-0.5,10001,47.25574203,1.820405927,0.0,25.86018008,-130.5094383,-74.93632804,0.0
2021-06-15T16:16:21.52,10001,300,600,64,24000,24000,summer,eval,summer_no-L2_nns!_abort_batch-64_sigma-0.5,9301,0.0,0.0,0.0,0.0,65.91807565,0.0,0.0
2021-06-15T16:16:18.911,10001,300,600,64,24000,24000,summer,eval,summer_no-L2_nns!_abort_batch-64_sigma-0.5,10001,0.0,0.0,0.0,0.0,62.06666796,0.0,0.0
2021-06-14T19:44:48.634,10001,300,600,48,24000,24000,winter,eval,winter_no-L2_nns!_abort_batch-48_sigma-0.5,9901,0.435488017,0.038792001,0.0,0.0,-59.38949443,-0.474280019,0.0
2021-06-14T19:44:45.809,10001,300,600,48,24000,24000,winter,eval,winter_no-L2_nns!_abort_batch-48_sigma-0.5,10001,0.966612948,0.0,0.0,0.0,-61.65259159,-0.966612948,0.0
2021-06-14T19:42:28.518,10001,400,300,48,24000,24000,winter,eval,winter_no-L2_nns!_abort_batch-48_sigma-0.5,9301,0.0,0.218055516,0.0,0.0,-53.17060068,-0.218055516,0.0
2021-06-14T19:42:25.876,10001,400,300,48,24000,24000,winter,eval,winter_no-L2_nns!_abort_batch-48_sigma-0.5,10001,2.191504029,0.0,3.104186523,0.0,-60.15086645,-5.295690552,0.0
2021-06-14T19:40:02.15,10001,300,600,48,24000,24000,summer,eval,summer_no-L2_nns!_abort_batch-48_sigma-0.5,8201,0.0,0.0,0.0,0.0,65.22069126,0.0,0.0
2021-06-14T19:39:59.332,10001,300,600,48,24000,24000,summer,eval,summer_no-L2_nns!_abort_batch-48_sigma-0.5,10001,0.0,0.0,0.0,0.0,64.05667149,0.0,0.0
2021-06-14T19:39:49.066,10001,400,300,48,24000,24000,winter,eval,winter_no-L2_nns!_abort_batch-48,9301,0.141012831,1.947887909,0.0,0.0,-49.95067454,-2.08890074,0.0
2021-06-14T19:39:46.477,10001,400,300,48,24000,24000,winter,eval,winter_no-L2_nns!_abort_batch-48,10001,3.083119781,0.001074182,2.264702033,0.0,-64.62645383,-5.348895996,0.0
2021-06-14T19:34:55.521,10001,400,300,48,24000,24000,summer,eval,summer_no-L2_nns!_abort_batch-48_sigma-0.5,7401,0.0,0.0,0.0,0.0,60.34209285,0.0,0.0
2021-06-14T19:34:52.897,10001,400,300,48,24000,24000,summer,eval,summer_no-L2_nns!_abort_batch-48_sigma-0.5,10001,0.0,0.0,0.0,1.963114581,52.8080228,-1.963114581,0.0
2021-06-14T19:32:09.3,10001,300,600,48,24000,24000,summer,eval,summer_no-L2_nns!_abort_batch-48,5601,0.0,0.0,0.0,0.0,65.01897222,0.0,0.0
2021-06-14T19:32:06.676,10001,300,600,48,24000,24000,summer,eval,summer_no-L2_nns!_abort_batch-48,10001,0.0,0.0,0.0,0.0,63.78215204,0.0,0.0
2021-06-14T19:29:28.112,10001,400,300,48,24000,24000,summer,eval,summer_no-L2_nns!_abort_batch-48,4701,0.0,0.0,0.0,0.0,57.63457484,0.0,0.0
2021-06-14T19:29:25.475,10001,400,300,48,24000,24000,summer,eval,summer_no-L2_nns!_abort_batch-48,10001,0.0,0.0,0.0,0.0,57.40292336,0.0,0.0
2021-06-14T19:29:24.091,10001,300,600,48,24000,24000,winter,eval,winter_no-L2_nns!_abort_batch-48,10001,0.0,6.151508952,0.0,0.0,-59.81584069,-6.151508952,0.0
2021-06-14T19:29:21.379,10001,300,600,48,24000,24000,winter,eval,winter_no-L2_nns!_abort_batch-48,10001,0.0,6.151508952,0.0,0.0,-59.81584069,-6.151508952,0.0
2021-06-14T14:31:31.743,10001,400,300,48,24000,24000,winter,eval,winter_no-L2_abort_batch-48,3901,0.968272124,0.0,0.0,0.0,-62.74334447,-0.968272124,0.0
2021-06-14T14:31:28.984,10001,400,300,48,24000,24000,winter,eval,winter_no-L2_abort_batch-48,10001,15.45597211,24.48820027,0.0,3.98615136,-103.4103811,-43.93032374,0.0
2021-06-14T14:31:06.139,10001,300,600,48,24000,24000,winter,eval,winter_no-L2_abort_batch-48,9101,10.13580987,1.353249354,0.0,0.688315056,-77.69356453,-12.17737428,0.0
2021-06-14T14:31:03.424,10001,300,600,48,24000,24000,winter,eval,winter_no-L2_abort_batch-48,10001,29.1402468,5.509172271,0.0,13.45768835,-111.7359608,-48.10710742,0.0
2021-06-14T14:28:20.378,10001,400,300,48,24000,24000,summer,eval,summer_no-L2_abort_batch-48,2901,0.0,0.0,0.0,0.0,63.8299561,0.0,0.0
2021-06-14T14:28:17.673,10001,400,300,48,24000,24000,summer,eval,summer_no-L2_abort_batch-48,10001,2.397976757,0.0,0.217507697,0.0,53.50963549,-2.615484453,0.0
2021-06-14T14:26:45.994,10001,400,300,64,24000,24000,winter,eval,winter_no-L2_nns!_abort_batch-64,5401,0.0,0.0,0.0,0.0,-73.88526744,0.0,0.0
2021-06-14T14:26:43.198,10001,400,300,64,24000,24000,winter,eval,winter_no-L2_nns!_abort_batch-64,10001,1.682083961,6.092499898,0.0,7.42067639,-94.19295215,-15.19526025,0.0
2021-06-14T14:26:15.291,10001,300,600,48,24000,24000,summer,eval,summer_no-L2_abort_batch-48,4501,0.0,0.0,0.0,0.0,63.82133027,0.0,0.0
2021-06-14T14:26:12.58,10001,300,600,48,24000,24000,summer,eval,summer_no-L2_abort_batch-48,10001,139.2590059,0.0,5.90763471,0.0,-139.6694382,-145.1666406,0.0
2021-06-14T14:25:55.346,10001,300,600,64,24000,24000,winter,eval,winter_no-L2_nns!_abort_batch-64,7301,0.0,0.587227739,0.0,0.0,-51.12529108,-0.587227739,0.0
2021-06-14T14:25:52.929,10001,300,600,64,24000,24000,winter,eval,winter_no-L2_nns!_abort_batch-64,10001,0.0,1.137611723,0.0,0.0,-79.42300262,-1.137611723,0.0
2021-06-14T14:21:34.042,10001,400,300,64,24000,24000,summer,eval,summer_no-L2_nns!_abort_batch-64,5301,0.0,0.0,0.0,0.0,61.39085523,0.0,0.0
2021-06-14T14:21:31.333,10001,400,300,64,24000,24000,summer,eval,summer_no-L2_nns!_abort_batch-64,10001,0.0,0.0,0.0,0.0,57.71785217,0.0,0.0
2021-06-14T14:17:59.522,10001,300,600,64,24000,24000,summer,eval,summer_no-L2_nns!_abort_batch-64,5401,0.0,0.0,0.0,0.0,60.29919202,0.0,0.0
2021-06-14T14:17:57.022,10001,300,600,64,24000,24000,summer,eval,summer_no-L2_nns!_abort_batch-64,10001,0.0,0.0,0.0,0.0,57.32961787,0.0,0.0
2021-06-14T13:33:48.27,10001,300,600,120,24000,24000,winter,eval,winter_no-L2_nns!_abort,6701,1.339113641,0.0,0.0,0.0,-61.01950289,-1.339113641,0.0
2021-06-14T13:33:45.342,10001,300,600,120,24000,24000,winter,eval,winter_no-L2_nns!_abort,10001,19.6108309,0.0,0.0,0.0,-77.7902119,-19.6108309,0.0
2021-06-14T13:21:45.669,10001,400,300,120,24000,24000,summer,eval,summer_no-L2_nns_abort_batch-120_ou-sigma-0.5,9601,0.0,0.0,0.0,0.0,64.51196501,0.0,0.0
2021-06-14T13:21:42.755,10001,400,300,120,24000,24000,summer,eval,summer_no-L2_nns_abort_batch-120_ou-sigma-0.5,10001,0.0,0.0,0.0,0.0,63.44104551,0.0,0.0
2021-06-14T13:21:15.589,10001,300,600,120,24000,24000,summer,eval,summer_no-L2_nns_abort_batch-120_ou-sigma-0.5,8401,0.0,0.0,0.0,0.0,65.08686017,0.0,0.0
2021-06-14T13:21:12.696,10001,300,600,120,24000,24000,summer,eval,summer_no-L2_nns_abort_batch-120_ou-sigma-0.5,10001,0.0,0.0,0.0,0.0,58.81808991,0.0,0.0
2021-06-14T13:19:28.661,10001,400,300,120,24000,24000,summer,eval,summer_no-L2_nns!_abort,6501,0.0,0.0,0.0,0.0,59.78099386,0.0,0.0
2021-06-14T13:19:25.77,10001,400,300,120,24000,24000,summer,eval,summer_no-L2_nns!_abort,10001,0.0,0.0,0.0,0.0,57.75744088,0.0,0.0
2021-06-14T13:17:51.385,10001,300,600,64,24000,24000,summer,eval,summer_no-L2_nns_abort_ou-sigma-0.5,7701,0.0,0.0,0.0,0.0,65.78852577,0.0,0.0
2021-06-14T13:17:48.414,10001,300,600,64,24000,24000,summer,eval,summer_no-L2_nns_abort_ou-sigma-0.5,10001,0.0,0.0,0.0,0.0,58.086926,0.0,0.0
2021-06-14T13:16:53.09,10001,400,300,120,24000,24000,winter,eval,winter_no-L2_nns!_abort,10001,0.09596441,0.282893581,0.0,0.0,-61.81256378,-0.37885799,0.0
2021-06-14T13:16:50.183,10001,400,300,120,24000,24000,winter,eval,winter_no-L2_nns!_abort,10001,0.09596441,0.282893581,0.0,0.0,-61.81256378,-0.37885799,0.0
2021-06-14T13:12:04.768,10001,300,600,120,24000,24000,summer,eval,summer_no-L2_nns!_abort,6701,0.0,0.0,0.0,0.0,61.37083395,0.0,0.0
2021-06-14T13:12:02.268,10001,300,600,120,24000,24000,summer,eval,summer_no-L2_nns!_abort,10001,0.0,0.0,0.0,0.0,57.23143117,0.0,0.0
2021-06-14T13:07:06.548,10001,300,600,64,24000,24000,summer,eval,summer_no-L2_nns_abort_batch-64,9201,0.0,0.0,0.0,0.0,66.32522624,0.0,0.0
2021-06-14T13:07:03.8,10001,300,600,64,24000,24000,summer,eval,summer_no-L2_nns_abort_batch-64,10001,0.0,0.0,0.0,0.0,65.52215128,0.0,0.0
2021-06-14T13:05:18.115,10001,300,600,64,24000,24000,winter,eval,winter_no-L2_nns_abort_batch-64,7001,6.695302506,0.0,0.0,0.0,-68.42650283,-6.695302506,0.0
2021-06-14T13:05:15.392,10001,300,600,64,24000,24000,winter,eval,winter_no-L2_nns_abort_batch-64,10001,15.07396579,5.143373828,0.0,15.82236507,-95.92160601,-36.03970469,0.0
2021-06-14T13:03:14.536,10001,400,300,64,24000,24000,summer,eval,summer_no-L2_nns_abort_batch-64,10001,0.0,0.0,0.0,0.0,65.06954937,0.0,0.0
2021-06-14T13:03:11.829,10001,400,300,64,24000,24000,summer,eval,summer_no-L2_nns_abort_batch-64,10001,0.0,0.0,0.0,0.0,65.06954937,0.0,0.0
2021-06-14T13:02:50.931,10001,400,300,64,24000,24000,winter,eval,winter_no-L2_nns_abort_batch-64,8201,0.812910359,0.0,0.0,2.03445643,-74.03623395,-2.84736679,0.0
2021-06-14T13:02:48.208,10001,400,300,64,24000,24000,winter,eval,winter_no-L2_nns_abort_batch-64,10001,5.94083251,0.0,0.0,57.29907121,-123.3981784,-63.23990372,0.0
2021-06-14T13:02:04.115,10001,300,600,120,24000,24000,winter,eval,winter_no-L2_nns_abort_batch-120_ou-sigma-0.5,7101,0.61092145,0.0,0.0,0.0,-63.60352695,-0.61092145,0.0
2021-06-14T13:02:01.199,10001,300,600,120,24000,24000,winter,eval,winter_no-L2_nns_abort_batch-120_ou-sigma-0.5,10001,57.57416284,2.55408257,0.0,0.0,-123.2763631,-60.12824541,0.0
2021-06-14T13:01:44.927,10001,300,600,64,24000,24000,winter,eval,winter_no-L2_nns_abort_ou-sigma-0.5,9701,1.111415113,0.0,0.0,0.0,-61.70896312,-1.111415113,0.0
2021-06-14T13:01:41.985,10001,300,600,64,24000,24000,winter,eval,winter_no-L2_nns_abort_ou-sigma-0.5,10001,0.0,0.339530391,0.0,0.0,-71.46589476,-0.339530391,0.0
2021-06-14T13:00:01.231,10001,400,300,64,24000,24000,summer,eval,summer_no-L2_nns_abort_ou-sigma-0.5,5601,0.0,0.0,0.0,0.0,62.98322061,0.0,0.0
2021-06-14T12:59:58.51,10001,400,300,64,24000,24000,summer,eval,summer_no-L2_nns_abort_ou-sigma-0.5,10001,0.0,0.0,0.0,0.0,57.89132536,0.0,0.0
2021-06-14T12:49:14.845,10001,400,300,64,24000,24000,winter,eval,winter_no-L2_nns_abort_ou-sigma-0.5,9301,20.47063739,5.029211675,8.528799149,1.960880332,-94.28308666,-35.98952854,0.0
2021-06-14T12:49:12.063,10001,400,300,64,24000,24000,winter,eval,winter_no-L2_nns_abort_ou-sigma-0.5,10001,0.150663319,66.3536674,0.0,11.52001203,-137.8845289,-78.02434274,0.0
2021-06-14T12:23:14.6,10001,400,300,120,24000,24000,winter,eval,winter_no-L2_nns_abort_batch-120_ou-sigma-0.5,1,0.0,22.20130369,0.0,0.0,-21.53486198,-22.20130369,0.0
2021-06-14T12:23:11.917,10001,400,300,120,24000,24000,winter,eval,winter_no-L2_nns_abort_batch-120_ou-sigma-0.5,10001,0.0,0.0,53.07884128,0.0,-53.07884128,-53.07884128,0.0
2021-06-12T17:52:53.156,10001,400,300,120,24000,24000,summer,eval,summer_no-L2_nns_abort_comf-2,4401,0.0,0.0,0.0,0.0,59.37752836,0.0,0.0
2021-06-12T17:52:50.426,10001,400,300,120,24000,24000,summer,eval,summer_no-L2_nns_abort_comf-2,10001,0.0,0.0,67.71351531,0.0,-110.8824853,-135.4270306,0.0
2021-06-12T17:51:51.677,10001,400,300,120,24000,24000,winter,eval,winter_no-L2_nns_abort_comf-2,8901,0.0,4.126966906,0.0,0.0,-68.82857938,-8.253933812,0.0
2021-06-12T17:51:48.923,10001,400,300,120,24000,24000,winter,eval,winter_no-L2_nns_abort_comf-2,10001,16.32321781,0.175629188,0.0,0.0,-99.97661411,-32.997694,0.0
2021-06-12T17:30:24.957,10001,300,600,120,24000,24000,summer,eval,summer_no-L2_nns_abort_comf-2,10001,0.0,0.0,0.0,0.0,59.35906069,0.0,0.0
2021-06-12T17:30:22.324,10001,300,600,120,24000,24000,summer,eval,summer_no-L2_nns_abort_comf-2,10001,0.0,0.0,0.0,0.0,59.35906069,0.0,0.0
2021-06-12T17:08:20.921,10001,300,600,120,24000,24000,winter,eval,winter_no-L2_nns_abort_comf-2,1,0.0,21.36362564,0.0,0.0,-41.98030303,-42.72725127,0.0
2021-06-12T17:08:18.538,10001,300,600,120,24000,24000,winter,eval,winter_no-L2_nns_abort_comf-2,10001,0.0,0.0,53.07873498,0.0,-107.129886,-106.15747,0.0
2021-06-12T15:16:56.805,10001,400,300,120,24000,24000,summer,eval,summer_no-L2_nns_abort,8601,0.0,0.0,0.0,0.0,65.09468145,0.0,0.0
2021-06-12T15:16:54.195,10001,400,300,120,24000,24000,summer,eval,summer_no-L2_nns_abort,10001,0.0,0.0,0.0,0.0,64.42171974,0.0,0.0
2021-06-12T15:14:57.347,10001,300,600,120,24000,24000,winter,eval,winter_no-L2_nns_abort,9401,0.992501932,0.523790704,0.0,0.0,-66.3834724,-1.516292637,0.0
2021-06-12T15:14:54.69,10001,300,600,120,24000,24000,winter,eval,winter_no-L2_nns_abort,10001,2.981212995,13.75362362,0.0,22.2560338,-102.6618701,-38.99087041,0.0
2021-06-12T15:07:21.037,10001,400,300,120,24000,24000,winter,eval,winter_no-L2_nns_abort,9801,11.59107492,1.559516844,0.0,11.0547002,-88.28470065,-24.20529197,0.0
2021-06-12T15:07:18.361,10001,400,300,120,24000,24000,winter,eval,winter_no-L2_nns_abort,10001,45.47604019,0.0,0.0,17.59385387,-128.935735,-63.06989406,0.0
2021-06-25T15:30:01.82,10001,300,600,64,24000,24000,both,test,both_no-L2_nns_ou.5_abort,10001,799.1698383435512,0.7984948922334212,107.15664593685136,0.0,-942.4599556869014,-907.1249791726359,0.0
2021-06-25T15:30:04.737,10001,300,600,64,24000,24000,both,test,both_no-L2_nns_ou.5_abort,7901,7.005825735536742,17.044836340582314,0.0,0.0,-67.95158432625553,-24.05066207611906,0.0
2021-06-25T17:12:08.319,10001,400,300,64,24000,24000,summer,eval,summer_no-L2_nns_ou.5_abort_no-period-h,10001,0.0,0.0,0.0,0.0,60.547496042285616,0.0,0.0
2021-06-25T17:12:11.176,10001,400,300,64,24000,24000,summer,eval,summer_no-L2_nns_ou.5_abort_no-period-h,3101,0.0,0.0,0.0,0.0,65.90183213859963,0.0,0.0
2021-06-25T17:15:14.736,10001,300,600,64,24000,24000,summer,eval,summer_no-L2_nns_ou.5_abort_no-period-h,10001,0.0,0.0,0.0,0.0,57.64627242236006,0.0,0.0
2021-06-25T17:15:17.795,10001,300,600,64,24000,24000,summer,eval,summer_no-L2_nns_ou.5_abort_no-period-h,6301,0.0,0.0,0.0,0.0,65.43618523959705,0.0,0.0
2021-06-25T17:17:08.018,10001,400,300,64,24000,24000,winter,eval,winter_no-L2_nns_ou.5_abort_no-period-h,10001,0.0023314777262903874,3.6990121233195055,0.0,0.0,-75.8483788549285,-3.701343601045796,0.0
2021-06-25T17:17:10.893,10001,400,300,64,24000,24000,winter,eval,winter_no-L2_nns_ou.5_abort_no-period-h,8001,0.0,0.0,0.0,0.0,-61.477997714212066,0.0,0.0
2021-06-25T17:19:04.991,10001,300,600,64,24000,24000,winter,eval,winter_no-L2_nns_ou.5_abort_no-period-h,10001,0.43402559509986105,0.8737511960409989,0.0,0.0,-62.470878338268164,-1.30777679114086,0.0
2021-06-25T17:19:07.84,10001,300,600,64,24000,24000,winter,eval,winter_no-L2_nns_ou.5_abort_no-period-h,9001,0.0,0.0,0.0,0.0,-56.92141573024359,0.0,0.0
2021-06-25T17:33:40.828,10001,300,600,64,24000,24000,winter,eval,winter_no-L2_nns_ou.5_abort_no-period-h,10001,1.945609966613464,0.0,0.0,0.0,-62.91472042572441,-1.945609966613464,0.0
2021-06-25T17:33:43.913,10001,300,600,64,24000,24000,winter,eval,winter_no-L2_nns_ou.5_abort_no-period-h,9001,0.0,0.0,0.0,0.0,-57.37103831540231,0.0,0.0
2021-06-25T17:34:01.745,10001,300,600,64,24000,24000,summer,eval,summer_no-L2_nns_ou.5_abort_no-period-h,10001,0.0,0.0,0.0,0.0,57.63560646610378,0.0,0.0
2021-06-25T17:34:04.851,10001,300,600,64,24000,24000,summer,eval,summer_no-L2_nns_ou.5_abort_no-period-h,6301,0.0,0.0,0.0,0.0,65.50650949542143,0.0,0.0
2021-06-25T17:34:19.802,10001,400,300,64,24000,24000,summer,eval,summer_no-L2_nns_ou.5_abort_no-period-h,10001,0.0,0.0,0.0,0.0,60.548265799271896,0.0,0.0
2021-06-25T17:34:22.864,10001,400,300,64,24000,24000,summer,eval,summer_no-L2_nns_ou.5_abort_no-period-h,3101,0.0,0.0,0.0,0.0,65.90210510082186,0.0,0.0
2021-06-25T17:34:31.307,10001,400,300,64,24000,24000,winter,eval,winter_no-L2_nns_ou.5_abort_no-period-h,10001,0.09133630416819472,2.873868650819997,0.0,0.0,-75.13095569042575,-2.9652049549881916,0.0
2021-06-25T17:34:34.565,10001,400,300,64,24000,24000,winter,eval,winter_no-L2_nns_ou.5_abort_no-period-h,8001,0.0,0.0,0.0,0.0,-61.54313216407858,0.0,0.0
2021-06-25T17:37:47.623,10001,300,600,64,24000,24000,summer,test,summer_no-L2_nns_ou.5_abort_no-period-h,10001,0.0,0.0,0.0,0.0,110.92086957742471,0.0,0.0
2021-06-25T17:37:51.167,10001,300,600,64,24000,24000,summer,test,summer_no-L2_nns_ou.5_abort_no-period-h,6301,0.0,0.0,0.0,0.0,127.41396204259254,0.0,0.0
2021-06-25T17:37:59.888,10001,300,600,64,24000,24000,winter,test,winter_no-L2_nns_ou.5_abort_no-period-h,10001,6.662306244944226,0.0,0.0,0.0,-158.26609101871617,-6.662306244944226,0.0
2021-06-25T17:38:03.518,10001,300,600,64,24000,24000,winter,test,winter_no-L2_nns_ou.5_abort_no-period-h,9001,0.0,14.831142092424056,0.0,7.320159367783617,-175.83487711585454,-22.151301460207673,0.0
2021-06-25T17:38:19.782,10001,400,300,64,24000,24000,winter,test,winter_no-L2_nns_ou.5_abort_no-period-h,10001,0.0,0.5621001465837594,33.8697963829018,0.0,-211.12383850093258,-34.431896529485556,0.0
2021-06-25T17:38:23.483,10001,400,300,64,24000,24000,winter,test,winter_no-L2_nns_ou.5_abort_no-period-h,8001,0.0716004772032619,0.06723979974114869,0.0,6.957354132069213,-166.91243426778703,-7.0961944090136235,0.0
2021-06-25T17:38:32.523,10001,400,300,64,24000,24000,summer,test,summer_no-L2_nns_ou.5_abort_no-period-h,10001,0.0,0.0,0.0,0.0,115.82653748538344,0.0,0.0
2021-06-25T17:38:36.273,10001,400,300,64,24000,24000,summer,test,summer_no-L2_nns_ou.5_abort_no-period-h,3101,0.0,0.0,0.0,0.0,127.81202388946178,0.0,0.0
2021-06-25T18:08:22.931,10001,400,300,64,24000,24000,both,test,both_no-L2_nns_ou.5_abort,10001,0.0,31.374224823829863,0.0,0.0,-124.89720944760299,-31.374224823829863,0.0
2021-06-25T18:08:27.449,10001,400,300,64,24000,24000,both,test,both_no-L2_nns_ou.5_abort,9001,9.732062126582111,3.8718723521347833,0.0,3.307732663111892,-52.27810468349331,-16.911667141828786,0.0
2021-06-25T19:16:45.843,10001,300,600,64,24000,24000,both,eval,both_no-L2_nns_ou.5_abort_no-period-h,10001,0.0,3.7920585014509243,0.0,0.0,-17.856703150044673,-3.7920585014509243,0.0
2021-06-25T19:16:49.342,10001,300,600,64,24000,24000,both,eval,both_no-L2_nns_ou.5_abort_no-period-h,4701,0.8545093621802913,0.0,0.0,0.0,-2.9978308370722395,-0.8545093621802913,0.0
2021-06-25T19:19:02.38,10001,400,300,64,24000,24000,both,eval,both_no-L2_nns_ou.5_abort_no-period-h,10001,0.0,0.0,0.0,0.0,-14.65899586138109,0.0,0.0
2021-06-25T19:19:05.855,10001,400,300,64,24000,24000,both,eval,both_no-L2_nns_ou.5_abort_no-period-h,9301,0.087887509562254,0.0,0.0,0.1872839331626892,-6.412606045132919,-0.2751714427249432,0.0
2021-06-25T21:27:08.291,10001,400,300,64,24000,24000,all,eval,all_no-L2_nns_ou.5_abort_no-period-h,10001,17.423199832031855,0.0,0.0,1.85766974130469,7.62145808581603,-19.280869573336545,0.0
2021-06-25T21:27:12.901,10001,400,300,64,24000,24000,all,eval,all_no-L2_nns_ou.5_abort_no-period-h,9701,0.0,0.9316867293226849,0.0,0.0,24.336949751517203,-0.9316867293226849,0.0
2021-06-25T21:31:48.486,10001,300,600,64,24000,24000,all,eval,all_no-L2_nns_ou.5_abort_no-period-h,10001,0.0,0.0,0.0,0.0,-2.276506790794677,0.0,0.0
2021-06-25T21:31:53.076,10001,300,600,64,24000,24000,all,eval,all_no-L2_nns_ou.5_abort_no-period-h,7801,1.817644047619634,9.559287596829552,0.0,0.0,37.549583513987244,-11.376931644449186,0.0
2021-06-26T00:45:22.182,4001,300,600,64,24000,24000,winter,eval,winter_no-L2_nns_ou.5_abort_no-period-h_comf2,4001,40.43793295483013,5.113981107762108,0.0,0.0,-176.31060736973583,-91.10382812518449,0.0
2021-06-26T00:45:25.088,4001,300,600,64,24000,24000,winter,eval,winter_no-L2_nns_ou.5_abort_no-period-h_comf2,4001,40.43793295483013,5.113981107762108,0.0,0.0,-176.31060736973583,-91.10382812518449,0.0
2021-06-26T00:48:18.507,4001,400,300,64,24000,24000,winter,eval,winter_no-L2_nns_ou.5_abort_no-period-h_comf2,4001,28.73012018320613,11.646161749004548,0.0,0.0,-146.1765243135872,-80.75256386442135,0.0
2021-06-26T00:48:21.363,4001,400,300,64,24000,24000,winter,eval,winter_no-L2_nns_ou.5_abort_no-period-h_comf2,3301,1.0212379445012658,10.700418080465784,0.0,0.0,-107.85466581369602,-23.4433120499341,0.0
2021-06-26T00:50:56.228,4001,400,300,64,24000,24000,summer,eval,summer_no-L2_nns_ou.5_abort_no-period-h_comf2,4001,0.0,0.0,0.0,1.0681990100948582,54.93212864149864,-2.1363980201897164,0.0
2021-06-26T00:50:59.048,4001,400,300,64,24000,24000,summer,eval,summer_no-L2_nns_ou.5_abort_no-period-h_comf2,3201,0.0,0.0,0.0,0.0,57.24577601572177,0.0,0.0
2021-06-26T00:51:10.074,4001,300,600,64,24000,24000,summer,eval,summer_no-L2_nns_ou.5_abort_no-period-h_comf2,4001,0.0,0.0,0.0,0.0,57.845425892344785,0.0,0.0
2021-06-26T00:51:12.956,4001,300,600,64,24000,24000,summer,eval,summer_no-L2_nns_ou.5_abort_no-period-h_comf2,4001,0.0,0.0,0.0,0.0,57.845425892344785,0.0,0.0
2021-06-26T09:33:49.434,4001,300,600,64,24000,24000,summer,eval,summer_no-L2_nns_ou.5_abort_no-period-h,-1,0.0,0.0,0.0,0.0,65.57410552902994,0.0,0.0
2021-06-26T09:34:54.786,4001,300,600,64,24000,24000,winter,eval,winter_no-L2_nns_ou.5_abort_no-period-h,-1,0.0,0.0,0.0,0.0,-61.59924565709255,0.0,0.0
2021-06-26T09:41:42.254,4001,300,600,64,24000,24000,all,eval,all_no-L2_nns_ou.5_abort_no-period-h,-1,0.0,0.0,0.0,0.0,68.9674605483128,0.0,0.0
2021-06-26T09:42:43.151,4001,300,600,64,24000,24000,both,eval,both_no-L2_nns_ou.5_abort_no-period-h,-1,0.0,0.0,0.0,0.0,1.6189377177803337,0.0,0.0
2021-06-26T09:43:50.278,4001,300,600,64,24000,24000,summer,eval,summer_no-L2_nns_ou.5_abort_no-period-h,-1,0.0,0.0,0.0,0.0,65.38294169985691,0.0,0.0
2021-06-26T09:48:27.073,4001,300,600,64,24000,24000,winter,eval,winter_no-L2_nns_ou.5_abort_no-period-h,-1,0.0,0.0,0.0,0.0,-62.47413741572905,0.0,0.0
2021-06-26T10:09:45.328,4001,300,600,64,24000,24000,summer,test,summer_no-L2_nns_ou.5_abort_no-period-h,-2,0.0,0.0,0.0,0.0,129.72579972654623,0.0,0.0
2021-06-26T10:15:10.977,4001,300,600,64,24000,24000,winter,test,winter_no-L2_nns_ou.5_abort_no-period-h,-2,0.0,0.0,0.0,0.0,-154.35825295073585,0.0,0.0
2021-06-26T10:17:56.293,4001,300,600,64,24000,24000,all,test,all_no-L2_nns_ou.5_abort_no-period-h,-2,0.0,0.0,0.0,0.0,94.4734936462812,0.0,0.0
2021-06-26T10:19:44.654,4001,300,600,64,24000,24000,both,test,both_no-L2_nns_ou.5_abort_no-period-h,-2,0.0,0.0,0.0,0.0,-26.037464275367952,0.0,0.0
