Temp_FH,Vol_HW,Soc_B,V_HW_plus,V_HW_minus,T_FH_plus,T_FH_minus,profits,COP_FH,COP_HW,PV_DE,B_DE,GR_DE,PV_B,PV_GR,PV_HP,GR_HP,B_HP,HP_FH,HP_HW,month,day,hour,horizon
21.5,100,5,0,0,0,0,0,3.396142857,2.324714286,0,0.241389,0,0,0,0,0,3,3,0,1,16,0,360
22.46998874,99.32877025,1.692310236,0,0,0,0,-0.037343369,3.366857143,2.295428571,0,0.096942109,0.124477891,0,0,0,0,1.561472184,1.561472184,0,1,16,1,360
22.70030125,98.65754049,0,0,0,0,0,-0.061961702,3.345857143,2.274428571,0,0,0.206539,0,0,0,0,0,0,0,1,16,2,360
21.960241,90.46109647,0,0,0,0,0,-0.060211802,3.335285714,2.263857143,0,0,0.200706,0,0,0,0,0,0,0,1,16,3,360
21.03839605,89.78986672,0,0,0,0,0,-0.063138003,3.330642857,2.259214286,0,0,0.21046,0,0,0,0,0,0,0,1,16,4,360
20.2983358,89.11863697,0,0,0,0,0,-0.071740503,3.337928571,2.2665,0,0,0.239135,0,0,0,0,0,0,0,1,16,5,360
19.55827555,88.44740721,0,0,0,0,0,-0.103281904,3.353071429,2.281642857,0,0,0.344273,0,0,0,0,0,0,0,1,16,6,360
19,87.77617746,0,0,0,0,0,-0.416600131,3.396357143,2.324928571,0.101,0,0.292835,0,0,0,1.095832047,0,1.095832047,0,1,16,7,360
19,87.10494771,0,0,0,0,0,-0.028472656,3.468714286,2.397285714,0.405839,0,0,0,0,0.571161,0.094908849,0,0.666069849,0,1,16,8,360
19,86.43371795,0,0,0,0,0,0.187143011,3.5535,2.482071429,0.411284,0,0,0,1.871430084,0.534285916,0,0,0.534285916,0,1,16,9,360
19,85.7624882,0,0,0,0,0,0.351960155,3.635714286,2.564285714,0.399042,0,0,0,3.519601497,0.690356503,0,0,0.690356503,0,1,16,10,360
19,85.09125845,0,0,0,0,0,0.387632206,3.676428571,2.605,0.412678,0,0,0,3.876322,3,0,0,3,0,1,16,11,360
20.37024591,84.42002869,0,0,0,0,0,0.022655106,3.695285714,2.623857143,0.427354,0,0,3.956094939,0.226551061,3,0,0,3,0,1,16,12,360
21.53673968,83.74879894,3.876973115,0,0,0,0,0,3.703071429,2.631642857,0.410142,0,0,3.386858,0,3,0,0,3,0,1,16,13,360
22.91870217,83.07756919,7.195977711,0,0,0,0,0,3.696857143,2.625428571,0.423449,0,0,2.856221311,0,2.094329689,0,0,0,2.094329689,1,16,14,360
22.72399617,180,9.994858771,0,0,0,0,0,3.650285714,2.578857143,0.423431,0,0,0.005552117,0,2.354016883,0,0,2.354016883,0,1,16,15,360
24,179.3287702,10,0,0,0,0,0,3.525214286,2.453785714,0.155,0.377154,0,0,0,0,0,0.539215732,0.539215732,0,1,16,16,360
24,169.3300168,9.064628854,0,0,0,0,0,3.463142857,2.391714286,0,0.705264,0,0,0,0,0,1.598621608,1.598621608,0,1,16,17,360
24,168.6587871,6.713453256,0,0,0,0,0,3.458928571,2.3875,0,0.67091,0,0,0,0,0,0,0,0,1,16,18,360
23.805294,167.9875573,6.028649818,0,0,0,0,0,3.460928571,2.3895,0,0.557523,0,0,0,0,0,0.022264453,0.022264453,0,1,16,19,360
23.4403615,157.8041198,5.436849114,0,0,0,0,0,3.454642857,2.383214286,0,0.469176,0,0,0,0,0,0,0,0,1,16,20,360
22.88208595,157.13289,4.957934993,0,0,0,0,0,3.443785714,2.372357143,0,0.40841,0,0,0,0,0,0,0,0,1,16,21,360
22.1420257,156.4616603,4.541041361,0,0,0,0,0,3.442357143,2.370928571,0,0.354601,0,0,0,0,0,0,0,0,1,16,22,360
21.58375015,155.7904305,4.179067378,0,0,0,0,0,3.449285714,2.377857143,0,0.276284,0,0,0,0,0,0,0,0,1,16,23,360
20.6619052,155.1192008,3.89701956,0,0,0,0,0,3.449785714,2.378357143,0,0.241389,0,0,0,0,0,0,0,0,1,17,0,360
19.74006025,154.447971,3.650587346,0,0,0,0,0,3.444785714,2.373357143,0,0.22142,0,0,0,0,0,0,0,0,1,17,1,360
19,153.7767413,3.424539055,0,0,0,0,0,3.475285714,2.403857143,0,0.206539,0,0,0,0,0,1.419663132,1.419663132,0,1,17,2,360
19,153.1055115,1.765046404,0,0,0,0,-0.065472815,3.517357143,2.445928571,0,0,0.200706,0,0,0,0.017536708,1.7296936,1.747230307,0,1,17,3,360
19,152.4342818,0,0,0,0,0,-0.58192362,3.553857143,2.482428571,0,0,0.21046,0,0,0,1.729285324,0,1.729285324,0,1,17,4,360
19,151.763052,0,0,0,0,0,-0.383265793,3.584142857,2.512714286,0,0,0.239135,0,0,0,1.038417594,0,1.038417594,0,1,17,5,360
19,151.0918223,0,0,0,0,0,-0.312169952,3.604714286,2.533285714,0,0,0.344273,0,0,0,0.696293465,0,0.696293465,0,1,17,6,360
19,150.4205925,0,0,0,0,0,-0.326724226,3.637285714,2.565857143,0,0,0.393835,0,0,0.328,0.69524571,0,1.02324571,0,1,17,7,360
19,142.0500507,0,0,0,0,0,0,3.692928571,2.6215,0.405839,0,0,1.000237497,0,1.336923503,0,0,1.336923503,0,1,17,8,360
19,133.3900937,0.980232766,0,0,0,0,0,3.771071429,2.699642857,0.411284,0,0,3.980578676,0,0.772137324,0,0,0.772137324,0,1,17,9,360
19,132.718864,4.881170538,0,0,0,0,0,3.84,2.768571429,0.399042,0,0,2.257958,0,3,0,0,3,0,1,17,10,360
20.382796,132.0476342,7.093822985,0,0,0,0,0,3.903142857,2.831714286,0.412678,0,0,1.708322,0,3,0,0,3,0,1,17,11,360
21.94716259,131.3764045,8.767765763,0,0,0,0,0,3.95,2.878571429,0.427354,0,0,0.861646,0,3,0,0,3,0,1,17,12,360
23.34968208,120.4379102,9.611915827,0,0,0,0,0,3.965571429,2.894142857,0.410142,0,0,0,0,1.149858,0,0.242864199,0,1.392722199,1,17,13,360
23.33776083,180,9.363806861,0,0,0,0,0,3.962285714,2.890857143,0.423449,0,0,0,0,0.282551,0,1.157611114,1.440162114,0,1,17,14,360
24,179.3287702,8.182290127,0,0,0,0,0,3.927285714,2.855857143,0.238,0.185431,0,0,0,0,0,0.02451103,0,0.02451103,1,17,15,360
23.98906485,180,7.967818099,0,0,0,0,0,3.880571429,2.809142857,0,0.532154,0,0,0,0,0,0.195467605,0.195467605,0,1,17,16,360
24,179.3287702,7.225108046,0,0,0,0,0,3.842071429,2.770642857,0,0.705264,0,0,0,0,0,0.966966406,0.966966406,0,1,17,17,360
24,178.6575405,5.518533752,0,0,0,0,0,3.8125,2.741071429,0,0.684429,0,0,0,0,0,0.215014098,0,0.215014098,1,17,18,360
23.9870787,180,4.600569125,0,0,0,0,0,3.791,2.719571429,0,0.601993,0,0,0,0,0,0.365123187,0.365123187,0,1,17,19,360
24,179.3287702,3.613577865,0,0,0,0,0,3.783,2.711571429,0,0.469176,0,0,0,0,0,0.025815289,0,0.025815289,1,17,20,360
23.62350915,180,3.10837631,0,0,0,0,0,3.789714286,2.718285714,0,0.40841,0,0,0,0,0,1.64439204,1.64439204,0,1,17,21,360
24,170.7149939,1.01358712,0,0,0,0,-0.048744887,3.762071429,2.690642857,0,0.727,0,0,0,0,0.162482949,0.266285588,0,0.428768537,1,17,22,360
23.62350915,180,0,0,0,0,0,-0.696161383,3.747571429,2.676142857,0,0,0.657654,0,0,0,1.66288385,0,1.66288385,0,1,17,23,360
24,160.3187382,0,0,0,0,0,-0.235742956,3.733,2.661571429,0,0,0.241389,0,0,0,0.544420823,0,0.544420823,0,1,18,0,360
23.74657289,159.6475085,0,0,0,0,0,-0.098027715,3.718857143,2.647428571,0,0,0.22142,0,0,0,0.105339036,0,0,0.105339036,1,18,1,360
22.82472794,164.3245909,0,0,0,0,0,-0.061961702,3.700785714,2.629357143,0,0,0.206539,0,0,0,0,0,0,0,1,18,2,360
22.44823709,163.6533611,0,0,0,0,0,-0.060211802,3.686857143,2.615428571,0,0,0.200706,0,0,0,0,0,0,0,1,18,3,360
21.34460729,162.9821313,0,0,0,0,0,-0.063138003,3.673285714,2.601857143,0,0,0.21046,0,0,0,0,0,0,0,1,18,4,360
20.78633174,162.3109016,0,0,0,0,0,-0.071740503,3.6385,2.567071429,0,0,0.239135,0,0,0,0,0,0,0,1,18,5,360
19.68270194,154.1144576,0,0,0,0,0,-0.103281904,3.590142857,2.518714286,0,0,0.344273,0,0,0,0,0,0,0,1,18,6,360
19.48799594,153.4432278,0,0,0,0,0,0,3.572071429,2.500642857,0.393835,0,0,0,0,0.131165,0,0,0.131165,0,1,18,7,360
19,92.24297313,0,0,0,0,0,0.209656845,3.620142857,2.548714286,0.405839,0,0,0,2.096568415,1.476592585,0,0,1.476592585,0,1,18,8,360
19.06176116,60.34983674,0,0,0,0,0,0.282171604,3.694,2.622571429,0.411284,0,0,0,2.821716,3,0,0,3,0,1,18,9,360
20.34757031,32.63443432,0,0,0,0,0,0.433195806,3.768071429,2.696642857,0.399042,0,0,0,4.331958,3,0,0,3,0,1,18,10,360
21.48492691,31.96320456,0,0,0,0,0,0.497332207,3.835714286,2.764285714,0.412678,0,0,0,4.973322,3,0,0,3,0,1,18,11,360
22.65272279,31.29197481,0,0,0,0,0,0.075376798,3.874214286,2.802785714,0.427354,0,0,4.064878029,0.753767971,3,0,0,3,0,1,18,12,360
23.83784366,25.05945315,3.983580546,0,0,0,0,0,3.891785714,2.820357143,0.410142,0,0,3.956858,0,3,0,0,0,3,1,18,13,360
22.91599871,180,7.861181954,0,0,0,0,0,3.888571429,2.817142857,0.456292,0,0,2.182708,0,3,0,0,3,0,1,18,14,360
23.74401091,163.1946317,10,0,0,0,0,0,3.835428571,2.764,0.423431,0,0,0.000306122,0,2.363262878,0,0,2.363262878,0,1,18,15,360
24,155.5559221,10,0,0,0,0,0,3.709642857,2.638214286,0,0.665709,0,0,0,0.163,0,1.166975739,1.329975739,0,1,18,16,360
24,143.4236936,8.129613549,0,0,0,0,0,3.668428571,2.597,0,0.797906,0,0,0,0,0,0.922755487,0,0.922755487,1,18,17,360
23.62350915,180,6.37359265,0,0,0,0,0,3.670285714,2.598857143,0,0.90216,0,0,0,0,0,2.028091158,2.028091158,0,1,18,18,360
24,160.6094958,3.383349268,0,0,0,0,0,3.668214286,2.596785714,0,0.557523,0,0,0,0,0,1.135778107,0,1.135778107,1,18,19,360
23.805294,130.7979265,1.655389512,0,0,0,0,-0.094034193,3.651785714,2.580357143,0,0.469176,0,0,0,0,0.313447296,1.153057069,1.466504365,0,1,18,20,360
23.8685377,87.1014451,0,0,0,0,0,-0.122523005,3.631,2.559571429,0,0,0.40841,0,0,0,0,0,0,0,1,18,21,360
22.7649079,86.43021535,0,0,0,0,0,-0.106380304,3.602928571,2.5315,0,0,0.354601,0,0,0,0,0,0,0,1,18,22,360
21.84306295,85.7589856,0,0,0,0,0,-0.082885203,3.576571429,2.505142857,0,0,0.276284,0,0,0,0,0,0,0,1,18,23,360
21.64835695,85.08775584,0,0,0,0,0,-0.072416703,3.550857143,2.479428571,0,0,0.241389,0,0,0,0,0,0,0,1,19,0,360
21.2718661,73.87722175,0,0,0,0,0,-0.066426003,3.522857143,2.451428571,0,0,0.22142,0,0,0,0,0,0,0,1,19,1,360
21.0771601,73.205992,0,0,0,0,0,-0.061961702,3.522357143,2.450928571,0,0,0.206539,0,0,0,0,0,0,0,1,19,2,360
20.70066925,72.53476224,0,0,0,0,0,-0.060211802,3.545571429,2.474142857,0,0,0.200706,0,0,0,0,0,0,0,1,19,3,360
20.50596325,71.86353249,0,0,0,0,0,-0.063138003,3.513714286,2.442285714,0,0,0.21046,0,0,0,0,0,0,0,1,19,4,360
20.1294724,71.19230274,0,0,0,0,0,-0.071740503,3.5055,2.434071429,0,0,0.239135,0,0,0,0,0,0,0,1,19,5,360
19.75298155,70.52107298,0,0,0,0,0,-0.103281904,3.538214286,2.466785714,0,0,0.344273,0,0,0,0,0,0,0,1,19,6,360
19.0129213,69.84984323,0,0,0,0,0,0,3.573142857,2.501714286,0.393835,0,0,0,0,0.340165,0,0,0,0.340165,1,19,7,360
19,68.04794883,0,0,0,0,0,0.117347673,3.667857143,2.596428571,0.405839,0,0,0,1.173476717,2.322684283,0,0,2.322684283,0,1,19,8,360
19.90140027,44.88058823,0,0,0,0,0,0.007846396,3.758142857,2.686714286,0.428007,0,0,1.589529042,0.078463958,3,0,0,3,0,1,19,9,360
21.03428901,36.68414421,1.557738492,0,0,0,0,0,3.856857143,2.785428571,0.399042,0,0,2.605958,0,3,0,0,3,0,1,19,10,360
22.21159917,20,4.111530649,0,0,0,0,0,3.896571429,2.825142857,0.412678,0,0,2.473322,0,3,0,0,0,3,1,19,11,360
22.01689317,173.973576,6.53526291,0,0,0,0,0,3.910642857,2.839214286,0.427354,0,0,3.535646,0,3,0,0,3,0,1,19,12,360
23.40019161,165.6820283,10,0,0,0,0,0,3.879857143,2.808428571,0.410142,0,0,0.000306122,0,1.677551878,0,0,1.677551878,0,1,19,13,360
24,159.5623308,10,0,0,0,0,0,3.827857143,2.756428571,0.423449,0,0,0,0,0.411551,0,0.560752005,0.972303005,0,1,19,14,360
24,154.2161776,9.427504082,0,0,0,0,0,3.7795,2.708071429,0.423431,0,0,0.003184936,0,0.509384064,0,0,0,0.509384064,1,19,15,360
23.9870787,180,9.430342495,0,0,0,0,0,3.690285714,2.618857143,0,0.532154,0,0,0,0.048,0,0.983892731,1.031892731,0,1,19,16,360
24,179.3287702,7.883073139,0,0,0,0,0,3.675071429,2.603642857,0,0.705264,0,0,0,0,0,1.342486833,1.342486833,0,1,19,17,360
24,171.0130199,5.793295001,0,0,0,0,0,3.669642857,2.598214286,0,0.67091,0,0,0,0,0,0.093453802,0,0.093453802,1,19,18,360
23.9870787,174.9984562,5.013158146,0,0,0,0,0,3.669428571,2.598,0,0.557523,0,0,0,0,0,0,0,0,1,19,19,360
23.9741574,174.3272265,4.444106737,0,0,0,0,0,3.669571429,2.598142857,0,0.484235,0,0,0,0,0,0,0,0,1,19,20,360
23.7794514,163.6589309,3.949856071,0,0,0,0,0,3.670285714,2.598857143,0,0.40841,0,0,0,0,0,0.138345821,0.138345821,0,1,19,21,360
23.47912585,162.9877012,3.391823478,0,0,0,0,0,3.668785714,2.597357143,0,0.354601,0,0,0,0,0,0,0,0,1,19,22,360
23.102635,162.3164714,3.029883972,0,0,0,0,0,3.661214286,2.589785714,0,0.276284,0,0,0,0,0,0,0,0,1,19,23,360
22.72614415,161.6452417,2.747870629,0,0,0,0,0,3.648785714,2.577357143,0,0.241389,0,0,0,0,0,0,0,0,1,20,0,360
22.1678686,160.9740119,2.501472889,0,0,0,0,0,3.639928571,2.5685,0,0.22142,0,0,0,0,0,0,0,0,1,20,1,360
21.60959305,160.3027822,2.275459071,0,0,0,0,0,3.638642857,2.567214286,0,0.206539,0,0,0,0,0,0,0,0,1,20,2,360
21.2331022,152.1063573,2.064636728,0,0,0,0,0,3.643714286,2.572285714,0,0.200706,0,0,0,0,0,0,0,0,1,20,3,360
20.85661135,151.4351276,1.85977275,0,0,0,0,0,3.646714286,2.575285714,0,0.21046,0,0,0,0,0,0,0,0,1,20,4,360
20.4801205,150.7638978,1.644961857,0,0,0,0,0,3.648285714,2.576857143,0,0.239135,0,0,0,0,0,0,0,0,1,20,5,360
19.92184495,150.0926681,1.400897204,0,0,0,0,0,3.660857143,2.589428571,0,0.344273,0,0,0,0,0,0,0,0,1,20,6,360
19,144.6490715,1.049556201,0,0,0,0,0,3.681428571,2.61,0.111,0.358588,0,0,0,0,0,0.352591386,0.352591386,0,1,20,7,360
19,76.10397158,0.32383147,0,0,0,0,-0.087611334,3.731,2.659571429,0.088493677,0.317345323,0,0,0,0.705506323,0.292037767,0,0.997544091,0,1,20,8,360
19,67.14652563,0,0,0,0,0,0,3.7675,2.696071429,0.411284,0,0,0,0,0.983716,0,0,0.983716,0,1,20,9,360
19.2702901,57.91032755,0,0,0,0,0,0,3.804571429,2.733142857,0.407695,0,0,0,0,1.588305,0,0,1.588305,0,1,20,10,360
20.07341378,20.67122975,0,0,0,0,0,-0.321669013,3.830214286,2.758785714,0,0,0.44523,0,0,2.373,0.627,0,3,0,1,20,11,360
21.60230421,20,0,0,0,0,0,-0.324504013,3.840571429,2.769142857,0,0,0.45768,0,0,2.376,0.624,0,0,3,1,20,12,360
21.22581336,167.7183284,0,0,0,0,0,-0.419706017,3.834285714,2.762857143,0.49802,0,0,0,0,1.60098,1.39902,0,3,0,1,20,13,360
22.54409468,149.8938799,0,0,0,0,0,-0.564388908,3.810571429,2.739142857,0.482458,0,0,0,0,0.844542,1.881296286,0,2.725838286,0,1,20,14,360
24,143.5272849,0,0,0,0,0,-0.184240042,3.766285714,2.694857143,0,0,0.423431,0,0,0.528,0.190702449,0,0,0.718702449,1,20,15,360
23.805294,180,0,0,0,0,0,-0.514253293,3.7115,2.640071429,0.007,0,0.525154,0,0,0,1.189023576,0,1.189023576,0,1,20,16,360
24,179.3287702,0,0,0,0,0,-0.275586735,3.6935,2.622071429,0,0,0.705264,0,0,0,0.213358414,0,0,0.213358414,1,20,17,360
23.53278825,180,0,0,0,0,0,-0.707991168,3.686785714,2.615357143,0,0,0.67091,0,0,0,1.689060468,0,1.689060468,0,1,20,18,360
24,179.3287702,0,0,0,0,0,-0.471233961,3.673142857,2.601714286,0,0,0.557523,0,0,0,1.013256807,0,1.013256807,0,1,20,19,360
24,167.5552854,0,0,0,0,0,-0.560127436,3.658357143,2.586928571,0,0,0.518471,0,0,0,1.34862038,0,1.34862038,0,1,20,20,360
24,157.4807597,0,0,0,0,0,-0.263426811,3.646,2.574571429,0,0,0.40841,0,0,0,0.469679337,0,0,0.469679337,1,20,21,360
23.9870787,180,0,0,0,0,0,-0.220678805,3.633071429,2.561642857,0,0,0.354601,0,0,0,0.380994988,0,0.380994988,0,1,20,22,360
24,179.3287702,0,0,0,0,0,-0.401732389,3.6205,2.549071429,0,0,0.850754,0,0,0,0.488353911,0,0,0.488353911,1,20,23,360
23.62350915,180,0,0,0,0,0,-0.072775203,2.786142857,1.714714286,0,0,0.242584,0,0,0,0,0,0,0,2,16,0,360
22.51987935,179.3287702,0,0,0,0,0,-0.066762903,2.781642857,1.710214286,0,0,0.222543,0,0,0,0,0,0,0,2,16,1,360
21.41624955,178.6575405,0,0,0,0,0,-0.062288402,2.775928571,1.7045,0,0,0.207628,0,0,0,0,0,0,0,2,16,2,360
21.22154355,177.9863107,0,0,0,0,0,-0.060528302,2.763285714,1.691857143,0,0,0.201761,0,0,0,0,0,0,0,2,16,3,360
21.20862225,177.315081,0,0,0,0,0,-0.063450303,2.747642857,1.676214286,0,0,0.211501,0,0,0,0,0,0,0,2,16,4,360
21.19570095,168.8350328,0,0,0,0,0,-0.072001503,2.735785714,1.664357143,0,0,0.240005,0,0,0,0,0,0,0,2,16,5,360
21.18277965,162.0670232,0,0,0,0,0,-0.103480804,2.727,1.655571429,0,0,0.344936,0,0,0,0,0,0,0,2,16,6,360
20.07914985,158.5574697,0,0,0,0,0,0,2.748928571,1.6775,0.394513,0,0,0.223864048,0,0.124622952,0,0,0,0.124622952,2,16,7,360
19.3385754,161.8954953,0.219386771,0,0,0,0,0,2.793214286,1.721785714,0.406082,0,0,0,0,2.050918,0,0.214992588,2.265910588,0,2,16,8,360
19.75980207,161.2242655,0,0,0,0,0,0.096191601,2.846571429,1.775142857,0.411084,0,0,0,0.961916,3,0,0,3,0,2,16,9,360
20.55862336,109.1376999,0,0,0,0,0,0.370513306,2.9125,1.841071429,0.398867,0,0,0,3.705133,3,0,0,3,0,2,16,10,360
21.49357966,42.363189,0,0,0,0,0,0.289546932,2.970357143,1.898928571,0.515161,0,0,2.099369725,2.895469275,3,0,0,3,0,2,16,11,360
22.36285718,41.69195925,2.05738237,0,0,0,0,0,3.011714286,1.940285714,0.833335,0,0,4.420665,0,3,0,0,3,0,2,16,12,360
23.06947506,20.67122975,6.389572433,0,0,0,0,0,3.034142857,1.962714286,0.410097,0,0,2.703903,0,3,0,0,3,0,2,16,13,360
23.51299439,20,9.039205737,0,0,0,0,0,3.042714286,1.971285714,0.422321,0,0,0.980679,0,3,0,0,0,3,2,16,14,360
23.13650354,132.7446804,10,0,0,0,0,0,3.042142857,1.970714286,0,0.417386,0,0,0,1.748,0,1.252,3,0,2,16,15,360
23.94667808,132.0734506,8.296244914,0,0,0,0,0,3.023785714,1.952357143,0.434,0.082824,0,0,0,0,0,1.251000038,0,1.251000038,2,16,16,360
23.48026913,170.1992594,6.934951103,0,0,0,0,0,2.987428571,1.916,0,0.681989,0,0,0,0,0,2.270810944,2.270810944,0,2,16,17,360
24,162.0041387,3.921681916,0,0,0,0,0,2.964571429,1.893142857,0,0.654057,0,0,0,0,0,1.050656082,1.050656082,0,2,16,18,360
24,161.3329089,2.182061137,0,0,0,0,0,2.9515,1.880071429,0,0.56213,0,0,0,0,0,1.05352431,1.05352431,0,2,16,19,360
24,160.6616791,0.533368844,0,0,0,0,-0.307968577,2.940785714,1.869357143,0,0.490871,0,0,0,0,1.026561883,0.031814791,1.058376674,0,2,16,20,360
24,159.9904494,0,0,0,0,0,-0.510770799,2.923857143,1.852428571,0,0,0.429649,0,0,0,1.272920262,0,1.272920262,0,2,16,21,360
24,159.3192196,0,0,0,0,0,-0.111847504,2.902285714,1.830857143,0,0,0.372825,0,0,0,0,0,0,0,2,16,22,360
23.25993975,158.6479899,0,0,0,0,0,-0.083253903,2.885714286,1.814285714,0,0,0.277513,0,0,0,0,0,0,0,2,16,23,360
22.3380948,147.4844227,0,0,0,0,0,-0.072775203,2.8805,1.809071429,0,0,0.242584,0,0,0,0,0,0,0,2,17,0,360
21.41624985,146.8131929,0,0,0,0,0,-0.066762903,2.882642857,1.811214286,0,0,0.222543,0,0,0,0,0,0,0,2,17,1,360
20.31262005,146.1419632,0,0,0,0,0,-0.062288402,2.889428571,1.818,0,0,0.207628,0,0,0,0,0,0,0,2,17,2,360
19.20899025,145.4707334,0,0,0,0,0,-0.674873083,2.9125,1.841071429,0,0,0.201761,0,0,0,2.047815855,0,2.047815855,0,2,17,3,360
19,144.7995037,0,0,0,0,0,-0.963450338,2.933214286,1.861785714,0,0,0.211501,0,0,0,3,0,3,0,2,17,4,360
19.21631663,144.1282739,0,0,0,0,0,-0.972001539,2.947857143,1.876428571,0,0,0.240005,0,0,0,3,0,3,0,2,17,5,360
19.43922254,143.4570442,0,0,0,0,0,-0.180831794,2.9305,1.859071429,0,0,0.344936,0,0,0.013,0.257836622,0,0.270836622,0,2,17,6,360
19,56.3347979,0,0,0,0,0,0.016226181,2.956142857,1.884714286,0.421761,0,0,0,0.162261809,1.668977191,0,0,1.668977191,0,2,17,7,360
19,37.10049844,0,0,0,0,0,0.24837113,3.035214286,1.963785714,0.406082,0,0,0,2.483711259,2.653206741,0,0,2.653206741,0,2,17,8,360
19.55827555,20,0,0,0,0,0,0.425673367,3.089785714,2.018357143,0.432528,0,0,0,4.256733608,2.719738392,0,0,0,2.719738392,2,17,9,360
19,108.0000884,0,0,0,0,0,0.609488632,3.133857143,2.062428571,0.398867,0,0,0,6.09488623,2.75324677,0,0,2.75324677,0,2,17,10,360
19.82685911,97.21839341,0,0,0,0,0,0.65874281,3.173428571,2.102,0.412572,0,0,0,6.587428,3,0,0,3,0,2,17,11,360
20.87841112,88.82132841,0,0,0,0,0,0.412201607,3.203357143,2.131928571,0.427302,0,0,2.357681988,4.122016012,3,0,0,3,0,2,17,12,360
21.85305298,88.15009865,2.310528393,0,0,0,0,0.099190311,3.221571429,2.150142857,0.410097,0,0,4.599999905,0.991903095,3,0,0,3,0,2,17,13,360
22.74448457,87.4788689,6.818459072,0,0,0,0,0,3.222714286,2.151285714,0.422321,0,0,3.246679,0,3,0,0,3,0,2,17,14,360
24,69.56554959,10,0,0,0,0,0,3.195714286,2.124285714,0.417386,0,0,0.000306122,0,2.914307878,0,0,0,2.914307878,2,17,15,360
23.9870787,180,10,0,0,0,0,0,3.147785714,2.076357143,0.179801747,0.522492253,0,0,0,0.239198253,0,0,0,0.239198253,2,17,16,360
23.9741574,180,9.466544645,0,0,0,0,0,3.092142857,2.020714286,0,1.075001,0,0,0,0,0,0.867431787,0.867431787,0,2,17,17,360
24,156.0616266,7.484186395,0,0,0,0,0,3.048857143,1.977428571,0,1.282889,0,0,0,0,0,1.284998122,0,1.284998122,2,17,18,360
23.62350915,180,4.863668913,0,0,0,0,0,3.006785714,1.935357143,0,0.804071,0,0,0,0,0,2.07257071,2.07257071,0,2,17,19,360
24,165.2478468,1.928174347,0,0,0,0,0,2.970071429,1.898642857,0,0.490871,0,0,0,0,0,0.845076983,0.845076983,0,2,17,20,360
24,155.9519093,0.564904287,0,0,0,0,-0.301526965,2.936785714,1.865357143,0,0,0.429649,0,0,0,0.575440844,0.553589599,0,1.129030443,2,17,21,360
23.44172445,180,0,0,0,0,0,-0.755768587,2.903357143,1.831928571,0,0,0.372825,0,0,0,2.146403524,0,2.146403524,0,2,17,22,360
24,175.7612033,0,0,0,0,0,-0.210298263,2.864785714,1.793357143,0,0,0.277513,0,0,0,0.423481181,0,0,0.423481181,2,17,23,360
23.9870787,180,0,0,0,0,0,-0.153896102,2.822285714,1.750857143,0,0,0.242584,0,0,0,0.270402986,0,0,0.270402986,2,18,0,360
23.9741574,180,0,0,0,0,0,-0.072899665,2.782428571,1.711,0,0,0.222543,0,0,0,0.020455874,0,0,0.020455874,2,18,1,360
23.59766655,180,0,0,0,0,0,-0.062288402,2.748285714,1.676857143,0,0,0.207628,0,0,0,0,0,0,0,2,18,2,360
23.58474525,179.3287702,0,0,0,0,0,-0.060528302,2.7135,1.642071429,0,0,0.201761,0,0,0,0,0,0,0,2,18,3,360
23.57182395,178.6575405,0,0,0,0,0,-0.063450303,2.673428571,1.602,0,0,0.211501,0,0,0,0,0,0,0,2,18,4,360
23.1953331,177.9863107,0,0,0,0,0,-0.072001503,2.645714286,1.574285714,0,0,0.240005,0,0,0,0,0,0,0,2,18,5,360
22.8198558,98.53353559,0,0,0,0,0,-0.097780804,2.634,1.562571429,0.019,0,0.325936,0,0,0,0,0,0,0,2,18,6,360
21.89801085,69.884606,0,0,0,0,0,0,2.665,1.593571429,0.394513,0,0,1.050487,0,0,0,0,0,0,2,18,7,360
21.70330485,69.21337625,1.02947728,0,0,0,0,0,2.688642857,1.617214286,0.406082,0,0,2.113220632,0,0.607697368,0,0,0,0.607697368,2,18,8,360
21.23589345,42.11393002,3.100402655,0,0,0,0,0,2.699714286,1.628285714,0.411084,0,0,0.342916,0,3,0,0,3,0,2,18,9,360
22.07442733,28.88721354,3.436367329,0,0,0,0,0,2.7035,1.632071429,0.398867,0,0,1.035133,0,3,0,0,0,3,2,18,10,360
21.57772273,92.76619821,4.450694598,0,0,0,0,0,2.701285714,1.629857143,0.412572,0,0,1.032428,0,3,0,0,3,0,2,18,11,360
22.417986,92.09496846,5.462340537,0,0,0,0,0,2.698142857,1.626714286,0.47718,0,0,1.16582,0,3,0,0,3,0,2,18,12,360
23.43744428,91.42373871,6.604680289,0,0,0,0,0,2.699857143,1.628428571,0.410097,0,0,1.175903,0,3,0,0,0,3,2,18,13,360
23.24273828,170.7643747,7.756867111,0,0,0,0,0,2.691714286,1.620285714,0.477295,0,0,0.611931929,0,2.357773071,0,0,2.357773071,0,2,18,14,360
24,170.0931449,8.356327707,0,0,0,0,0,2.6635,1.592071429,0.417386,0,0,1.317272344,0,0.032341656,0,0,0.032341656,0,2,18,15,360
24,158.3617749,9.647003939,0,0,0,0,0,2.619285714,1.547857143,0.177462339,0.348408661,0,0,0,0.265537661,0,0,0.265537661,0,2,18,16,360
24,146.1298592,9.291195491,0,0,0,0,0,2.574642857,1.503214286,0,0.681989,0,0,0,0,0,1.207717409,1.207717409,0,2,18,17,360
24,137.9341632,7.362644927,0,0,0,0,0,2.540357143,1.468928571,0,0.654057,0,0,0,0,0,1.226555097,1.226555097,0,2,18,18,360
24,127.2974154,5.44343213,0,0,0,0,0,2.509071429,1.437642857,0,0.56213,0,0,0,0,0,1.48198571,1.48198571,0,2,18,19,360
24,126.6261857,3.35743649,0,0,0,0,0,2.479214286,1.407785714,0,0.490871,0,0,0,0,0,0.135318148,0.135318148,0,2,18,20,360
23.12847745,117.918955,2.718367255,0,0,0,0,0,2.458428571,1.387,0,0.429649,0,0,0,0,0,0,0,0,2,18,21,360
22.5702019,117.2477253,2.279868361,0,0,0,0,0,2.441571429,1.370142857,0,0.372825,0,0,0,0,0,0,0,0,2,18,22,360
22.01192635,116.5764955,1.899366295,0,0,0,0,0,2.426,1.354571429,0,0.277513,0,0,0,0,0,0,0,0,2,18,23,360
21.81722035,106.6086953,1.616132786,0,0,0,0,0,2.411071429,1.339642857,0,0.242584,0,0,0,0,0,0,0,0,2,19,0,360
21.62251435,105.9374656,1.368549611,0,0,0,0,0,2.395214286,1.323785714,0,0.222543,0,0,0,0,0,0,0,0,2,19,1,360
21.2460235,96.68168678,1.141423862,0,0,0,0,0,2.374571429,1.303142857,0,0.207628,0,0,0,0,0,0,0,0,2,19,2,360
20.86953265,93.44829636,0.929524316,0,0,0,0,0,2.338428571,1.267,0,0.201761,0,0,0,0,0,0,0,0,2,19,3,360
20.3112571,92.77706661,0.72361786,0,0,0,0,0,2.281785714,1.210357143,0,0.211501,0,0,0,0,0,0,0,0,2,19,4,360
20.1165511,92.10583685,0.507778807,0,0,0,0,0,2.231214286,1.159785714,0,0.240005,0,0,0,0,0,0,0,0,2,19,5,360
19.55827555,91.4346071,0.262860515,0,0,0,0,-0.000402126,2.199071429,1.127642857,0.086,0.257595579,0.001340421,0,0,0,0,0,0,0,2,19,6,360
19,42.11722858,0,0,0,0,0,0,2.241,1.169571429,0.394513,0,0,0,0,2.769487,0,0,2.769487,0,2,19,7,360
19.5544722,41.44599882,0,0,0,0,0,0.264791804,2.318285714,1.246857143,0.406082,0,0,0,2.647918,3,0,0,3,0,2,19,8,360
20.03942523,40.77476907,0,0,0,0,0,0.475791607,2.3865,1.315071429,0.411084,0,0,0,4.757916,3,0,0,3,0,2,19,9,360
20.55507468,40.10353932,0,0,0,0,0,0.606897609,2.457928571,1.3865,0.482024,0,0,0,6.068976,3,0,0,3,0,2,19,10,360
21.28465168,30.89850547,0,0,0,0,0,0.65874281,2.520571429,1.449142857,0.412572,0,0,0,6.587428,3,0,0,3,0,2,19,11,360
21.86063328,27.19072822,0,0,0,0,0,0.383299315,2.572357143,1.500928571,0.427302,0,0,2.739704909,3.832993091,3,0,0,3,0,2,19,12,360
22.64170314,20.80591412,2.684910863,0,0,0,0,0.100690311,2.611714286,1.540285714,0.410097,0,0,4.599999905,1.006903095,3,0,0,3,0,2,19,13,360
23.07691432,20.13468436,7.19283031,0,0,0,0,0,2.627714286,1.556285714,0.422321,0,0,2.864679,0,3,0,0,0,3,2,19,14,360
22.88220832,101.4784123,10,0,0,0,0,0,2.623357143,1.551928571,0.417386,0,0,0,0,2.602614,0,0.397386,3,0,2,19,15,360
23.68622818,100.8071826,9.594204086,0,0,0,0,0,2.593857143,1.522428571,0,0.516824,0,0,0,0.941,0,0.833095825,1.774095825,0,2,19,16,360
24,100.1359528,8.216447064,0,0,0,0,0,2.524071429,1.452642857,0,0.681989,0,0,0,0,0,2.434809464,2.434809464,0,2,19,17,360
24,99.46472309,5.035794005,0,0,0,0,0,2.480571429,1.409142857,0,0.654057,0,0,0,0,0,1.011932965,1.011932965,0,2,19,18,360
24,98.79349334,3.335653186,0,0,0,0,0,2.456857143,1.385428571,0,0.633888,0,0,0,0,0,1.760117398,1.760117398,0,2,19,19,360
24,86.85530784,0.892690489,0,0,0,0,-0.193625153,2.438357143,1.366928571,0,0,0.490871,0,0,0,0.154546151,0.874810443,1.029356593,0,2,19,20,360
24,86.18407809,0,0,0,0,0,-0.590633821,2.418142857,1.346714286,0,0,0.429649,0,0,0,1.539130325,0,1.539130325,0,2,19,21,360
24,85.51284833,0,0,0,0,0,-0.435327879,2.399214286,1.327785714,0,0,0.372825,0,0,0,1.078267872,0,1.078267872,0,2,19,22,360
23.8297738,74.25199119,0,0,0,0,0,-0.083253903,2.387071429,1.315642857,0,0,0.277513,0,0,0,0,0,0,0,2,19,23,360
23.27149825,73.58076144,0,0,0,0,0,-0.072775203,2.381857143,1.310428571,0,0,0.242584,0,0,0,0,0,0,0,2,20,0,360
22.8950074,72.90953168,0,0,0,0,0,-0.066762903,2.369714286,1.298285714,0,0,0.222543,0,0,0,0,0,0,0,2,20,1,360
22.15494715,72.23830193,0,0,0,0,0,-0.062288402,2.354214286,1.282785714,0,0,0.207628,0,0,0,0,0,0,0,2,20,2,360
21.5966716,71.56707218,0,0,0,0,0,-0.060528302,2.333,1.261571429,0,0,0.201761,0,0,0,0,0,0,0,2,20,3,360
21.03839605,70.89584242,0,0,0,0,0,-0.063450303,2.300285714,1.228857143,0,0,0.211501,0,0,0,0,0,0,0,2,20,4,360
20.2983358,70.22461267,0,0,0,0,0,-0.072001503,2.299928571,1.2285,0,0,0.240005,0,0,0,0,0,0,0,2,20,5,360
19.55827555,69.55338292,0,0,0,0,0,-0.090880804,2.350928571,1.2795,0.042,0,0.302936,0,0,0,0,0,0,0,2,20,6,360
19,45.31383828,0,0,0,0,0,-0.193607529,2.435357143,1.363928571,0.394513,0,0,0,0,0.635487,0.645358403,0,1.280845403,0,2,20,7,360
19,44.64260852,0,0,0,0,0,0,2.537142857,1.465714286,0.406082,0,0,0.333639283,0,0.909278717,0,0,0.909278717,0,2,20,8,360
19,43.97137877,0.326966504,0,0,0,0,0,2.639714286,1.568285714,0.411084,0,0,1.085297667,0,0.806618333,0,0,0.806618333,0,2,20,9,360
19.03418634,32.4208764,1.390548429,0,0,0,0,0,2.737357143,1.665928571,0.398867,0,0,0,0,2.296133,0,0,2.296133,0,2,20,10,360
19.4658661,20,1.390506713,0,0,0,0,0,2.831571429,1.760142857,0.412572,0,0,0.258016751,0,2.500411249,0,0,0,2.500411249,2,20,11,360
19,35.91775326,1.643321418,0,0,0,0,0,2.929714286,1.858285714,0.427302,0,0,0.93894717,0,2.54075083,0,0,2.54075083,0,2,20,12,360
19.55827555,20,2.563440363,0,0,0,0,0,3.030285714,1.958857143,0.410097,0,0,2.146250797,0,1.838652203,0,0,0,1.838652203,2,20,13,360
19,75.60599584,4.666689281,0,0,0,0,0,3.113785714,2.042357143,0.422321,0,0,0.696679,0,3,0,0,3,0,2,20,14,360
19.84292802,63.30975721,5.349294714,0,0,0,0,0,3.148642857,2.077214286,0,0.417386,0,0,0,2.435,0,0.565,3,0,2,20,15,360
20.70154176,62.63852746,4.346699551,0,0,0,0,0,3.133928571,2.0625,0,0.516824,0,0,0,0.711,0,2.289,3,0,2,20,16,360
21.82618126,45.4717307,1.483483463,0,0,0,0,-0.005304488,3.095214286,2.023785714,0,0.681989,0,0,0,0,0.017681625,0.771781193,0.789462818,0,2,20,17,360
21.2718661,44.80050095,0,0,0,0,0,-0.196217108,3.074071429,2.002642857,0,0,0.654057,0,0,0,0,0,0,0,2,20,18,360
21.0771601,40.7131145,0,0,0,0,0,-0.168639007,3.065428571,1.994,0,0,0.56213,0,0,0,0,0,0,0,2,20,19,360
21.0642388,22.68491901,0,0,0,0,0,-0.147261306,3.054357143,1.982928571,0,0,0.490871,0,0,0,0,0,0,0,2,20,20,360
20.50596325,22.01368926,0,0,0,0,0,-0.128894705,3.050928571,1.9795,0,0,0.429649,0,0,0,0,0,0,0,2,20,21,360
19.9476877,21.34245951,0,0,0,0,0,-0.111847504,3.054785714,1.983357143,0,0,0.372825,0,0,0,0,0,0,0,2,20,22,360
19.57119685,20.67122975,0,0,0,0,0,-0.083253903,3.053,1.981571429,0,0,0.277513,0,0,0,0,0,0,0,2,20,23,360
19.194706,20,0,0,0,0,0,-0.966036056,3.999428571,2.928,0,0,0.806201,0,0,0,2.413919058,0,0,2.413919058,12,16,0,360
19,133.8373822,0,0,0,0,0,-1.100351744,3.977714286,2.906285714,0,0,0.667839,0,0,0,3,0,3,0,12,16,1,360
20.23169588,120.5776987,0,0,0,0,0,-0.061961702,3.954357143,2.882928571,0,0,0.206539,0,0,0,0,0,0,0,12,16,2,360
19.85520503,119.9064689,0,0,0,0,0,-0.060211802,3.938,2.866571429,0,0,0.200706,0,0,0,0,0,0,0,12,16,3,360
19.47871418,119.2352392,0,0,0,0,0,-0.19530104,3.954428571,2.883,0,0,0.210407,0,0,0,0.44059644,0,0.44059644,0,12,16,4,360
19,118.5640094,0,0,0,0,0,-0.916970434,3.962642857,2.891214286,0,0,0.238875,0,0,0,2.817692991,0,2.817692991,0,12,16,5,360
20.1165511,117.8927797,0,0,0,0,0,-0.103099204,3.949285714,2.877857143,0,0,0.343664,0,0,0,0,0,0,0,12,16,6,360
19.55827555,76.36358407,0,0,0,0,0,-0.129681005,3.953642857,2.882214286,0.001,0,0.43227,0,0,0,0,0,0,0,12,16,7,360
19,20.67122975,0,0,0,0,0,-0.660138603,3.983142857,2.911714286,0.073,0,0.331599,0,0,0,1.868862923,0,1.868862923,0,12,16,8,360
19.19423305,20,0,0,0,0,0,-0.202370631,4.031928571,2.9605,0.409601,0,0,0,0,0.136399,0.674568742,0,0,0.810967742,12,16,9,360
19,32.37908756,0,0,0,0,0,0,4.106642857,3.035214286,0.397382,0,0,0.332577184,0,1.461040816,0,0,1.461040816,0,12,16,10,360
19.37315602,21.34245951,0.325925646,0,0,0,0,0,4.179357143,3.107928571,0.467417,0,0,0,0,1.820583,0,0,1.820583,0,12,16,11,360
20.41118671,20.67122975,0.325915868,0,0,0,0,0,4.249785714,3.178357143,0.425748,0,0,0,0,0.468252,0,0,0.468252,0,12,16,12,360
20.51497631,20,0.325906091,0,0,0,0,-0.694220767,4.309714286,3.238285714,0,0.319378391,0.128933609,0,0,0.675,2.185135521,0,0,2.860135521,12,16,13,360
20.50205501,180,0,0,0,0,0,-0.720440729,4.343,3.271571429,0.423469,0,0,0,0,0.598531,2.401469,0,3,0,12,16,14,360
22.07991416,179.3287702,0,0,0,0,0,-0.719495429,4.295571429,3.224142857,0.429318,0,0,0,0,0.601682,2.398318,0,3,0,12,16,15,360
24,178.6575405,0,0,0,0,0,-0.256237421,4.141142857,3.069714286,0,0,0.544675,0,0,0.004,0.309449704,0,0.313449704,0,12,16,16,360
24,177.9863107,0,0,0,0,0,-0.630024692,4.007714286,2.936285714,0,0,0.717827,0,0,0,1.382255223,0,1.382255223,0,12,16,17,360
24,177.315081,0,0,0,0,0,-0.392083553,3.950214286,2.878785714,0,0,0.671552,0,0,0,0.635393126,0,0.635393126,0,12,16,18,360
24,176.6438512,0,0,0,0,0,-0.450063788,3.928285714,2.856857143,0,0,0.544041,0,0,0,0.956171568,0,0,0.956171568,12,16,19,360
23.62449375,176.3829648,0,0,0,0,0,-0.522369021,3.889642857,2.818214286,0,0,0.452342,0,0,0,1.288888,0,1.288888,0,12,16,20,360
24,164.2130133,0,0,0,0,0,-0.225358929,3.8475,2.776071429,0,0,0.397371,0,0,0,0.3538254,0,0.3538254,0,12,16,21,360
23.82771063,163.5417835,0,0,0,0,0,-0.120966605,3.802142857,2.730714286,0,0,0.403222,0,0,0,0,0,0,0,12,16,22,360
23.45121978,154.2835116,0,0,0,0,0,-0.195273608,3.753214286,2.681785714,0,0,0.650912,0,0,0,0,0,0,0,12,16,23,360
23.25651378,143.4698661,0,0,0,0,0,-0.072416703,3.709,2.637571429,0,0,0.241389,0,0,0,0,0,0,0,12,17,0,360
22.69823823,142.7986363,0,0,0,0,0,-0.066426003,3.671785714,2.600357143,0,0,0.22142,0,0,0,0,0,0,0,12,17,1,360
22.13996268,142.1274066,0,0,0,0,0,-0.061961702,3.639642857,2.568214286,0,0,0.206539,0,0,0,0,0,0,0,12,17,2,360
21.58168713,141.4561768,0,0,0,0,0,-0.060211802,3.618142857,2.546714286,0,0,0.200706,0,0,0,0,0,0,0,12,17,3,360
21.02341158,131.7269125,0,0,0,0,0,-0.063122103,3.607785714,2.536357143,0,0,0.210407,0,0,0,0,0,0,0,12,17,4,360
20.28335133,131.0556828,0,0,0,0,0,-0.071662503,3.605357143,2.533928571,0,0,0.238875,0,0,0,0,0,0,0,12,17,5,360
19.72507578,86.47453973,0,0,0,0,0,-0.103099204,3.594642857,2.523214286,0,0,0.343664,0,0,0,0,0,0,0,12,17,6,360
19.53036978,85.80330998,0,0,0,0,0,0,3.582071429,2.510642857,0.393064,0,0,0,0,0.051936,0,0,0.051936,0,12,17,7,360
19,85.13208022,0,0,0,0,0,0.058688288,3.623285714,2.551857143,0.404599,0,0,0,0.586882876,2.589518124,0,0,2.589518124,0,12,17,8,360
19.84910905,73.761314,0,0,0,0,0,0.270939904,3.664357143,2.592928571,0.409601,0,0,0,2.709399,3,0,0,3,0,12,17,9,360
20.93979422,38.79574809,0,0,0,0,0,0.418361806,3.703142857,2.631714286,0.397382,0,0,0,4.183618,3,0,0,3,0,12,17,10,360
22.04793295,38.12451833,0,0,0,0,0,0.460171298,3.742714286,2.671285714,0.41105,0,0,0.17323709,4.60171291,3,0,0,3,0,12,17,11,360
22.99209413,37.45328858,0.169772351,0,0,0,0,0,3.775857143,2.704428571,0.425748,0,0,4.520252,0,3,0,0,3,0,12,17,12,360
23.9511696,24.04319213,4.599614304,0,0,0,0,0,3.793785714,2.722357143,0.408543,0,0,3.628457,0,3,0,0,0,3,12,17,13,360
22.8475398,180,8.155364245,0,0,0,0,0,3.791,2.719571429,0.423469,0,0,1.882531,0,3,0,0,3,0,12,17,14,360
23.63164484,179.3287702,10,0,0,0,0,0,3.753785714,2.682357143,0.429318,0,0,0.000306122,0,2.291375878,0,0,2.291375878,0,12,17,15,360
24,167.1444927,10,0,0,0,0,0,3.654071429,2.582642857,0.013,0.531675,0,0,0,0,0,2.013516196,2.013516196,0,12,17,16,360
24,166.473263,7.402566152,0,0,0,0,0,3.622071429,2.550642857,0,0.717827,0,0,0,0,0,0.692956793,0.692956793,0,12,17,17,360
24,165.8020332,5.962768789,0,0,0,0,0,3.619071429,2.547642857,0,0.671552,0,0,0,0,0,1.363259913,1.363259913,0,12,17,18,360
24,165.1308035,3.886251239,0,0,0,0,0,3.604285714,2.532857143,0,0.544041,0,0,0,0,0,1.705090409,1.705090409,0,12,17,19,360
24,156.7154043,1.591102624,0,0,0,0,-0.183268952,3.577642857,2.506214286,0,0,0.452342,0,0,0,0.158554481,1.559233808,1.717788289,0,12,17,20,360
24,156.0441746,0,0,0,0,0,-0.533918768,3.569071429,2.497642857,0,0,0.397371,0,0,0,1.382358157,0,1.382358157,0,12,17,21,360
24,155.3729448,0,0,0,0,0,-0.621624589,3.563,2.491571429,0,0,0.347234,0,0,0,1.724847882,0,1.724847882,0,12,17,22,360
24,147.1765008,0,0,0,0,0,-0.602433112,3.548642857,2.477214286,0,0,0.276284,0,0,0,1.731826292,0,1.731826292,0,12,17,23,360
24,146.505271,0,0,0,0,0,-0.594138408,3.533857143,2.462428571,0,0,0.241389,0,0,0,1.739072281,0,1.739072281,0,12,18,0,360
24,145.8340413,0,0,0,0,0,-0.487273475,3.517,2.445571429,0,0,0.22142,0,0,0,1.402824851,0,1.402824851,0,12,18,1,360
24,145.1628115,0,0,0,0,0,-0.572808922,3.502571429,2.431142857,0,0,0.206539,0,0,0,1.702823996,0,1.702823996,0,12,18,2,360
23.97279445,144.4915818,0,0,0,0,0,-0.060211802,3.490357143,2.418928571,0,0,0.200706,0,0,0,0,0,0,0,12,18,3,360
23.0509495,143.820352,0,0,0,0,0,-0.063122103,3.480857143,2.409428571,0,0,0.210407,0,0,0,0,0,0,0,12,18,4,360
21.9473197,143.1491223,0,0,0,0,0,-0.071662503,3.473428571,2.402,0,0,0.238875,0,0,0,0,0,0,0,12,18,5,360
21.02547475,142.4778925,0,0,0,0,0,-0.103099204,3.462571429,2.391142857,0,0,0.343664,0,0,0,0,0,0,0,12,18,6,360
19.92184495,141.8066628,0,0,0,0,0,-0.043219202,3.4495,2.378071429,0.249,0,0.144064,0,0,0,0,0,0,0,12,18,7,360
19,141.135433,0,0,0,0,0,0,3.463714286,2.392285714,0.404599,0,0,0,0,2.027401,0,0,2.027401,0,12,18,8,360
19.49456092,100.1105035,0,0,0,0,0,0.200639903,3.487071429,2.415642857,0.409601,0,0,0,2.006399,3,0,0,3,0,12,18,9,360
20.50546751,73.22558492,0,0,0,0,0,0.054739612,3.522214286,2.450785714,0.397382,0,0,3.509221893,0.547396107,3,0,0,3,0,12,18,10,360
21.65352654,61.16801642,3.439037522,0,0,0,0,0,3.559714286,2.488285714,0.41105,0,0,4.39695,0,3,0,0,3,0,12,18,11,360
22.69777552,52.5316676,7.747945435,0,0,0,0,0,3.582642857,2.511214286,0.425748,0,0,2.298252,0,3,0,0,3,0,12,18,12,360
23.29774171,51.86043784,10,0,0,0,0,0,3.609571429,2.538142857,0.408543,0,0,0,0,2.757457,0,0,2.757457,0,12,18,13,360
23.86888246,51.18920809,9.9997,0,0,0,0,0,3.639714286,2.568285714,0.423469,0,0,0,0,1.111531,0,0,1.111531,0,12,18,14,360
23.73567049,50.51797834,9.999400009,0,0,0,0,0,3.653428571,2.582,0.429318,0,0,0,0,0.235682,0,0,0.235682,0,12,18,15,360
23.39741395,49.84674858,9.999100027,0,0,0,0,0,3.657714286,2.586285714,0,0.544675,0,0,0,0,0,0,0,0,12,18,16,360
22.83962005,49.17551883,9.443009243,0,0,0,0,0,3.674142857,2.602714286,0,0.717827,0,0,0,0,0,2.634401341,0,2.634401341,12,18,17,360
21.91828945,180,6.022084821,0,0,0,0,0,3.672,2.600571429,0,0.671552,0,0,0,0,0,3,3,0,12,18,18,360
23.1941986,179.3287702,2.275422562,0,0,0,0,-0.138408647,3.670857143,2.599428571,0,0.544041,0,0,0,0,0.461362139,1.685806234,2.147168374,0,12,18,19,360
24,178.6575405,0,0,0,0,0,-0.333995147,3.651,2.579571429,0,0,0.664353,0,0,0,0.448964114,0,0,0.448964114,12,18,20,360
23.805294,180,0,0,0,0,0,-0.496772011,3.607357143,2.535928571,0,0,0.600292,0,0,0,1.055614638,0,1.055614638,0,12,18,21,360
24,167.3152728,0,0,0,0,0,-0.456226302,3.558,2.486571429,0,0,0.347234,0,0,0,1.17352028,0,0,1.17352028,12,18,22,360
23.44172445,180,0,0,0,0,0,-0.521937932,3.509571429,2.438142857,0,0,0.276284,0,0,0,1.463509037,0,1.463509037,0,12,18,23,360
23.29032292,92.43635303,0,0,0,0,0,-0.114482839,3.475642857,2.404214286,0,0,0.241389,0,0,0,0.140220447,0,0,0.140220447,12,19,0,360
22.36847797,90.22282912,0,0,0,0,0,-0.066426003,3.4385,2.367071429,0,0,0.22142,0,0,0,0,0,0,0,12,19,1,360
21.26484817,89.55159937,0,0,0,0,0,-0.061961702,3.392,2.320571429,0,0,0.206539,0,0,0,0,0,0,0,12,19,2,360
20.52478792,88.88036961,0,0,0,0,0,-0.060211802,3.3405,2.269071429,0,0,0.200706,0,0,0,0,0,0,0,12,19,3,360
20.33008192,88.20913986,0,0,0,0,0,-0.063122103,3.297642857,2.226214286,0,0,0.210407,0,0,0,0,0,0,0,12,19,4,360
20.31716062,87.53791011,0,0,0,0,0,-0.071662503,3.270285714,2.198857143,0,0,0.238875,0,0,0,0,0,0,0,12,19,5,360
20.30423932,86.86668035,0,0,0,0,0,-0.103099204,3.254714286,2.183285714,0,0,0.343664,0,0,0,0,0,0,0,12,19,6,360
19.56417907,20.67122975,0,0,0,0,0,0,3.249357143,2.177928571,0.393064,0,0,0,0,0.201936,0,0,0.201936,0,12,19,7,360
19.4678974,20,0,0,0,0,0,0.062740101,3.279642857,2.208214286,0.404599,0,0,0,0.627401,3,0,0,0,3,12,19,8,360
19,136.7388946,0,0,0,0,0,0.307539905,3.343,2.271571429,0.409601,0,0,0,3.075399,3,0,0,3,0,12,19,9,360
20.12768785,136.0676649,0,0,0,0,0,0.450561807,3.42,2.348571429,0.397382,0,0,0,4.505618,3,0,0,3,0,12,19,10,360
21.1087312,121.5053738,0,0,0,0,0,0.508495008,3.498142857,2.426714286,0.41105,0,0,0,5.08495,3,0,0,3,0,12,19,11,360
22.30758483,86.22227786,0,0,0,0,0,0.076979125,3.573785714,2.502357143,0.425748,0,0,4.137460762,0.769791238,3,0,0,0,3,12,19,12,360
21.93210288,176.1731521,4.054711625,0,0,0,0,0,3.629928571,2.5585,0.408543,0,0,3.969457,0,3,0,0,3,0,12,19,13,360
22.64372579,175.5019223,7.94465792,0,0,0,0,0,3.653928571,2.5825,0.423469,0,0,2.097531,0,3,0,0,3,0,12,19,14,360
23.3661487,174.8306925,10,0,0,0,0,0,3.635142857,2.563714286,0.429318,0,0,0,0,2.425682,0,0.428328627,2.854010627,0,12,19,15,360
24,174.1594628,9.562629976,0,0,0,0,0,3.555857143,2.484428571,0.02,0.524675,0,0,0,0,0,0,0,0,12,19,16,360
23.5031127,160.8339605,9.02696045,0,0,0,0,0,3.543071429,2.471642857,0,0.717827,0,0,0,0,0,0,0,0,12,19,17,360
22.7632239,160.1627307,8.294213117,0,0,0,0,0,3.542857143,2.471428571,0,0.671552,0,0,0,0,0,0,0,0,12,19,18,360
22.3872123,159.491501,7.608707154,0,0,0,0,0,3.549071429,2.477642857,0,0.544041,0,0,0,0,0,0,0,0,12,19,19,360
21.4658817,158.8202712,7.053335021,0,0,0,0,0,3.557357143,2.485928571,0,0.452342,0,0,0,0,0,0,0,0,12,19,20,360
20.72582145,158.1490415,6.591549956,0,0,0,0,0,3.559214286,2.487785714,0,0.397371,0,0,0,0,0,0,0,0,12,19,21,360
19.9857612,140.3825297,6.185871601,0,0,0,0,0,3.564285714,2.492857143,0,0.347234,0,0,0,0,0,0,0,0,12,19,22,360
19.06391625,92.4921089,5.83136562,0,0,0,0,0,3.5755,2.504071429,0,0.276284,0,0,0,0,0,1.93858864,1.93858864,0,12,19,23,360
19,91.82087914,3.571116579,0,0,0,0,0,3.589928571,2.5185,0,0.241389,0,0,0,0,0,1.374326788,1.374326788,0,12,20,0,360
19,91.14964939,1.922319882,0,0,0,0,0,3.606642857,2.535214286,0,0.22142,0,0,0,0,0,0.023884262,0.023884262,0,12,20,1,360
19,90.47841964,1.671951743,0,0,0,0,0,3.612071429,2.540642857,0,0.206539,0,0,0,0,0,1.365901838,1.365901838,0,12,20,2,360
19,89.80718988,0.067370133,0,0,0,0,-0.248083753,3.625714286,2.554285714,0,0.06602075,0.13468525,0,0,0,0.69226056,0,0.69226056,0,12,20,3,360
19,89.13596013,0,0,0,0,0,-0.169860458,3.648285714,2.576857143,0,0,0.210407,0,0,0,0.355794503,0,0.355794503,0,12,20,4,360
19,88.46473038,0,0,0,0,0,-0.474173873,3.677214286,2.605785714,0,0,0.238875,0,0,0,1.341704513,0,1.341704513,0,12,20,5,360
19,68.87191752,0,0,0,0,0,-0.601230312,3.701214286,2.629785714,0,0,0.343664,0,0,0,1.660436961,0,1.660436961,0,12,20,6,360
19,63.29583938,0,0,0,0,0,-0.410025502,3.723,2.651571429,0.026,0,0.367064,0,0,0,0.999687618,0,0.999687618,0,12,20,7,360
19,54.26916087,0,0,0,0,0,-0.524883018,3.763214286,2.691785714,0,0,0.404599,0,0,0.45,1.34501099,0,1.79501099,0,12,20,8,360
19,53.59793112,0,0,0,0,0,-0.107914907,3.840714286,2.769285714,0.409601,0,0,0,0,0.767399,0.359716344,0,1.127115344,0,12,20,9,360
19,43.35807196,0,0,0,0,0,0,3.943714286,2.872285714,0.397382,0,0,0.93731187,0,0.84130613,0,0,0.84130613,0,12,20,10,360
19,42.6868422,0.918565651,0,0,0,0,0,4.045857143,2.974428571,0.41105,0,0,0.18795,0,3,0,0,3,0,12,20,11,360
20.14185616,42.01561245,1.102729098,0,0,0,0,0,4.142857143,3.071428571,0.425748,0,0,1.474252,0,3,0,0,3,0,12,20,12,360
21.62965103,31.32021843,2.547463004,0,0,0,0,0,4.200928571,3.1295,0.471046,0,0,0.658954,0,3,0,0,3,0,12,20,13,360
22.96179333,30.64898867,3.193161512,0,0,0,0,0,4.188857143,3.117428571,0,0.423469,0,0,0,2.001,0,0.250525045,2.251525045,0,12,20,14,360
24,29.97775892,2.505316698,0,0,0,0,0,4.123571429,3.052142857,0.273,0.156318,0,0,0,0,0,1.215097357,0,1.215097357,12,20,15,360
23.3503179,92.90581114,1.105838126,0,0,0,0,0,4.059285714,2.987857143,0,0.544675,0,0,0,0,0,0,0,0,12,20,16,360
22.79204235,92.23458139,0.55001414,0,0,0,0,-0.053648795,4.0345,2.963071429,0,0.538997692,0.178829308,0,0,0,0,0,0,0,12,20,17,360
21.9616041,78.50448095,0,0,0,0,0,-0.201465608,4.032071429,2.960642857,0,0,0.671552,0,0,0,0,0,0,0,12,20,18,360
21.58511325,77.8332512,0,0,0,0,0,-0.163212306,4.025857143,2.954428571,0,0,0.544041,0,0,0,0,0,0,0,12,20,19,360
20.845053,77.16202145,0,0,0,0,0,-0.25951831,4.036642857,2.965214286,0,0,0.865061,0,0,0,0,0,0,0,12,20,20,360
20.28626325,66.06082109,0,0,0,0,0,-0.345852314,4.049071429,2.977642857,0,0,1.152841,0,0,0,0,0,0,0,12,20,21,360
19.546203,31.06178958,0,0,0,0,0,-0.35921694,4.061571429,2.990142857,0,0,0.581655,0,0,0,0.615734753,0,0.615734753,0,12,20,22,360
19,20,0,0,0,0,0,-0.082885203,4.075285714,3.003857143,0,0,0.276284,0,0,0,0,0,0,0,12,20,23,360
