electkwh,heatingkwh,hotwaterkwh,PV_generation,Temperature,month,day,hour
0.213769,0,0,0,8.145,6,1,0
0.172998,0,0,0,7.962,6,1,1
0.160418,0,0,0,7.656,6,1,2
0.156037,0,0,0,7.346,6,1,3
0.162272,0,0,0.015,7.075,6,1,4
0.185228,0,0,0.646,7.91,6,1,5
0.275233,9.70E-05,0.392388,2.216,8.83,6,1,6
0.309733,0.006894,0,4.368,9.795,6,1,7
0.313336,1.60E-05,1.323052,6.242,10.703,6,1,8
0.312754,0,0.392297,7.711,11.476,6,1,9
0.302281,0,0,8.711,12.095,6,1,10
0.312397,0,0,9.154,12.561,6,1,11
0.324206,0,0,9.06,12.951,6,1,12
0.310199,0,0,8.449,13.319,6,1,13
0.320196,0,0,7.331,13.454,6,1,14
0.310149,0,0,5.711,13.343,6,1,15
0.378989,0,0.428645,3.697,12.991,6,1,16
0.494534,0,1.06473,1.566,12.298,6,1,17
0.44695,0,0,0.398,10.922,6,1,18
0.375793,0,0.042537,0,8.881,6,1,19
0.357869,0,0.41177,0,8.121,6,1,20
0.362047,0,0,0,7.721,6,1,21
0.301347,0,0,0,7.538,6,1,22
0.222128,0,0.405708,0,7.464,6,1,23
0.189816,0,0,0,7.451,6,2,0
0.172998,0,0,0,7.578,6,2,1
0.160418,1.225673,0,0,7.845,6,2,2
0.156037,0.013895,0,0,7.995,6,2,3
0.162272,0.02076,0,0.023,8.387,6,2,4
0.185228,0.027569,0,0.55,9.435,6,2,5
0.275233,0.027686,0,2.261,10.702,6,2,6
0.309733,0.008144,0.392317,4.39,12.972,6,2,7
0.313336,4.00E-06,0.443678,6.229,15.453,6,2,8
0.312754,0,0,7.638,16.477,6,2,9
0.302281,0,0,8.556,16.842,6,2,10
0.312397,0,0,8.97,17.062,6,2,11
0.324206,0,0,8.876,17.258,6,2,12
0.310199,0,0,8.278,17.408,6,2,13
0.320196,0,0,7.174,17.446,6,2,14
0.310149,0,0.811466,5.57,17.31,6,2,15
0.378989,0,0,3.582,17.016,6,2,16
0.494534,0,0,1.524,16.318,6,2,17
0.44695,0,0.465748,0.415,14.619,6,2,18
0.375793,0,0.45034,0,12.573,6,2,19
0.406041,0,0,0,11.854,6,2,20
0.362047,0,0,0,11.444,6,2,21
0.301347,0,0,0,11.22,6,2,22
0.222128,0,0,0,11.111,6,2,23
0.189816,0,0,0,10.921,6,3,0
0.172998,0,0,0,10.492,6,3,1
0.160418,0,0,0,9.979,6,3,2
0.156037,0.006887,0,0,9.612,6,3,3
0.162272,0.00017,0,0.025,9.524,6,3,4
0.185228,0.020697,0.394943,0.605,11.111,6,3,5
0.275233,0.020756,0,2.212,12.502,6,3,6
0.309733,2.40E-05,0,4.249,14.674,6,3,7
0.313336,0,0.61217,6.052,16.798,6,3,8
0.312754,0,0.518755,7.43,18.056,6,3,9
0.302281,0,0,8.317,19.137,6,3,10
0.312397,0,0,8.688,20.068,6,3,11
0.324206,0,0,8.551,20.744,6,3,12
0.310199,0,0,7.964,21.128,6,3,13
0.320196,0,0,6.91,21.124,6,3,14
0.310149,0,0,5.394,20.826,6,3,15
0.440431,0,0.450031,3.492,20.566,6,3,16
0.531682,0,0,1.514,20.051,6,3,17
1.186751,0,1.230878,0.465,18.496,6,3,18
0.375793,0,0.34252,0,16.429,6,3,19
0.357869,0,0,0,15.661,6,3,20
0.362047,0,0.491123,0,15.052,6,3,21
0.301347,0,0,0,14.47,6,3,22
0.222128,0,0,0,14.002,6,3,23
0.189816,0,0,0,13.611,6,4,0
0.172998,0,0,0,13.235,6,4,1
0.160418,0,0,0,12.876,6,4,2
0.156037,0,0,0,12.62,6,4,3
0.162272,3.50E-05,0,0.026,12.739,6,4,4
0.185228,0.00686,0,0.439,13.719,6,4,5
0.275233,5.00E-06,0.484442,1.129,14.577,6,4,6
0.309733,0,0,2.533,16.009,6,4,7
0.313336,0,0,3.995,17.972,6,4,8
0.312754,0,0,5.554,19.369,6,4,9
0.302281,0,0.392247,6.522,20.296,6,4,10
0.312397,0,0,7.006,21.176,6,4,11
0.324206,0,0,6.724,22.046,6,4,12
0.310199,0,0.63592,6.359,22.975,6,4,13
0.353642,0,0.410595,5.63,23.75,6,4,14
0.310149,0,5.471313,4.324,24.078,6,4,15
0.378989,0,1.108931,2.809,23.997,6,4,16
0.494534,0,0,1.347,23.628,6,4,17
0.44695,0,0.454748,0.405,22.53,6,4,18
0.375793,0,0,0,21.221,6,4,19
0.357869,0,0.440986,0,20.591,6,4,20
0.362047,0,0,0,20.026,6,4,21
0.301347,0,0.417313,0,19.37,6,4,22
0.222128,0,0,0,18.557,6,4,23
0.189816,0,0,0,17.473,6,5,0
0.172998,0,0,0,16.194,6,5,1
0.160418,0,0,0,14.916,6,5,2
0.156037,0,0,0,13.439,6,5,3
0.162272,0,0,0.028,12.294,6,5,4
0.185228,0,0,0.515,12.042,6,5,5
0.275233,0,0,0.925,12.208,6,5,6
0.309733,0,0.392346,2.178,12.684,6,5,7
0.313336,0,0,4.308,13.619,6,5,8
0.312754,0,0,6.571,14.545,6,5,9
0.302281,0,0,7.959,15.091,6,5,10
0.312397,0,0,8.439,15.358,6,5,11
0.324206,0,0,8.21,15.391,6,5,12
0.310199,0,0.471302,7.221,15.018,6,5,13
0.320196,0,0,6.01,14.554,6,5,14
0.310149,0,0,5.068,14.314,6,5,15
0.378989,0,0,3.213,13.678,6,5,16
0.494534,0,0,1.547,12.599,6,5,17
0.44695,0,0.474292,0.441,11.323,6,5,18
0.375793,0,0,0,10.245,6,5,19
0.44244,0,0.425839,0,9.808,6,5,20
0.362047,0,0,0,9.704,6,5,21
0.301347,0,0,0,9.727,6,5,22
0.222128,0,0,0,9.734,6,5,23
0.189816,0.006912,0.392389,0,9.868,6,6,0
0.172998,0.007033,0,0,10.017,6,6,1
0.160418,0.01392,0,0,10.227,6,6,2
0.156037,0.020787,0,0,10.474,6,6,3
0.162272,1.232722,0,0.027,10.594,6,6,4
0.185228,1.239505,0,0.651,11.683,6,6,5
0.275233,0.027697,0,2.215,13.081,6,6,6
0.356033,0.003586,0,4.257,14.449,6,6,7
0.313336,4.00E-06,0.994815,6.046,15.511,6,6,8
0.312754,0,3.629169,7.373,16.583,6,6,9
0.341925,0,0.194234,8.29,17.403,6,6,10
0.312397,0,0,8.686,17.846,6,6,11
0.324206,0,0.392343,8.573,18.084,6,6,12
0.310199,0,0,7.967,18.191,6,6,13
0.320196,0,0,6.865,18.133,6,6,14
0.310149,0,0.496305,5.31,17.803,6,6,15
0.412164,0,0,3.428,17.34,6,6,16
0.494534,0,0,1.562,16.757,6,6,17
0.834883,0,0.994995,0.538,15.433,6,6,18
0.601907,0,0.42136,0,13.775,6,6,19
0.357869,0,0,0,13.157,6,6,20
0.362047,0,0,0,13.069,6,6,21
0.301347,0,0,0,13.354,6,6,22
0.222128,0,0,0,14.044,6,6,23
0.189816,0,0,0,14.473,6,7,0
0.172998,0,0,0,14.523,6,7,1
0.160418,0,0,0,14.47,6,7,2
0.156037,0,0,0,14.33,6,7,3
0.162272,0,0,0,14.698,6,7,4
0.239307,0,0,0.185,15.117,6,7,5
0.286194,0,0.401296,0.917,15.769,6,7,6
0.389084,0,0,1.784,16.918,6,7,7
0.313336,0,0,2.993,18.598,6,7,8
0.312754,0,0.423183,2.391,19.542,6,7,9
0.302281,0,0.521638,3.309,20.455,6,7,10
0.312397,0,0,3.814,21.571,6,7,11
0.324206,0,0,3.072,22.154,6,7,12
0.310199,0,0,2.472,22.223,6,7,13
0.320196,0,0,2.187,22.085,6,7,14
0.310149,0,0,1.833,22.072,6,7,15
0.378989,0,0,1.043,21.885,6,7,16
0.494534,0,0,0.721,21.597,6,7,17
0.44695,0,0.41192,0.246,21.121,6,7,18
0.375793,0,0.434279,0,20.57,6,7,19
0.357869,0,0,0,20.374,6,7,20
0.362047,0,0,0,19.987,6,7,21
0.301347,0,0.399508,0,19.038,6,7,22
0.222128,0,0.676461,0,18.349,6,7,23
0.896322,0,1.054084,0,17.89,6,8,0
0.172998,0,0,0,16.637,6,8,1
0.160418,0,0,0,15.785,6,8,2
0.156037,0,0,0,15.389,6,8,3
0.162272,0,0,0,15.088,6,8,4
0.185228,0,1.880848,0.702,15.625,6,8,5
0.275233,0,0,2.135,16.594,6,8,6
0.309733,0,0,3.701,18.318,6,8,7
0.313336,0,0,5.431,20.198,6,8,8
0.312754,0,0.428136,7.12,21.605,6,8,9
1.0098,0,1.165884,7.9,22.555,6,8,10
0.312397,0,0.462866,8.05,23.164,6,8,11
0.324206,0,0,7.691,23.508,6,8,12
0.310199,0,0,6.854,23.519,6,8,13
1.042032,0,1.990434,5.221,23.092,6,8,14
0.310149,0,1.853858,3.4,22.369,6,8,15
0.378989,0,0.704626,2.336,21.608,6,8,16
0.494534,0,0,1.009,20.507,6,8,17
0.44695,0,0,0.306,19.357,6,8,18
0.375793,0,0.402045,0,17.949,6,8,19
0.357869,0,0,0,17.278,6,8,20
0.362047,0,0,0,16.784,6,8,21
0.301347,0,0.464978,0,16.176,6,8,22
0.222128,0,0,0,15.572,6,8,23
0.189816,0,0.631933,0,15.09,6,9,0
0.172998,0,0,0,14.687,6,9,1
0.160418,0,0,0,14.305,6,9,2
0.156037,0,0,0,13.972,6,9,3
0.162272,0,0,0.026,13.774,6,9,4
0.185228,0,0,0.667,14.839,6,9,5
0.275233,0,0,1.974,15.782,6,9,6
0.309733,0,1.039369,3.643,17.336,6,9,7
1.094334,0,1.60421,5.221,19.958,6,9,8
0.312754,0,0,6.477,21.909,6,9,9
0.302281,0,0,7.361,23.025,6,9,10
0.312397,0,0,7.802,24.017,6,9,11
0.324206,0,0.450277,7.129,24.819,6,9,12
0.310199,0,0,6.675,25.377,6,9,13
0.320196,0,0,5.747,25.565,6,9,14
0.310149,0,0,4.826,25.612,6,9,15
0.378989,0,0,3.214,25.292,6,9,16
0.494534,0,0.503902,1.544,24.47,6,9,17
0.44695,0,0,0.482,22.44,6,9,18
0.375793,0,0.373313,0,20.848,6,9,19
0.357869,0,0.15667,0,20.4,6,9,20
0.362047,0,0,0,20.039,6,9,21
0.301347,0,0.521301,0,19.644,6,9,22
0.222128,0,0.008165,0,19.272,6,9,23
0.189816,0,0,0,19.145,6,10,0
0.172998,0,0,0,19.052,6,10,1
0.160418,0,0,0,18.722,6,10,2
0.156037,0,0,0,18.689,6,10,3
0.162272,0,0,0,18.768,6,10,4
0.185228,0,0,0.14,18.949,6,10,5
0.275233,0,0,0.525,19.264,6,10,6
0.309733,0,1.26445,1.992,19.942,6,10,7
0.313336,0,0.495494,2.474,20.976,6,10,8
0.312754,0,0.750574,5.344,22.823,6,10,9
0.302281,0,1.790706,7.111,24.543,6,10,10
0.312397,0,0.392253,7.671,25.917,6,10,11
0.615613,0,0.865669,7.366,26.894,6,10,12
0.858851,0,1.003812,6.721,27.433,6,10,13
0.320196,0,0,5.531,27.279,6,10,14
0.310149,0,0,3.78,25.723,6,10,15
0.378989,0,0.671552,1.723,22.658,6,10,16
0.494534,0,0.487839,0.977,20.041,6,10,17
0.44695,0,0,0.467,18.156,6,10,18
0.473114,0,0,0,17.023,6,10,19
0.779098,0,1.034027,0,16.52,6,10,20
0.362047,0,0,0,16.327,6,10,21
0.301347,0,0,0,16.34,6,10,22
0.222128,1.50E-05,0,0,16.352,6,10,23
0.189816,0.013811,0,0,16.357,6,11,0
0.172998,0.013905,0,0,16.528,6,11,1
0.160418,0.013936,0,0,16.876,6,11,2
0.156037,0.027546,0.392316,0,17.117,6,11,3
0.162272,1.232669,0,0.002,17.073,6,11,4
0.185228,1.232675,0,0.111,16.844,6,11,5
0.275233,0.010443,2.178506,0.519,16.247,6,11,6
0.309733,2.90E-05,1.650612,2.128,16.381,6,11,7
0.313336,0,0,3.896,17.388,6,11,8
0.312754,0,0,5.513,18.673,6,11,9
0.302281,0,0,5.731,20.087,6,11,10
0.312397,0,0,4.665,21.214,6,11,11
0.324206,0,3.124941,3.246,21.771,6,11,12
0.310199,0,0.128037,2.426,21.565,6,11,13
0.320196,0,0,1.959,21.027,6,11,14
0.447047,0,0.286138,1.474,20.176,6,11,15
0.691618,0,0.676922,0.97,19.192,6,11,16
0.494534,0,0,0.514,18.566,6,11,17
0.44695,0,0,0.205,18.08,6,11,18
0.375793,0,0.642036,0,17.987,6,11,19
0.357869,0,0,0,18.463,6,11,20
0.362047,0,0,0,18.867,6,11,21
0.301347,0,0,0,19.046,6,11,22
0.222128,0,0.392214,0,19.054,6,11,23
0.189816,0,0,0,19.087,6,12,0
0.172998,0,0,0,19.361,6,12,1
0.160418,0,0,0,19.36,6,12,2
0.156037,0,0,0,19.282,6,12,3
0.162272,3.60E-05,0,0,19.39,6,12,4
0.185228,0.013816,0,0.189,19.727,6,12,5
0.275233,0.013945,0,0.881,19.934,6,12,6
0.309733,2.00E-05,0.499536,1.42,19.034,6,12,7
0.313336,0,3.549534,1.712,17.857,6,12,8
0.312754,0,0.343977,2.143,16.98,6,12,9
0.302281,0,0,3.5,16.804,6,12,10
0.312397,0,0,4.574,16.762,6,12,11
0.324206,0,0,4.819,16.509,6,12,12
0.310199,0,0.492522,5.388,16.29,6,12,13
0.320196,0,0,4.643,15.895,6,12,14
0.310149,0,0.542512,3.674,15.376,6,12,15
0.378989,0,0,2.572,14.697,6,12,16
0.494534,0,0,1.257,13.846,6,12,17
0.44695,0,0.392266,0.317,12.949,6,12,18
0.375793,0,0,0,12.159,6,12,19
0.357869,0,0,0,11.717,6,12,20
0.362047,0,0.775015,0,11.654,6,12,21
0.301347,0,0,0,11.713,6,12,22
0.222128,0,0,0,11.9,6,12,23
0.189816,0,0,0,12.221,6,13,0
0.172998,0,0,0,12.614,6,13,1
0.160418,0.006905,0,0,13.034,6,13,2
0.156037,0.013792,0,0,13.43,6,13,3
0.162272,0.007022,0,0.01,13.842,6,13,4
0.185228,0.007003,0,0.367,14.601,6,13,5
0.275233,1.225776,0,0.984,15.447,6,13,6
0.309733,0.006862,1.265118,1.847,16.476,6,13,7
0.313336,0,0.279817,2.861,17.831,6,13,8
0.312754,0,0,3.779,19.809,6,13,9
0.302281,0,0,4.39,22.055,6,13,10
0.312397,0,0,4.048,23.584,6,13,11
0.324206,0,0,3.961,24.425,6,13,12
0.310199,0,0,4.148,25.066,6,13,13
0.320196,0,0,3.928,25.468,6,13,14
0.310149,0,0,3.441,25.676,6,13,15
0.378989,0,0.506793,2.283,25.713,6,13,16
0.494534,0,2.391837,0.842,25.116,6,13,17
0.44695,0,3.052468,0.139,23.982,6,13,18
0.375793,0,0,0,23.178,6,13,19
0.357869,0,0,0,22.536,6,13,20
0.362047,0,0,0,21.716,6,13,21
0.301347,0,0,0,20.668,6,13,22
0.222128,0,0,0,20.067,6,13,23
0.189816,0,0,0,19.722,6,14,0
0.172998,0,0,0,19.53,6,14,1
0.160418,0,0,0,19.322,6,14,2
0.156037,0,0,0,19.203,6,14,3
0.162272,0,0,0,19.257,6,14,4
0.185228,0,0,0.251,19.436,6,14,5
0.275233,0,0.478023,0.779,19.785,6,14,6
0.309733,0,0.352409,1.861,20.412,6,14,7
0.313336,0,1.373644,2.936,21.101,6,14,8
0.312754,0,0,3.358,21.626,6,14,9
0.302281,0,0,3.756,22.059,6,14,10
0.312397,0,0,4.456,22.569,6,14,11
0.324206,0,0,4.817,22.982,6,14,12
0.310199,0,0.573902,4.465,23.234,6,14,13
0.320196,0,0,4.219,23.456,6,14,14
0.310149,0,0,3.705,23.732,6,14,15
0.378989,0,0,2.829,24.008,6,14,16
0.494534,0,0.407605,1.536,23.986,6,14,17
0.44695,0,0.336973,0.491,23.452,6,14,18
0.375793,0,0.822535,0,22.987,6,14,19
0.357869,0,0,0,23.301,6,14,20
0.362047,0,1.51155,0,22.901,6,14,21
0.611139,0,1.291904,0,22.098,6,14,22
0.439259,0,0.090805,0,21.486,6,14,23
0.189816,0,0.450655,0,21.106,6,15,0
0.172998,0,0.553542,0,20.856,6,15,1
0.160418,0,0,0,20.45,6,15,2
0.156037,0,0,0,20.038,6,15,3
0.162272,0,0,0,20.006,6,15,4
0.185228,0,0,0.147,20.404,6,15,5
0.275233,0,0.468628,0.547,21.037,6,15,6
0.309733,0,0,1.482,21.531,6,15,7
0.313336,0,0,2.141,21.923,6,15,8
0.312754,0,0,2.426,22.038,6,15,9
0.302281,0,0,2.632,22.156,6,15,10
0.312397,0,0.415056,2.864,22.329,6,15,11
0.324206,0,0,2.567,22.427,6,15,12
0.310199,0,0,2.43,22.547,6,15,13
0.320196,0,0,1.941,22.554,6,15,14
0.310149,0,0,1.447,22.353,6,15,15
0.378989,0,0,0.991,21.988,6,15,16
0.494534,0,0,0.401,21.472,6,15,17
0.44695,0,0,0.061,20.753,6,15,18
0.375793,0,0.625,0,19.983,6,15,19
0.357869,0,0,0,19.386,6,15,20
0.362047,0,0.923059,0,18.781,6,15,21
0.301347,0,0.195149,0,18.286,6,15,22
0.222128,0,0,0,17.828,6,15,23
0.189816,0,0,0,17.221,6,16,0
0.172998,0,0.392184,0,16.305,6,16,1
0.160418,0,0,0,15.178,6,16,2
0.156037,0,0,0,14.376,6,16,3
0.162272,0,0,0.032,14.027,6,16,4
0.185228,0,0,0.681,14.419,6,16,5
0.275233,0,0.422393,2.03,15.367,6,16,6
0.309733,0,0,4.029,16.642,6,16,7
0.391022,0,0,5.837,17.733,6,16,8
0.312754,0,0.966871,7.307,18.344,6,16,9
0.302281,0,0.72111,8.226,18.6,6,16,10
0.312397,0,1.720385,8.606,18.643,6,16,11
0.324206,0,0,8.456,18.521,6,16,12
0.310199,0,0,7.788,18.22,6,16,13
0.320196,0,0.459703,6.621,17.75,6,16,14
0.328037,0,0.019573,4.952,17.19,6,16,15
0.461543,0,0,3.266,16.513,6,16,16
0.547885,0,0.492647,1.646,15.496,6,16,17
0.44695,0,0.444988,0.546,14.115,6,16,18
0.375793,0,0,0,12.85,6,16,19
0.357869,0,0,0,12.375,6,16,20
0.362047,0,0,0,12.199,6,16,21
0.301347,0,0,0,12.139,6,16,22
0.222128,0,0,0,12.154,6,16,23
0.189816,0,0,0,12.315,6,17,0
0.172998,0,0,0,12.429,6,17,1
0.160418,0,0,0,12.739,6,17,2
0.156037,0,0,0,13.062,6,17,3
0.412949,0,0.444483,0.015,13.603,6,17,4
0.185228,0,0.313098,0.391,14.431,6,17,5
0.275233,0,0.158726,1.104,14.893,6,17,6
0.309733,0,0,1.643,15.238,6,17,7
0.313336,0,0,1.64,15.585,6,17,8
0.312754,0,0.474618,1.901,15.902,6,17,9
0.302281,0,0.492231,2.498,16.173,6,17,10
0.312397,0,0,3.2,16.619,6,17,11
0.324206,0,0,3.598,17.235,6,17,12
0.310199,0,0,3.492,17.813,6,17,13
0.320196,0,0,3.575,18.473,6,17,14
0.310149,0,0,3.716,19.234,6,17,15
0.378989,0,0.419908,2.793,19.714,6,17,16
0.494534,0,0.516854,1.383,19.749,6,17,17
0.808139,0,0.947848,0.361,19.003,6,17,18
0.713681,0,0.608288,0,17.74,6,17,19
0.357869,0,2.980313,0,17.157,6,17,20
0.362047,0,0,0,17.011,6,17,21
0.301347,0,0,0,17.1,6,17,22
0.222128,0,0,0,17.327,6,17,23
0.189816,0,0,0,17.694,6,18,0
0.172998,0,0.471078,0,18.026,6,18,1
0.160418,0,0,0,18.149,6,18,2
0.156037,0,0,0,18.184,6,18,3
0.162272,3.50E-05,0,0.033,18.213,6,18,4
0.185228,4.20E-05,0,0.641,19.051,6,18,5
0.275233,0.013893,0,1.878,19.868,6,18,6
0.309733,0.006857,3.250691,3.415,21.037,6,18,7
0.313336,0,0,4.945,22.235,6,18,8
0.312754,0,0,5.906,23.095,6,18,9
0.302281,0,0.738805,6.558,23.668,6,18,10
0.312397,0,0,6.627,23.954,6,18,11
0.324206,0,0,6.696,24.008,6,18,12
0.310199,0,0,6.448,23.859,6,18,13
0.365623,0,1.960359,5.878,23.646,6,18,14
0.310149,0,0,4.699,23.365,6,18,15
0.378989,0,0,3.062,22.914,6,18,16
0.494534,0,0,1.446,21.204,6,18,17
0.44695,0,0.61363,0.342,17.849,6,18,18
0.375793,0,0,0,14.952,6,18,19
0.357869,0,0.63694,0,13.741,6,18,20
0.362047,0,0,0,13.278,6,18,21
0.301347,0,0,0,13.03,6,18,22
0.222128,0,0,0,12.838,6,18,23
0.189816,0,0,0,12.707,6,19,0
0.172998,0,0,0,12.566,6,19,1
0.160418,7.20E-05,0,0,12.389,6,19,2
0.156037,5.20E-05,0,0,12.177,6,19,3
0.162272,0.013837,0,0.045,12.046,6,19,4
0.185228,5.50E-05,0,0.709,12.634,6,19,5
0.275233,4.60E-05,3.266636,2.19,13.666,6,19,6
0.844559,0,2.071544,4.173,14.699,6,19,7
0.531278,0,0.392307,5.974,15.632,6,19,8
0.312754,0,0,7.326,16.396,6,19,9
0.302281,0,0.484258,8.173,17.03,6,19,10
0.312397,0,0,8.512,17.303,6,19,11
0.324206,0,0,8.252,17.323,6,19,12
0.310199,0,0.226597,7.58,17.236,6,19,13
0.320196,0,0.755614,6.331,16.986,6,19,14
0.310149,0,0,4.741,16.659,6,19,15
0.378989,0,0,3.079,16.245,6,19,16
0.494534,0,0.778353,1.514,15.626,6,19,17
0.44695,0,0.824245,0.445,14.663,6,19,18
0.375793,0,0.458699,0,13.483,6,19,19
0.934095,0,1.749146,0,12.983,6,19,20
0.362047,0,0,0,12.841,6,19,21
0.301347,0,0.392148,0,12.961,6,19,22
0.222128,0,0.399983,0,13.198,6,19,23
0.189816,0,0,0,13.472,6,20,0
0.172998,0,0.475775,0,13.762,6,20,1
0.160418,0,0,0,14.092,6,20,2
0.156037,0,0,0,14.281,6,20,3
0.162272,0,0,0.031,14.447,6,20,4
0.185228,0,0,0.667,15.463,6,20,5
0.275233,0,0.625444,1.895,16.371,6,20,6
0.309733,0,0.529421,3.494,17.809,6,20,7
0.313336,0,0,5.229,19.353,6,20,8
0.312754,0,0,6.572,20.768,6,20,9
0.302281,0,0,7.254,21.747,6,20,10
0.312397,0,0.392173,8.021,22.433,6,20,11
0.324206,0,0,8.228,23.203,6,20,12
0.310199,0,0,7.653,24.144,6,20,13
0.320196,0,2.654701,6.59,24.744,6,20,14
0.310149,0,0,5.115,24.912,6,20,15
0.378989,0,0,3.338,24.689,6,20,16
0.494534,0,0,1.578,24.087,6,20,17
0.44695,0,0.699005,0.463,22.975,6,20,18
0.375793,0,0,0,21.632,6,20,19
0.357869,0,0,0,20.971,6,20,20
0.362047,0,0,0,20.409,6,20,21
0.301347,0,0,0,19.946,6,20,22
0.222128,0,0,0,19.549,6,20,23
0.189816,0,0,0,19.379,6,21,0
0.172998,0,0,0,19.73,6,21,1
0.160418,0,0.39225,0,19.264,6,21,2
0.156037,0,0,0,18.63,6,21,3
0.162272,0,0,0,18.124,6,21,4
0.185228,0,0,0.299,18.106,6,21,5
0.275233,0,0,1.504,18.568,6,21,6
0.309733,0,0,3.635,19.892,6,21,7
0.313336,0,0,5.627,21.558,6,21,8
0.312754,0,0,7.026,22.97,6,21,9
0.302281,0,0.401635,7.867,24.281,6,21,10
0.312397,0,0,8.051,25.27,6,21,11
0.324206,0,0,7.386,25.762,6,21,12
0.310199,0,0,6.857,26.007,6,21,13
0.3666,0,0,4.888,25.828,6,21,14
0.310149,0,0.484173,3.471,25.522,6,21,15
0.378989,0,0,2.731,25.22,6,21,16
0.494534,0,2.316369,1.575,24.912,6,21,17
0.44695,0,0,0.551,23.755,6,21,18
0.375793,0,0.489851,0,22.461,6,21,19
0.357869,0,0,0,23.111,6,21,20
0.362047,0,3.811021,0,22.914,6,21,21
0.301347,0,0,0,21.528,6,21,22
0.222128,0,0,0,20.489,6,21,23
0.189816,0,0,0,19.783,6,22,0
0.172998,0,0,0,19.423,6,22,1
0.160418,0,0,0,19.215,6,22,2
0.156037,0,0,0,18.758,6,22,3
0.162272,0,0,0.054,18.383,6,22,4
0.185228,0,0,0.813,19.307,6,22,5
0.275233,0,0,2.216,20.326,6,22,6
0.309733,0,0,3.303,21.672,6,22,7
0.313336,0,1.368459,2.769,22.434,6,22,8
0.370452,0,0.807046,2.534,22.825,6,22,9
0.302281,0,0,2.58,23.267,6,22,10
0.312397,0,0,1.956,23.483,6,22,11
0.324206,0,0,1.898,23.506,6,22,12
0.310199,0,0,1.949,23.554,6,22,13
0.320196,0,0,1.781,23.653,6,22,14
0.310149,0,0,1.686,23.877,6,22,15
0.378989,0,0,1.205,24.135,6,22,16
0.494534,0,0.935569,0.585,24.08,6,22,17
0.44695,0,0,0.121,23.832,6,22,18
0.375793,0,0,0,23.739,6,22,19
0.357869,0,0.081679,0,23.637,6,22,20
0.362047,0,0.315331,0,23.339,6,22,21
0.301347,0,0,0,22.83,6,22,22
0.222128,0,0,0,21.957,6,22,23
0.189816,0,0,0,20.451,6,23,0
0.304763,0,0,0,19.208,6,23,1
0.160418,2.00E-06,0,0,18.428,6,23,2
0.156037,0.006987,0,0,17.775,6,23,3
0.162272,1.232583,0.40168,0.044,17.313,6,23,4
0.185228,0.013898,0,0.601,17.604,6,23,5
0.275233,0.020864,0,2.178,18.345,6,23,6
0.309733,0.01396,0,4.238,19.08,6,23,7
0.313336,0.006928,2.953775,6.049,19.71,6,23,8
0.312754,2.20E-05,2.933035,7.411,20.4,6,23,9
0.302281,0.00347,0,8.273,21.142,6,23,10
0.312397,0,0,8.634,21.853,6,23,11
0.324206,0,0.552386,8.507,22.463,6,23,12
0.310199,0,0,7.889,23.002,6,23,13
0.320196,0,0.41085,6.825,23.437,6,23,14
0.310149,0,0.457425,5.341,23.608,6,23,15
0.378989,0,0,3.505,23.518,6,23,16
0.494534,0,0,1.602,23.22,6,23,17
0.505169,0,5.311402,0.506,22.148,6,23,18
0.375793,0,0.840662,0,20.528,6,23,19
0.357869,0,0.182723,0,20.138,6,23,20
0.559323,0,0.060745,0,19.736,6,23,21
0.724331,0,0.998024,0,19.113,6,23,22
0.222128,0,0,0,18.479,6,23,23
0.609829,0,0.492365,0,18.101,6,24,0
0.172998,1.211917,0,0,17.98,6,24,1
0.160418,0.013854,0,0,17.611,6,24,2
0.156037,0.013876,0,0,17.166,6,24,3
0.162272,0.013935,0,0.043,17.012,6,24,4
0.185228,0.020745,0,0.737,17.913,6,24,5
0.275233,0.02768,0.392389,2.178,18.798,6,24,6
0.309733,0.003441,0,1.368,19.096,6,24,7
0.313336,0,0,2.469,19.603,6,24,8
0.312754,0,0,5.188,20.572,6,24,9
0.302281,0,0.433801,7.262,21.418,6,24,10
0.312397,0,0,8.134,22.377,6,24,11
0.324206,0,0,8.093,23.532,6,24,12
0.310199,0,0,6.559,24.17,6,24,13
0.320196,0,0.081359,5.151,23.998,6,24,14
0.310149,0,0.319358,4.429,23.623,6,24,15
0.378989,0,0,1.969,22.961,6,24,16
0.494534,0,0,0.746,22.112,6,24,17
0.44695,0,5.070643,0.18,21.068,6,24,18
1.019692,0,3.907636,0,20.139,6,24,19
0.357869,0,0,0,19.49,6,24,20
0.362047,0,0,0,18.856,6,24,21
0.301347,0,0,0,18.84,6,24,22
0.222128,0,0,0,18.645,6,24,23
0.189816,0,0.44523,0,18.415,6,25,0
0.172998,0,0,0,18.506,6,25,1
0.160418,0.020697,0,0,18.456,6,25,2
0.156037,0.020761,0,0,18.279,6,25,3
0.162272,0.027593,0,0,18.31,6,25,4
0.185228,1.23271,0,0.104,18.592,6,25,5
0.275233,0.027858,0,0.87,18.987,6,25,6
0.309733,0.002356,0,2.45,19.598,6,25,7
0.313336,0,0,1.424,20.046,6,25,8
0.312754,0,0.477835,1.423,20.489,6,25,9
0.302281,0,0,3.878,21.578,6,25,10
0.312397,0,0,4.599,22.309,6,25,11
0.34511,0,0,3.626,22.23,6,25,12
0.310199,0,0,4.369,22.112,6,25,13
0.320196,0,0.552426,5.188,21.925,6,25,14
0.310149,0,0,4.462,21.438,6,25,15
0.378989,0,0,3.139,20.838,6,25,16
0.494534,0,0.555734,1.672,20.155,6,25,17
0.44695,0,0,0.53,19.119,6,25,18
0.375793,0,0.414512,0,17.67,6,25,19
0.357869,0,0,0,16.754,6,25,20
0.362047,0,0,0,16.212,6,25,21
0.301347,0,0,0,15.829,6,25,22
0.222128,0,0.407501,0,15.682,6,25,23
0.189816,0,0,0,15.565,6,26,0
0.172998,0,0,0,15.497,6,26,1
0.160418,0,0,0,15.567,6,26,2
0.156037,0,0,0,15.655,6,26,3
0.162272,0,0.674056,0.037,15.864,6,26,4
0.185228,0,0,0.642,16.613,6,26,5
0.275233,1.222303,0,1.254,17.368,6,26,6
0.309733,1.00E-05,0,1.596,18.115,6,26,7
0.313336,0,0.866547,2.202,18.924,6,26,8
0.312754,0,1.582326,2.79,19.547,6,26,9
0.302281,0,0,2.89,19.778,6,26,10
0.312397,0,0,3.048,19.802,6,26,11
0.324206,0,0,2.41,19.545,6,26,12
0.310199,0,4.787273,2.247,19.191,6,26,13
0.320196,0,0,2.206,18.968,6,26,14
0.310149,0,0,1.776,18.66,6,26,15
0.378989,0,0,0.744,18.216,6,26,16
0.494534,0,0,0.388,17.893,6,26,17
0.44695,0,0,0.066,17.603,6,26,18
0.375793,0,0.504767,0,17.349,6,26,19
0.357869,0,0.467485,0,17.213,6,26,20
0.362047,0,0,0,17.101,6,26,21
0.301347,0,0,0,16.914,6,26,22
0.222128,0,0,0,16.674,6,26,23
0.189816,0,0,0,16.418,6,27,0
0.172998,0,0,0,16.129,6,27,1
0.160418,0,0,0,15.74,6,27,2
0.156037,0,0,0,15.326,6,27,3
0.162272,0,0.39226,0.011,14.976,6,27,4
0.185228,0,0,0.397,14.957,6,27,5
0.275233,0,0,1.116,15.291,6,27,6
0.309733,0,2.614665,2.113,15.932,6,27,7
0.313336,0,0,3.44,16.794,6,27,8
0.312754,0,0.406224,5.071,17.678,6,27,9
0.302281,0,0,6.4,18.489,6,27,10
0.60078,0,0.53618,7.281,19.129,6,27,11
0.538231,0,0.666664,7.646,19.594,6,27,12
0.310199,0,0,7.418,19.822,6,27,13
0.334486,0,0,6.668,19.843,6,27,14
0.373442,0,0.405265,5.34,19.787,6,27,15
0.378989,0,0.569827,3.592,19.601,6,27,16
0.494534,0,0.619723,1.735,19.063,6,27,17
0.44695,0,0.922429,0.508,17.862,6,27,18
0.375793,0,0.393674,0,16.299,6,27,19
0.357869,0,0,0,15.973,6,27,20
0.362047,0,2.541056,0,15.737,6,27,21
0.301347,0,5.500315,0,15.654,6,27,22
0.222128,0,0.600077,0,15.499,6,27,23
0.189816,0,0.448697,0,15.106,6,28,0
0.172998,0,0,0,14.647,6,28,1
0.160418,0,0,0,14.317,6,28,2
0.156037,0,0,0,14.331,6,28,3
0.162272,0,0,0.049,14.367,6,28,4
0.185228,0,0,0.699,15.545,6,28,5
0.275233,0,0,2.215,16.945,6,28,6
0.314039,0,0,4.177,18.631,6,28,7
0.313336,0,2.273289,5.886,20.968,6,28,8
0.312754,0,2.188965,7.133,21.93,6,28,9
0.302281,0,0,7.585,22.57,6,28,10
0.312397,0,0,7.205,22.998,6,28,11
0.324206,0,0,6.425,23.251,6,28,12
0.445147,0,0.420209,5.74,23.373,6,28,13
0.383677,0,0,3.999,23.158,6,28,14
0.362564,0,0,2.066,22.59,6,28,15
0.378989,0,0,0.782,21.831,6,28,16
0.494534,0,0.454723,0.264,20.931,6,28,17
0.44695,0,0.408341,0.049,19.502,6,28,18
0.375793,0,0,0,18.323,6,28,19
0.357869,0,0,0,17.886,6,28,20
0.362047,0,0,0,17.659,6,28,21
0.301347,0,0,0,17.465,6,28,22
0.222128,0,0,0,17.283,6,28,23
0.189816,0,0,0,17.211,6,29,0
0.172998,0,0,0,17.068,6,29,1
0.160418,0,0,0,16.895,6,29,2
0.156037,0,0,0,16.932,6,29,3
0.162272,0,0.392288,0.001,16.966,6,29,4
0.185228,0,0,0.343,17.328,6,29,5
0.275233,0,0,1.263,17.834,6,29,6
0.309733,0,0,2.313,18.389,6,29,7
0.313336,0,0,3.302,18.955,6,29,8
0.348779,0,0.392261,4.518,19.514,6,29,9
0.372813,0,0.237313,5.95,20.143,6,29,10
0.312397,0,0.184878,6.626,20.64,6,29,11
0.324206,0,0.492586,6.392,20.863,6,29,12
0.310199,0,0,5.752,20.939,6,29,13
0.320196,0,0,5.129,20.998,6,29,14
0.310149,0,0,4.172,20.992,6,29,15
0.378989,0,0,2.776,20.89,6,29,16
0.494534,0,0,1.449,20.704,6,29,17
0.487364,0,0,0.395,20.203,6,29,18
0.433991,0,0.438383,0,19.359,6,29,19
0.357869,0,0,0,18.935,6,29,20
0.362047,0,0,0,18.519,6,29,21
0.301347,0,0,0,18.153,6,29,22
0.222128,0,0,0,17.739,6,29,23
0.189816,0,0.397636,0,17.328,6,30,0
0.172998,0,0,0,16.985,6,30,1
0.160418,0,0,0,16.817,6,30,2
0.156037,0,0,0,16.698,6,30,3
0.162272,0,0,0.028,16.584,6,30,4
0.185228,0,0,0.656,17.306,6,30,5
0.275233,9.00E-06,0,1.839,17.944,6,30,6
0.309733,0,0,3.233,19.023,6,30,7
0.313336,0,0,4.464,20.021,6,30,8
0.335488,0,0.473891,5.356,20.922,6,30,9
0.302281,0,0.799999,6.095,21.707,6,30,10
0.312397,0,0,6.206,22.231,6,30,11
0.324206,0,0,6.492,22.564,6,30,12
0.310199,0,0.750148,5.876,22.496,6,30,13
0.320196,0,0,5.142,22.009,6,30,14
0.310149,0,0,4.227,21.023,6,30,15
0.42219,0,0.865398,2.953,19.687,6,30,16
0.494534,0,0,1.444,18.182,6,30,17
0.44695,0,0,0.416,16.819,6,30,18
0.375793,0,0.465287,0,15.695,6,30,19
0.357869,0,0.384942,0,15.223,6,30,20
0.362047,0,0.439891,0,14.977,6,30,21
0.301347,0,0.407214,0,14.754,6,30,22
0.222128,0,0,0,14.521,6,30,23
0.189816,0,0,0,14.361,7,1,0
0.172257,0,0,0,14.14,7,1,1
0.159676,0,0.272745,0,14.048,7,1,2
0.15532,0,0.119497,0,13.905,7,1,3
0.161503,0,0,0.021,13.901,7,1,4
0.18426,0,0,0.612,14.381,7,1,5
0.273933,0,0,1.638,14.863,7,1,6
0.30829,0,0,3.076,15.585,7,1,7
0.311542,0,0,4.723,16.42,7,1,8
0.310645,0,2.300293,6.401,17.248,7,1,9
0.300146,0,0,7.942,18.145,7,1,10
0.310335,0,0.412952,8.497,18.845,7,1,11
0.3222,0,0,8.177,19.185,7,1,12
0.30811,0,0,7.643,19.194,7,1,13
0.318223,0,0,6.545,18.743,7,1,14
0.308027,0,2.728511,4.773,17.848,7,1,15
0.377231,0,0,3.103,16.809,7,1,16
0.493226,0,0,1.48,15.648,7,1,17
0.445498,0,0.507264,0.422,14.481,7,1,18
0.374158,0,0,0,13.456,7,1,19
0.356236,0,0,0,12.993,7,1,20
0.360241,0,0,0,12.92,7,1,21
0.2999,0,0.429977,0,12.827,7,1,22
0.221346,0,0,0,12.659,7,1,23
0.189026,0,0,0,12.626,7,2,0
0.172257,0,0,0,12.754,7,2,1
0.159676,0,0.746829,0,13.088,7,2,2
0.15532,0,0.184167,0,13.478,7,2,3
0.161503,0,0,0.03,13.804,7,2,4
0.18426,0,0,0.685,14.936,7,2,5
0.273933,0,0,1.987,15.806,7,2,6
0.30829,0,1.718818,3.928,16.546,7,2,7
0.311542,0,3.191187,5.967,17.332,7,2,8
0.310645,0,1.844097,7.374,17.991,7,2,9
0.300146,0,0,8.254,18.535,7,2,10
0.310335,0,0,8.501,18.946,7,2,11
0.3222,0,0,7.969,19.136,7,2,12
0.30811,0,0,7.229,19.202,7,2,13
0.318223,0,0.392241,6.126,19.189,7,2,14
0.308027,0,0,4.718,18.984,7,2,15
0.377231,0,0,3.094,18.515,7,2,16
0.493226,0,0,1.573,17.816,7,2,17
0.445498,0,0.766874,0.49,16.838,7,2,18
0.374158,0,3.137791,0,15.602,7,2,19
0.356236,0,0.455627,0,15.233,7,2,20
0.360241,0,0.419689,0,15.103,7,2,21
0.2999,0,0,0,15.09,7,2,22
0.221346,0,0,0,15.185,7,2,23
0.189026,0,0,0,15.341,7,3,0
0.172257,0,0,0,15.38,7,3,1
0.159676,0,0,0,15.306,7,3,2
0.15532,0,0,0,15.247,7,3,3
0.161503,0,0.462383,0,15.263,7,3,4
0.18426,0,0,0.285,15.918,7,3,5
0.273933,0,0,0.905,16.821,7,3,6
0.30829,0,0,1.858,17.474,7,3,7
0.311542,0,0.519432,3.171,18.783,7,3,8
0.310645,0,0.467989,4.698,19.945,7,3,9
0.300146,0,0,6.095,20.765,7,3,10
0.310335,0,0,6.935,21.343,7,3,11
0.3222,0,0,6.964,21.7,7,3,12
0.30811,0,0,6.761,21.863,7,3,13
0.318223,0,0,6.064,21.826,7,3,14
0.308027,0,0,4.843,21.571,7,3,15
0.377231,0,0.46339,3.223,21.118,7,3,16
0.493226,0,0,1.597,20.446,7,3,17
0.445498,0,0,0.431,19.078,7,3,18
0.374158,0,2.415888,0,17.438,7,3,19
0.356236,0,0,0,16.831,7,3,20
0.360241,0,0,0,16.771,7,3,21
0.2999,0,0,0,16.964,7,3,22
0.221346,0,0,0,17.151,7,3,23
0.189026,0,0,0,16.84,7,4,0
0.172257,0,0,0,16.116,7,4,1
0.159676,0,0,0,15.642,7,4,2
0.15532,0,0,0,15.3,7,4,3
0.161503,0,0.454727,0.027,15.13,7,4,4
0.18426,0,0,0.68,16.276,7,4,5
0.273933,0,0.518532,1.958,17.552,7,4,6
0.30829,0,0,3.608,18.904,7,4,7
0.958614,0,3.638048,5.164,21.23,7,4,8
0.310645,0,0,6.148,22.687,7,4,9
0.300146,0,0,6.971,23.506,7,4,10
0.310335,0,0.878701,7.345,24.15,7,4,11
0.423411,0,0.286022,7.195,24.657,7,4,12
0.30811,0,0.2714,6.664,25.089,7,4,13
0.361299,0,0,5.693,25.322,7,4,14
0.308027,0,0.47943,4.43,25.271,7,4,15
0.377231,0,0,2.903,24.999,7,4,16
0.493226,0,0,1.43,24.714,7,4,17
0.445498,0,0.450114,0.381,23.602,7,4,18
0.374158,0,0,0,22.466,7,4,19
0.356236,0,0,0,21.797,7,4,20
0.360241,0,0,0,21.213,7,4,21
0.306722,0,0.399204,0,20.609,7,4,22
0.221346,0,0,0,19.716,7,4,23
0.189026,0,0,0,18.981,7,5,0
0.172257,0,0,0,18.334,7,5,1
0.159676,0,0,0,17.798,7,5,2
0.15532,0,0,0,17.425,7,5,3
0.161503,0,0,0.022,17.345,7,5,4
0.18426,0,2.860364,0.652,18.235,7,5,5
0.273933,0,0,1.905,19.546,7,5,6
0.30829,0,0,3.541,20.865,7,5,7
0.311542,0,0,5.111,23.041,7,5,8
0.310645,0,0.120003,6.387,24.097,7,5,9
0.300146,0,0.306598,7.228,24.597,7,5,10
0.310335,0,0,7.607,25.009,7,5,11
0.3222,0,0.523226,6.967,25.262,7,5,12
0.30811,0,0,6.453,25.485,7,5,13
0.318223,0,0,5.502,25.604,7,5,14
0.308027,0,0,4.196,25.616,7,5,15
0.377231,0,0,2.724,25.313,7,5,16
0.50608,0,0,1.337,24.574,7,5,17
0.577825,0,0.458344,0.344,22.947,7,5,18
0.374158,0,0,0,21.521,7,5,19
0.356236,0,0,0,20.943,7,5,20
0.360241,0,0,0,20.497,7,5,21
0.2999,0,0,0,20.08,7,5,22
0.221346,0,0,0,19.672,7,5,23
0.189026,0,0,0,19.258,7,6,0
0.172257,0,0,0,18.826,7,6,1
0.159676,0,0,0,18.454,7,6,2
0.15532,0,0.392134,0,18.126,7,6,3
0.161503,0,0,0.022,17.982,7,6,4
0.18426,0,0,0.655,19.023,7,6,5
0.273933,0,0,1.918,20.078,7,6,6
0.30829,0,1.83438,3.559,21.659,7,6,7
0.311542,0,0.696337,5.153,23.653,7,6,8
0.310645,0,0,6.36,24.828,7,6,9
0.426913,0,0.395477,7.242,25.63,7,6,10
0.90169,0,0.987738,7.552,26.23,7,6,11
0.3222,0,0,7.345,26.651,7,6,12
0.30811,0,0.441132,6.595,26.873,7,6,13
0.336464,0,0,5.357,26.885,7,6,14
0.308027,0,0,3.759,26.598,7,6,15
0.377231,0,0.696311,1.99,25.94,7,6,16
0.493226,0,0,0.758,25.071,7,6,17
0.445498,0,0.677247,0.118,24.2,7,6,18
0.374158,0,0,0,23.55,7,6,19
0.356236,0,1.123722,0,23.117,7,6,20
0.360241,0,0.244228,0,22.723,7,6,21
0.2999,0,0,0,22.508,7,6,22
0.221346,0,0.480705,0,22.153,7,6,23
0.189026,0,0,0,21.19,7,7,0
0.172257,0,0.395548,0,19.437,7,7,1
0.159676,0,0,0,17.84,7,7,2
0.15532,0,0,0,17.015,7,7,3
0.161503,0,0,0,16.591,7,7,4
0.18426,0,0,0.293,16.41,7,7,5
0.273933,0,0,1.093,16.418,7,7,6
0.30829,0,0,1.738,16.521,7,7,7
0.311542,0,0,2.717,16.77,7,7,8
0.310645,0,0.392141,5.012,17.445,7,7,9
0.300146,0,0,7.132,18.12,7,7,10
0.310335,0,0,7.824,18.388,7,7,11
0.3222,0,0,7.823,18.458,7,7,12
0.30811,0,0,5.393,18.092,7,7,13
0.318223,0,0,4.631,17.86,7,7,14
0.308027,0,0.453761,4.747,17.751,7,7,15
0.377231,0,0,3.265,17.453,7,7,16
0.493226,0,0,1.39,16.845,7,7,17
0.445498,0,0,0.342,16.063,7,7,18
0.832938,0,0.560059,0,14.95,7,7,19
0.593358,0,0.511207,0,14.31,7,7,20
0.360241,0,0.396927,0,13.871,7,7,21
0.2999,0,0,0,13.701,7,7,22
0.221346,0,0,0,13.74,7,7,23
0.189026,0,0,0,13.759,7,8,0
0.172257,0,0,0,13.803,7,8,1
0.159676,0,0,0,13.812,7,8,2
0.15532,0,0,0,13.764,7,8,3
0.161503,0,0,0.011,13.867,7,8,4
0.18426,0,0,0.324,14.583,7,8,5
0.273933,0,0,0.926,15.569,7,8,6
0.30829,0,0,1.43,16.238,7,8,7
0.311542,0,0.392215,1.954,16.798,7,8,8
0.310645,0,0,2.414,17.274,7,8,9
0.300146,0,0,3.336,17.844,7,8,10
0.310335,0,0,4.463,18.469,7,8,11
0.3222,0,0.462279,4.765,18.858,7,8,12
0.30811,0,0,3.167,18.752,7,8,13
0.318223,0,0,2.271,18.638,7,8,14
0.308027,0,0,1.63,18.42,7,8,15
0.377231,0,0,0.888,18.069,7,8,16
0.493226,0,0,0.343,17.617,7,8,17
0.445498,0,0,0.042,17.114,7,8,18
0.374158,0,0,0,16.699,7,8,19
0.356236,0,0.392114,0,16.609,7,8,20
0.360241,0,0,0,16.675,7,8,21
0.338462,0,0,0,16.842,7,8,22
0.221346,0,1.497629,0,16.979,7,8,23
0.189026,0,0,0,16.988,7,9,0
0.251524,0,0,0,16.873,7,9,1
0.159676,0,0,0,16.704,7,9,2
0.15532,0,0,0,16.456,7,9,3
0.161503,0,0,0.001,16.221,7,9,4
0.18426,0,0,0.373,16.2,7,9,5
0.273933,0,2.542471,1.342,16.478,7,9,6
0.30829,0,0,2.884,17.115,7,9,7
0.311542,0,1.410789,4.541,18.025,7,9,8
0.310645,0,0,6.336,19.088,7,9,9
0.300146,0,0,7.787,20.026,7,9,10
0.310335,0,0,8.19,20.742,7,9,11
0.3222,0,0,8.03,21.3,7,9,12
0.30811,0,0,7.262,21.68,7,9,13
0.318223,0,0.426601,6.258,21.874,7,9,14
0.308027,0,0,4.944,21.8,7,9,15
0.377231,0,0,3.398,21.457,7,9,16
0.493226,0,1.821237,1.64,20.815,7,9,17
0.445498,0,0,0.459,19.718,7,9,18
0.42934,0,0,0,18.058,7,9,19
0.356236,0,0,0,17.22,7,9,20
0.360241,0,0.739698,0,16.927,7,9,21
0.2999,0,0.471409,0,16.861,7,9,22
0.221346,0,0,0,16.731,7,9,23
0.23699,0,0,0,16.65,7,10,0
0.172257,0,0,0,16.628,7,10,1
0.159676,0,0,0,16.587,7,10,2
0.15532,0,0,0,16.541,7,10,3
0.161503,0,0,0,16.552,7,10,4
0.18426,0,0,0.279,17.129,7,10,5
0.273933,0,0,0.917,18.012,7,10,6
0.30829,0,0,1.882,18.709,7,10,7
0.311542,0,0.446332,3.105,19.747,7,10,8
0.380469,0,0.400802,4.38,21.509,7,10,9
0.300146,0,0,5.724,22.458,7,10,10
0.310335,0,0,6.744,22.929,7,10,11
0.3222,0,0,7.061,23.143,7,10,12
0.30811,0,0.426033,7.029,23.266,7,10,13
0.318223,0,0.555338,6.307,23.293,7,10,14
0.308027,0,0.966883,4.955,23.165,7,10,15
0.377231,0,0,3.272,22.869,7,10,16
0.493226,0,0.549913,1.593,22.483,7,10,17
0.445498,0,0.006285,0.451,21.414,7,10,18
0.374158,0,0,0,20.26,7,10,19
0.356236,0,0.392155,0,19.928,7,10,20
0.360241,0,2.690551,0,19.516,7,10,21
0.2999,0,0,0,19.014,7,10,22
0.221346,0,0,0,18.589,7,10,23
0.189026,0,0,0,18.258,7,11,0
0.172257,0,0.551316,0,17.891,7,11,1
0.159676,0,0,0,17.558,7,11,2
0.15532,0,0,0,17.454,7,11,3
0.161503,0,0,0.011,17.486,7,11,4
0.18426,0,0,0.535,18.428,7,11,5
0.273933,0,0,1.605,19.293,7,11,6
0.30829,0,1.13887,2.342,19.869,7,11,7
0.311542,0,0,2.153,20.471,7,11,8
0.310645,0,0,2.431,21.258,7,11,9
0.300146,0,0,3.38,22.147,7,11,10
0.310335,0,1.110983,2.903,22.278,7,11,11
0.3222,0,0.419698,2.28,22.058,7,11,12
0.30811,0,0,2.52,22.083,7,11,13
0.318223,0,0.514379,2.506,22.078,7,11,14
0.308027,0,0,1.587,21.728,7,11,15
0.377231,0,0,0.669,21.134,7,11,16
0.493226,0,2.1658,0.324,20.446,7,11,17
0.445498,0,3.258709,0.055,19.967,7,11,18
0.374158,0,0,0,19.739,7,11,19
0.356236,0,0,0,19.69,7,11,20
0.360241,0,0,0,19.585,7,11,21
0.2999,0,0,0,19.361,7,11,22
0.221346,0,0,0,19.142,7,11,23
0.189026,0,0,0,19.049,7,12,0
0.172257,0,0,0,18.894,7,12,1
0.159676,0,0,0,18.689,7,12,2
0.15532,0,0,0,18.48,7,12,3
0.161503,0,0,0.016,18.398,7,12,4
0.18426,0,0,0.649,19.301,7,12,5
0.273933,0,0.392255,1.929,19.989,7,12,6
0.30829,0,0.414269,3.624,20.84,7,12,7
0.311542,0,0,5.29,21.843,7,12,8
0.310645,0,0,6.347,22.801,7,12,9
0.300146,0,0.910148,7.49,23.574,7,12,10
0.310335,0,0.191009,7.717,24.156,7,12,11
0.3222,0,1.703436,7.419,24.666,7,12,12
0.30811,0,0.699978,6.985,25.149,7,12,13
0.318223,0,0,5.826,25.488,7,12,14
0.308027,0,0,4.102,25.571,7,12,15
0.377231,0,0,2.481,25.43,7,12,16
0.493226,0,0,1.182,25.001,7,12,17
0.682148,0,0.484415,0.352,23.931,7,12,18
0.824833,0,0.464385,0,22.465,7,12,19
0.356236,0,1.062559,0,21.84,7,12,20
0.412969,0,0.254376,0,21.522,7,12,21
0.31317,0,1.308276,0,21.331,7,12,22
0.221346,0,0,0,21.114,7,12,23
0.189026,0,0,0,20.851,7,13,0
0.172257,0,0,0,20.674,7,13,1
0.159676,0,0,0,20.601,7,13,2
0.15532,0,0,0,20.525,7,13,3
0.579355,0,0.550597,0,20.47,7,13,4
0.566924,0,0.918023,0.151,20.566,7,13,5
0.273933,0,0,0.61,20.952,7,13,6
0.30829,0,0,1.953,21.924,7,13,7
0.311542,0,0,4.292,23.595,7,13,8
0.310645,0,0,5.614,25.245,7,13,9
0.300146,0,0,6.05,26.214,7,13,10
0.310335,0,0,6.225,26.747,7,13,11
0.3222,0,0,6.311,27.082,7,13,12
0.30811,0,0,6.145,27.207,7,13,13
0.318223,0,0,5.569,27.183,7,13,14
0.308027,0,1.535884,4.43,27.153,7,13,15
0.377231,0,0,2.976,27.076,7,13,16
0.493226,0,0.392048,1.446,26.769,7,13,17
0.445498,0,0,0.353,26.02,7,13,18
0.374158,0,0,0,25.151,7,13,19
0.356236,0,0.397328,0,24.936,7,13,20
0.360241,0,0,0,24.687,7,13,21
0.2999,0,0,0,24.233,7,13,22
0.221346,0,0,0,23.533,7,13,23
0.22607,0,0,0,22.711,7,14,0
0.172257,0,0,0,21.954,7,14,1
0.159676,0,0,0,21.395,7,14,2
0.15532,0,0,0,21.034,7,14,3
0.161503,0,2.1639,0.016,20.857,7,14,4
0.18426,0,0,0.614,21.286,7,14,5
0.273933,0,0,1.981,21.938,7,14,6
0.30829,0,0.51818,3.872,22.727,7,14,7
0.675769,0,0.477536,5.625,23.459,7,14,8
0.40101,0,0.467269,6.828,23.997,7,14,9
0.300146,0,0,6.947,24.289,7,14,10
0.310335,0,0,7.079,24.533,7,14,11
0.3222,0,0,6.879,24.424,7,14,12
0.30811,0,0,6.798,23.821,7,14,13
0.318223,0,0,5.859,22.9,7,14,14
0.351394,0,0.422965,4.783,21.972,7,14,15
0.377231,0,0,3.248,20.908,7,14,16
0.552297,0,0,1.577,19.599,7,14,17
0.445498,0,0.783307,0.396,18.29,7,14,18
0.374158,0,0,0,17.205,7,14,19
0.356236,0,0.404454,0,16.681,7,14,20
0.360241,0,0,0,16.484,7,14,21
0.2999,0,0,0,16.458,7,14,22
0.221346,0,0,0,16.462,7,14,23
0.189026,0,0,0,16.534,7,15,0
0.172257,0,0,0,16.606,7,15,1
0.159676,0,0,0,16.674,7,15,2
0.15532,0,0,0,16.686,7,15,3
0.161503,0,0,0.01,16.541,7,15,4
0.18426,0,0,0.606,17.113,7,15,5
0.273933,0,2.22971,1.964,17.979,7,15,6
0.30829,0,0.29709,3.953,18.851,7,15,7
0.311542,0,0,5.853,19.659,7,15,8
0.368634,0,0,7.273,20.335,7,15,9
0.3489,0,1.11773,8.101,20.779,7,15,10
0.354181,0,0.092269,8.489,21.081,7,15,11
0.3222,0,0,8.445,21.204,7,15,12
0.30811,0,1.68607,7.918,21.168,7,15,13
0.318223,0,0.319059,6.872,20.951,7,15,14
0.308027,0,0,5.365,20.659,7,15,15
0.377231,0,0,3.44,20.151,7,15,16
0.493226,0,0.447095,1.481,19.273,7,15,17
0.445498,0,0,0.286,18.103,7,15,18
0.528699,0,0,0,17.155,7,15,19
0.356236,0,0.497126,0,16.951,7,15,20
0.360241,0,0,0,16.923,7,15,21
0.2999,0,0,0,16.875,7,15,22
0.221346,0,0.620964,0,16.878,7,15,23
0.189026,0,0.36191,0,16.88,7,16,0
0.172257,0,0,0,16.775,7,16,1
0.159676,0,0,0,16.635,7,16,2
0.15532,0,0,0,16.489,7,16,3
0.161503,0,0,0.01,16.569,7,16,4
0.18426,0,0,0.549,17.568,7,16,5
0.273933,0,0,1.812,18.466,7,16,6
0.30829,0,0.45838,3.699,20.147,7,16,7
0.311542,0,0,2.999,21.154,7,16,8
0.310645,0,0.706666,1.977,21.235,7,16,9
0.300146,0,0.550864,2.864,21.422,7,16,10
0.310335,0,0,3.684,21.818,7,16,11
0.952793,0,1.157662,5.426,22.64,7,16,12
0.30811,0,0,5.684,23.317,7,16,13
0.318223,0,0.41581,5.034,23.77,7,16,14
0.308027,0,0,4.092,23.917,7,16,15
0.377231,0,0,2.477,23.674,7,16,16
0.493226,0,0.434173,0.848,23.136,7,16,17
0.445498,0,0,0.105,22.521,7,16,18
0.374158,0,0.421546,0,22.027,7,16,19
0.356236,0,0,0,21.917,7,16,20
0.360241,0,0,0,21.818,7,16,21
0.2999,0,0,0,21.711,7,16,22
0.221346,0,0,0,21.951,7,16,23
0.189026,0,2.714017,0,22.056,7,17,0
0.172257,0,0,0,22.089,7,17,1
0.159676,0,0,0,22.229,7,17,2
0.15532,0,0,0,22.347,7,17,3
0.161503,0,0,0,22.469,7,17,4
0.18426,0,0,0.43,22.79,7,17,5
0.273933,0,0,1.629,23.363,7,17,6
0.30829,0,0,3.443,24.333,7,17,7
0.311542,0,0.433961,5.071,25.488,7,17,8
0.310645,0,0,6.285,26.711,7,17,9
0.300146,0,0,7.011,27.723,7,17,10
0.310335,0,0.460409,7.204,28.463,7,17,11
0.3222,0,0,6.801,28.911,7,17,12
0.30811,0,0.466603,6.187,29.177,7,17,13
0.318223,0,0,5.019,29.221,7,17,14
0.308027,0,0,4.214,29.208,7,17,15
0.377231,0,0,2.833,28.97,7,17,16
0.493226,0,0,1.449,28.498,7,17,17
0.445498,0,0,0.386,27.34,7,17,18
0.374158,0,0.906769,0,26.005,7,17,19
0.356236,0,0.014631,0,25.505,7,17,20
0.396162,0,0,0,25.055,7,17,21
0.305287,0,0,0,24.531,7,17,22
0.221346,0,0,0,24.059,7,17,23
0.189026,0,0,0,23.806,7,18,0
0.172257,0,0,0,23.827,7,18,1
0.159676,0,0,0,23.91,7,18,2
0.15532,0,0.392045,0,23.825,7,18,3
0.161503,0,0,0,23.696,7,18,4
0.18426,0,0,0.262,24.015,7,18,5
0.273933,0,1.33584,0.767,24.375,7,18,6
0.30829,0,0,1.358,24.784,7,18,7
0.311542,0,1.35641,2.075,25.437,7,18,8
0.415057,0,2.741408,2.532,26.314,7,18,9
0.679502,0,0.471982,2.551,26.538,7,18,10
0.310335,0,0,2.888,26.532,7,18,11
0.3222,0,0,3.456,26.792,7,18,12
0.30811,0,0.391984,3.788,27.108,7,18,13
0.318223,0,0,4.026,27.267,7,18,14
0.308027,0,0,3.615,27.125,7,18,15
0.377231,0,0.837631,2.359,26.733,7,18,16
0.493226,0,0,1.351,26.291,7,18,17
0.445498,0,0,0.305,25.534,7,18,18
0.374158,0,1.119538,0,24.662,7,18,19
0.356236,0,0.209743,0,24.343,7,18,20
0.360241,0,0,0,24.199,7,18,21
0.2999,0,0,0,24.078,7,18,22
0.221346,0,0,0,23.936,7,18,23
0.189026,0,0,0,23.783,7,19,0
0.172257,0,0,0,23.646,7,19,1
0.159676,0,0,0,23.482,7,19,2
0.15532,0,0,0,23.279,7,19,3
0.161503,0,0,0.004,23.073,7,19,4
0.308325,0,0,0.563,23.349,7,19,5
0.273933,0,0,1.842,23.637,7,19,6
0.30829,0,0.423164,3.638,24.139,7,19,7
0.782815,0,0.479072,5.416,24.747,7,19,8
0.310645,0,0,6.765,25.615,7,19,9
0.300146,0,0.448923,7.511,26.431,7,19,10
0.32165,0,0,7.686,26.886,7,19,11
0.3222,0,0,7.973,27.107,7,19,12
0.30811,0,0,7.424,27.058,7,19,13
0.318223,0,0,6.378,26.755,7,19,14
0.308027,0,0,4.911,26.242,7,19,15
0.377231,0,0,3.252,25.705,7,19,16
0.493226,0,0.571326,1.502,25.108,7,19,17
0.445498,0,0,0.365,24.203,7,19,18
0.374158,0,0.528371,0,23.253,7,19,19
0.356236,0,0,0,23.067,7,19,20
0.360241,0,0,0,22.297,7,19,21
0.2999,0,0,0,21.283,7,19,22
0.221346,0,0,0,20.518,7,19,23
0.189026,0,0,0,19.934,7,20,0
0.172257,0,0,0,19.462,7,20,1
0.159676,0,0,0,18.99,7,20,2
0.15532,0,0,0,18.533,7,20,3
0.161503,0,0,0.008,18.279,7,20,4
0.18426,0,0,0.583,19.549,7,20,5
0.273933,0,0.463322,1.982,20.728,7,20,6
0.30829,0,2.492324,3.832,21.979,7,20,7
0.311542,0,0.182202,5.359,23.897,7,20,8
0.310645,0,0,6.231,25.201,7,20,9
0.300146,0,0,6.655,25.993,7,20,10
0.310335,0,1.86455,6.712,26.232,7,20,11
0.3222,0,0.983808,6.461,26.317,7,20,12
0.30811,0,0.421948,5.73,26.255,7,20,13
0.318223,0,0,4.411,26.077,7,20,14
0.308027,0,0,3.69,25.998,7,20,15
0.377231,0,0,2.241,25.721,7,20,16
0.536177,0,0,0.885,25.108,7,20,17
1.145722,0,1.067197,0.2,24.182,7,20,18
0.457161,0,0,0,23.164,7,20,19
0.356236,0,0,0,22.684,7,20,20
0.360241,0,0.465707,0,22.283,7,20,21
0.2999,0,0,0,21.821,7,20,22
0.221346,0,0,0,21.283,7,20,23
0.189026,0,0,0,20.559,7,21,0
0.172257,0,0,0,19.755,7,21,1
0.159676,0,0,0,19.075,7,21,2
0.15532,0,0,0,18.621,7,21,3
0.161503,0,0,0.004,18.393,7,21,4
0.18426,0,0,0.515,19.25,7,21,5
0.273933,0,0,1.975,20.397,7,21,6
0.30829,0,0.783943,4.027,21.562,7,21,7
0.311542,0,1.297233,5.855,22.311,7,21,8
0.310645,0,0.027565,7.246,22.878,7,21,9
0.300146,0,0,8.142,23.403,7,21,10
0.310335,0,0.676978,8.546,23.837,7,21,11
0.3222,0,2.813517,8.464,24.215,7,21,12
0.30811,0,0.711912,7.897,24.494,7,21,13
0.318223,0,0,6.846,24.638,7,21,14
0.308027,0,0,5.336,24.581,7,21,15
0.377231,0,0.399141,3.375,24.342,7,21,16
0.493226,0,0,1.484,23.841,7,21,17
1.043404,0,0.905094,0.363,22.469,7,21,18
0.374158,0,0,0,21.016,7,21,19
0.356236,0,1.925141,0,20.512,7,21,20
0.360241,0,3.535197,0,20.287,7,21,21
0.2999,0,0,0,20.203,7,21,22
0.273095,0,0,0,19.959,7,21,23
0.189026,0,0,0,19.574,7,22,0
0.172257,0,0,0,19.151,7,22,1
0.159676,0,0,0,18.71,7,22,2
0.15532,0,0,0,18.486,7,22,3
0.161503,0,0,0.004,18.411,7,22,4
0.18426,0,1.529279,0.571,19.257,7,22,5
0.288347,0,0.422727,2.023,20.351,7,22,6
0.30829,0,0,3.785,21.809,7,22,7
0.311542,0,0.447169,5.038,23.671,7,22,8
0.310645,0,0,5.822,24.312,7,22,9
0.300146,0,0,4.845,24.505,7,22,10
0.310335,0,0,5.059,24.87,7,22,11
0.3222,0,0,6.202,25.297,7,22,12
0.30811,0,0.539533,5.908,25.494,7,22,13
0.318223,0,0,5.317,25.569,7,22,14
0.308027,0,0,3.45,25.303,7,22,15
0.377231,0,0,1.34,24.72,7,22,16
0.493226,0,0.429768,0.492,23.997,7,22,17
0.445498,0,0.437255,0.111,23.035,7,22,18
0.374158,0,0.483337,0,22.201,7,22,19
0.356236,0,0,0,21.589,7,22,20
0.360241,0,0.413434,0,21.176,7,22,21
0.2999,0,0,0,20.859,7,22,22
0.266315,0,0,0,20.46,7,22,23
0.189026,0,0,0,20.06,7,23,0
0.172257,0,0,0,19.698,7,23,1
0.159676,0,0,0,19.404,7,23,2
0.15532,0,0,0,19.346,7,23,3
0.161503,0,0.392175,0.001,19.353,7,23,4
0.18426,0,0,0.528,19.962,7,23,5
0.273933,0,1.744652,1.933,21.112,7,23,6
0.30829,0,3.401046,3.877,23.234,7,23,7
0.311542,0,0,5.617,24.756,7,23,8
0.310645,0,0,6.956,25.537,7,23,9
0.300146,0,0,7.823,26.027,7,23,10
0.310335,0,0.133673,8.217,26.41,7,23,11
0.3222,0,0.293148,8.148,26.663,7,23,12
0.30811,0,0,7.605,26.793,7,23,13
0.318223,0,0.758035,6.594,26.763,7,23,14
0.308027,0,0,5.135,26.505,7,23,15
0.377231,0,0,3.326,26.103,7,23,16
0.493226,0,0,1.473,25.785,7,23,17
0.445498,0,0.410582,0.323,24.364,7,23,18
0.374158,0,0,0,22.941,7,23,19
0.620441,0,0.337511,0,22.312,7,23,20
0.827125,0,0.724987,0,21.884,7,23,21
0.2999,0,0,0,21.508,7,23,22
0.221346,0,0,0,21.126,7,23,23
0.189026,0,0,0,20.721,7,24,0
0.172257,0,0,0,20.295,7,24,1
0.159676,0,0,0,19.861,7,24,2
0.15532,0,0,0,19.671,7,24,3
0.161503,0,0,0,19.795,7,24,4
0.18426,0,0.392148,0.529,20.804,7,24,5
0.273933,0,0,1.948,22.14,7,24,6
0.30829,0,3.672004,3.933,23.248,7,24,7
0.311542,0,1.563378,5.698,24.885,7,24,8
0.310645,0,0,7.006,25.727,7,24,9
0.300146,0,0,7.831,26.21,7,24,10
0.980361,0,1.30759,7.661,26.496,7,24,11
0.375259,0,0,6.916,26.618,7,24,12
0.30811,0,0,5.992,26.404,7,24,13
0.318223,0,0,3.624,25.341,7,24,14
0.308027,0,0,3.009,24.942,7,24,15
0.377231,0,0,3.046,25.089,7,24,16
0.493226,0,0,1.421,24.845,7,24,17
0.445498,0,0.565204,0.316,23.867,7,24,18
0.374158,0,0.486928,0,22.76,7,24,19
0.356236,0,0,0,22.483,7,24,20
0.360241,0,0,0,22.209,7,24,21
0.365141,0,0.651855,0,21.946,7,24,22
0.543092,0,0.694266,0,21.636,7,24,23
0.189026,0,0.211361,0,21.264,7,25,0
0.172257,0,0,0,20.897,7,25,1
0.159676,0,0,0,20.615,7,25,2
0.15532,0,0,0,20.535,7,25,3
0.161503,0,0,0,20.657,7,25,4
0.18426,0,0.536361,0.496,21.282,7,25,5
0.273933,0,2.099412,1.552,22.272,7,25,6
0.30829,0,0,2.713,23.746,7,25,7
0.311542,0,0,3.756,25.28,7,25,8
0.310645,0,0.448386,4.913,26.489,7,25,9
0.300146,0,0,5.478,27.506,7,25,10
0.310335,0,0,5.827,28.275,7,25,11
0.3222,0,0,6.426,28.697,7,25,12
0.30811,0,0.77614,5.685,28.439,7,25,13
0.318223,0,0.464906,6.137,28.118,7,25,14
0.308027,0,0,4.833,27.325,7,25,15
0.377231,0,0,3.135,26.317,7,25,16
0.493226,0,0,1.446,25.241,7,25,17
0.445498,0,0.399358,0.301,23.799,7,25,18
0.374158,0,0,0,22.468,7,25,19
0.356236,0,0,0,21.883,7,25,20
0.360241,0,0,0,21.506,7,25,21
0.2999,0,0,0,21.251,7,25,22
0.221346,0,0,0,21.004,7,25,23
0.189026,0,0,0,20.76,7,26,0
0.172257,0,0,0,20.488,7,26,1
0.159676,0,0,0,20.182,7,26,2
0.15532,0,0,0,19.917,7,26,3
0.161503,0,0,0,19.761,7,26,4
0.18426,0,0,0.545,20.843,7,26,5
0.273933,0,0,1.924,22.132,7,26,6
0.30829,0,0.045499,3.764,23.416,7,26,7
0.311542,0,1.166853,5.423,24.616,7,26,8
0.310645,0,0,6.732,25.551,7,26,9
0.300146,0,0,6.918,26.084,7,26,10
0.310335,0,0.439821,7.259,26.414,7,26,11
0.3222,0,0,6.385,26.513,7,26,12
0.30811,0,0,3.885,26.454,7,26,13
0.318223,0,0,3.286,26.606,7,26,14
0.308027,0,0,2.476,26.498,7,26,15
0.377231,0,0,1.815,26.055,7,26,16
0.493226,0,2.01565,0.875,25.23,7,26,17
0.445498,0,0,0.155,23.986,7,26,18
0.477491,0,0,0,22.978,7,26,19
0.356236,0,0.514269,0,22.538,7,26,20
0.360241,0,0.447098,0,22.196,7,26,21
0.2999,0,0,0,21.976,7,26,22
0.221346,0,0,0,21.747,7,26,23
0.189026,0,0,0,21.569,7,27,0
0.172257,0,0,0,21.425,7,27,1
0.159676,0,0,0,21.263,7,27,2
0.15532,0,0,0,21.134,7,27,3
0.161503,0,0,0,21.08,7,27,4
0.18426,0,0,0.441,21.827,7,27,5
0.273933,0,0.397572,1.449,22.615,7,27,6
0.30829,0,0,2.627,23.421,7,27,7
0.311542,0,1.399175,4.12,24.666,7,27,8
0.310645,0,3.640756,5.628,25.597,7,27,9
0.300146,0,0,6.511,26.291,7,27,10
0.310335,0,0.846375,7.518,26.928,7,27,11
0.3222,0,3.412245,7.516,27.353,7,27,12
0.30811,0,0,6.876,27.55,7,27,13
0.318223,0,0.75793,5.83,27.567,7,27,14
0.308027,0,0.518503,4.257,27.38,7,27,15
0.377231,0,0,2.767,27.109,7,27,16
0.493226,0,0.472119,1.313,26.39,7,27,17
0.445498,0,1.582205,0.282,24.726,7,27,18
0.374158,0,2.579648,0,23.387,7,27,19
0.356236,0,0,0,23.078,7,27,20
0.360241,0,0,0,22.746,7,27,21
0.2999,0,0.446082,0,22.513,7,27,22
0.221346,0,0.440467,0,22.263,7,27,23
0.189026,0,0,0,21.994,7,28,0
0.172257,0,0,0,21.611,7,28,1
0.159676,0,0,0,21.228,7,28,2
0.15532,0,0,0,21.055,7,28,3
0.161503,0,0,0,21.019,7,28,4
0.18426,0,0,0.396,21.854,7,28,5
0.273933,0,1.494943,1.4,22.91,7,28,6
0.30829,0,0.198164,2.749,23.968,7,28,7
0.311542,0,0.228819,3.891,25.421,7,28,8
0.336374,0,0,4.845,26.78,7,28,9
0.300146,0,2.287389,6.124,27.637,7,28,10
0.310335,0,0,7.361,28.395,7,28,11
0.379648,0,0.440842,7.051,28.976,7,28,12
0.37575,0,0,5.927,29.337,7,28,13
0.318223,0,0,4.691,29.463,7,28,14
0.308027,0,0,3.381,29.26,7,28,15
0.377231,0,0,1.899,28.828,7,28,16
0.493226,0,0.486575,0.788,28.17,7,28,17
0.445498,0,0,0.126,27.184,7,28,18
0.374158,0,0,0,26.459,7,28,19
0.356236,0,4.554012,0,26.182,7,28,20
0.360241,0,1.016,0,25.871,7,28,21
0.2999,0,0,0,25.452,7,28,22
0.221346,0,0,0,25.041,7,28,23
0.189026,0,0,0,24.64,7,29,0
0.172257,0,0,0,24.311,7,29,1
0.159676,0,0,0,24.088,7,29,2
0.15532,0,0,0,23.95,7,29,3
0.161503,0,0,0,23.936,7,29,4
0.18426,0,0,0.12,24.158,7,29,5
0.273933,0,0.392192,0.393,24.518,7,29,6
0.30829,0,1.587926,0.82,24.842,7,29,7
0.311542,0,0,1.846,24.926,7,29,8
0.310645,0,0.789745,2.622,24.503,7,29,9
0.300146,0,0,3.015,24.434,7,29,10
0.310335,0,0.745219,4.312,25.488,7,29,11
0.3222,0,0.945774,6.916,26.926,7,29,12
0.30811,0,0,7.542,27.579,7,29,13
0.318223,0,0,6.716,27.658,7,29,14
0.308027,0,0,5.255,27.377,7,29,15
0.377231,0,0.4605,3.409,26.81,7,29,16
0.493226,0,0.100849,1.498,25.905,7,29,17
0.445498,0,0,0.245,24.458,7,29,18
0.374158,0,0.449268,0,23.177,7,29,19
0.356236,0,0.451431,0,22.422,7,29,20
0.360241,0,0,0,21.721,7,29,21
0.2999,0,0,0,21.134,7,29,22
0.221346,0,0,0,20.594,7,29,23
0.189026,0,0,0,20.094,7,30,0
0.172257,0,0.574496,0,19.613,7,30,1
0.159676,0,0,0,19.184,7,30,2
0.15532,0,0,0,18.752,7,30,3
0.161503,0,0.479351,0,18.387,7,30,4
0.18426,0,0,0.429,19.004,7,30,5
0.273933,0,0,1.915,20.262,7,30,6
0.30829,0,0,4.009,22.371,7,30,7
0.311542,0,0.560545,5.806,24.773,7,30,8
0.310645,0,0.402465,7.156,26.033,7,30,9
0.300146,0,1.696176,8.022,26.763,7,30,10
0.310335,0,0.80353,8.388,27.279,7,30,11
0.3222,0,0,8.275,27.602,7,30,12
0.30811,0,0,7.692,27.789,7,30,13
0.318223,0,0,6.512,27.857,7,30,14
0.308027,0,0,5.137,27.786,7,30,15
0.377231,0,0,3.307,27.45,7,30,16
0.493226,0,0,1.384,26.721,7,30,17
0.445498,0,0,0.241,25.146,7,30,18
0.374158,0,0.476588,0,23.726,7,30,19
0.356236,0,1.288811,0,23.151,7,30,20
0.380271,0,1.742227,0,22.571,7,30,21
0.2999,0,2.829706,0,21.944,7,30,22
0.221346,0,0,0,21.258,7,30,23
0.189026,0,0,0,20.629,7,31,0
0.172257,0,0,0,20.063,7,31,1
0.159676,0,0,0,19.594,7,31,2
0.15532,0,0,0,19.147,7,31,3
0.161503,0,0,0,18.809,7,31,4
0.18426,0,0.355773,0.431,19.59,7,31,5
0.273933,0,0.13582,1.88,20.906,7,31,6
0.30829,0,0,3.916,22.959,7,31,7
0.311542,0,0,5.674,25.472,7,31,8
0.310645,0,0.392063,7.008,26.851,7,31,9
0.300146,0,0,7.885,27.488,7,31,10
0.310335,0,0,8.299,27.741,7,31,11
0.3222,0,0,8.272,27.722,7,31,12
0.30811,0,0.455625,7.754,27.586,7,31,13
0.318223,0,0,6.737,27.423,7,31,14
0.308027,0,0,5.235,27.175,7,31,15
0.377231,0,0,3.359,26.695,7,31,16
0.493226,0,0,1.409,25.833,7,31,17
0.445498,0,0,0.239,24.18,7,31,18
0.374158,0,0,0,22.548,7,31,19
0.356236,0,0,0,21.715,7,31,20
0.360241,0,0,0,20.843,7,31,21
0.972839,0,1.111151,0,20.049,7,31,22
0.309887,0,0,0,19.417,7,31,23
0.189026,0,0,0,18.882,8,1,0
0.172257,0,0,0,18.409,8,1,1
0.159676,0,0,0,17.986,8,1,2
0.15532,0,0,0,17.586,8,1,3
0.161555,0,0.392113,0,17.211,8,1,4
0.18452,0,0,0.438,18.054,8,1,5
0.274542,0,0.457364,1.908,19.441,8,1,6
0.309061,0,0,3.986,21.301,8,1,7
0.312672,0,0.43962,5.772,24.174,8,1,8
0.312107,0,0.376471,7.108,25.758,8,1,9
0.301585,0,1.781082,7.955,26.443,8,1,10
0.311742,0,0.429137,8.313,26.974,8,1,11
0.323585,0,0,7.99,27.3,8,1,12
0.309488,0,0,6.62,27.368,8,1,13
0.319607,0,0,4.981,27.327,8,1,14
0.30948,0,0.690673,3.991,27.295,8,1,15
0.379035,0,1.769105,2.92,27.104,8,1,16
0.496317,0,1.422126,1.36,26.569,8,1,17
0.451832,0,0.565972,0.24,25.213,8,1,18
0.385689,0,0,0,24,8,1,19
0.371732,0,0,0,23.443,8,1,20
0.373223,0,0,0,22.92,8,1,21
0.302898,0,0,0,22.465,8,1,22
0.221346,0,0.392028,0,22.024,8,1,23
0.189026,0,0,0,21.618,8,2,0
0.172257,0,0,0,21.26,8,2,1
0.159676,0,0,0,20.995,8,2,2
0.15532,0,0,0,20.87,8,2,3
0.161555,0,0,0,20.879,8,2,4
0.18452,0,0,0.464,21.608,8,2,5
0.274542,0,0.603265,1.703,22.771,8,2,6
0.309061,0,0.554534,3.203,24.318,8,2,7
0.312672,0,0,4.572,25.715,8,2,8
0.312107,0,0,5.698,26.86,8,2,9
0.301585,0,0,6.209,27.806,8,2,10
0.311742,0,0,6.101,28.348,8,2,11
0.323585,0,0,5.486,28.475,8,2,12
0.309488,0,0,4.69,28.49,8,2,13
0.319607,0,0,3.479,28.388,8,2,14
0.30948,0,0,3.199,28.258,8,2,15
0.379035,0,0,2.101,27.892,8,2,16
0.496317,0,0,0.984,27.285,8,2,17
0.488252,0,0.397982,0.134,26.496,8,2,18
0.626054,0,0.421411,0,25.85,8,2,19
0.754532,0,0.726613,0,25.391,8,2,20
0.373223,0,1.375787,0,24.921,8,2,21
0.302898,0,0.987889,0,24.354,8,2,22
0.221346,0,0,0,23.415,8,2,23
0.189026,0,0,0,22.137,8,3,0
0.172257,0,0,0,20.99,8,3,1
0.159676,0,0,0,20.162,8,3,2
0.15532,0,0,0,19.602,8,3,3
0.161555,0,0,0,19.205,8,3,4
0.18452,0,0,0.416,19.992,8,3,5
0.274542,0,0,1.848,20.912,8,3,6
0.309061,0,0.437427,3.9,22.507,8,3,7
0.312672,0,0,5.733,23.868,8,3,8
0.312107,0,0,7.127,24.694,8,3,9
0.301585,0,0,8.031,25.216,8,3,10
0.311742,0,0,8.45,25.588,8,3,11
0.323585,0,0,8.4,25.818,8,3,12
0.309488,0,0,7.87,25.867,8,3,13
0.319607,0,0,6.833,25.839,8,3,14
0.30948,0,0,5.299,25.691,8,3,15
0.379035,0,0,3.378,25.296,8,3,16
0.496317,0,0.475575,1.388,24.526,8,3,17
0.488231,0,0.139887,0.199,22.776,8,3,18
0.418033,0,0.278751,0,21.389,8,3,19
0.371732,0,0,0,20.811,8,3,20
0.373223,0,0.901835,0,20.163,8,3,21
0.302898,0,2.38816,0,19.533,8,3,22
0.221346,0,0,0,18.979,8,3,23
0.189026,0,0,0,18.516,8,4,0
0.172257,0,0,0,18.122,8,4,1
0.159676,0,0.39199,0,17.78,8,4,2
0.15532,0,0,0,17.419,8,4,3
0.161555,0,0,0,17.05,8,4,4
0.18452,0,0,0.384,17.878,8,4,5
0.274542,0,0.392047,1.86,19.287,8,4,6
0.309061,0,0,3.989,20.642,8,4,7
0.312672,0,0.402127,5.823,23.211,8,4,8
0.312107,0,1.576894,7.207,24.55,8,4,9
0.301585,0,0,8.086,25.194,8,4,10
0.311742,0,0,8.468,25.65,8,4,11
0.323585,0,0,8.351,25.937,8,4,12
0.372282,0,0.494269,7.778,26.128,8,4,13
0.319607,0,0,6.717,26.212,8,4,14
0.30948,0,0.414166,5.175,26.103,8,4,15
0.379035,0,0,3.254,25.705,8,4,16
0.496317,0,0,1.297,24.924,8,4,17
0.451832,0,0,0.169,23.07,8,4,18
0.385689,0,0.762956,0,22.063,8,4,19
0.371732,0,2.216954,0,21.579,8,4,20
0.373223,0,0.496285,0,21.079,8,4,21
0.302898,0,0,0,20.676,8,4,22
0.221346,0,0,0,20.385,8,4,23
0.189026,0,0,0,20.086,8,5,0
0.172257,0,0,0,19.801,8,5,1
0.159676,0,0,0,19.386,8,5,2
0.15532,0,0,0,19.12,8,5,3
0.161555,0,0,0,19.022,8,5,4
0.18452,0,0,0.401,19.541,8,5,5
0.274542,0,0,1.832,20.742,8,5,6
0.313054,0,0.491632,3.846,22.71,8,5,7
0.318288,0,0.496668,5.645,24.238,8,5,8
0.312107,0,0,7.011,24.925,8,5,9
0.425696,0,0.437199,7.908,25.44,8,5,10
0.419817,0,0,8.307,25.799,8,5,11
0.323585,0,0,8.194,26.005,8,5,12
0.414318,0,0.429536,7.495,25.979,8,5,13
0.319607,0,0,6.134,25.622,8,5,14
0.30948,0,0,4.042,24.911,8,5,15
0.379035,0,0.452396,2.29,24.052,8,5,16
0.496317,0,0.649999,0.867,22.76,8,5,17
0.451832,0,0.561859,0.095,21.415,8,5,18
0.385689,0,0.550565,0,20.593,8,5,19
0.371732,0,0,0,20.324,8,5,20
0.373223,0,0,0,20.172,8,5,21
0.302898,0,0,0,20.137,8,5,22
0.221346,0,2.092417,0,20.14,8,5,23
0.189026,0,0.88977,0,20.129,8,6,0
0.172257,0,0,0,20.072,8,6,1
0.159676,0,0.526628,0,19.914,8,6,2
0.15532,0,0,0,19.738,8,6,3
0.161555,0,0,0,19.752,8,6,4
0.18452,0,0,0.233,20.235,8,6,5
0.274542,0,0,1.285,21.442,8,6,6
0.309061,0,0,3.733,22.686,8,6,7
0.312672,0,1.786364,5.634,23.879,8,6,8
0.312107,0,5.273124,7.046,24.618,8,6,9
0.301585,0,0,7.948,25.18,8,6,10
0.311742,0,0,8.347,25.647,8,6,11
0.323585,0,0,8.252,25.875,8,6,12
0.309488,0,0,7.674,25.861,8,6,13
0.319607,0,0.392157,6.118,25.537,8,6,14
0.36516,0,0,3.779,24.929,8,6,15
0.379035,0,0,1.681,24.087,8,6,16
0.496317,0,0,0.605,23.172,8,6,17
0.451832,0,0,0.131,22.096,8,6,18
0.385689,0,0.400293,0,20.962,8,6,19
0.371732,0,0,0,20.614,8,6,20
0.373223,0,0,0,20.415,8,6,21
0.302898,0,0.620505,0,20.262,8,6,22
0.221346,0,0.664558,0,20.121,8,6,23
0.189026,0,0,0,19.938,8,7,0
0.172257,0,0,0,19.574,8,7,1
0.159676,0,0.026513,0,19.172,8,7,2
0.15532,0,0.366445,0,18.994,8,7,3
0.161555,0,0,0,18.581,8,7,4
0.18452,0,0,0.392,19.088,8,7,5
0.274542,0,0,1.785,20.251,8,7,6
0.309061,0,0,3.762,22.139,8,7,7
0.33187,0,0,5.557,23.609,8,7,8
0.312107,0,0.422035,6.926,24.614,8,7,9
0.301585,0,0.809133,6.761,25.135,8,7,10
0.311742,0,3.620524,6.623,25.535,8,7,11
0.323585,0,0.498097,6.981,26.044,8,7,12
0.309488,0,1.565181,7.142,26.417,8,7,13
0.319607,0,0,6.138,26.486,8,7,14
0.419052,0,0,3.769,26.207,8,7,15
0.379035,0,0,2.265,25.861,8,7,16
0.496317,0,0,0.965,25.349,8,7,17
0.451832,0,0,0.112,24.069,8,7,18
0.385689,0,0.476323,0,23.219,8,7,19
0.371732,0,0,0,22.944,8,7,20
0.373223,0,0,0,22.567,8,7,21
0.378484,0,0,0,22.072,8,7,22
0.221346,0,2.290187,0,21.642,8,7,23
0.189026,0,0.392229,0,21.263,8,8,0
0.172257,0,0,0,20.893,8,8,1
0.159676,0,0,0,20.53,8,8,2
0.15532,0,0,0,20.163,8,8,3
0.161555,0,0,0,19.914,8,8,4
0.18452,0,0,0.305,20.437,8,8,5
0.274542,0,1.220816,1.43,21.431,8,8,6
0.309061,0,0,2.478,22.596,8,8,7
0.312672,0,0,4.319,23.905,8,8,8
0.312107,0,0,5.983,25.164,8,8,9
0.301585,0,0,6.554,26.055,8,8,10
0.311742,0,0,5.535,26.384,8,8,11
0.323585,0,0.443346,5.145,26.574,8,8,12
0.309488,0,0,3.366,26.312,8,8,13
0.319607,0,0,1.88,25.789,8,8,14
0.30948,0,0.392098,1.411,25.192,8,8,15
0.379035,0,0,2.166,24.906,8,8,16
0.496317,0,0,1.055,24.104,8,8,17
0.451832,0,1.040055,0.113,22.595,8,8,18
0.385689,0,2.690491,0,21.419,8,8,19
0.371732,0,1.85032,0,20.945,8,8,20
0.373223,0,0,0,20.448,8,8,21
0.302898,0,0,0,20.303,8,8,22
0.221346,0,0,0,20.237,8,8,23
0.189026,0,0,0,20.403,8,9,0
0.172257,0,0,0,20.282,8,9,1
0.159676,0,0,0,20.225,8,9,2
0.15532,0,0,0,20.331,8,9,3
0.161555,0,0,0,20.336,8,9,4
0.18452,0,0.392233,0.11,20.599,8,9,5
0.274542,0,1.281854,0.493,21.027,8,9,6
0.309061,0,0,1.302,21.576,8,9,7
0.3363,0,1.469326,2.126,22.331,8,9,8
0.312107,0,0,2.768,23.044,8,9,9
0.301585,0,0.39215,3.913,23.831,8,9,10
0.311742,0,1.092969,5.28,24.72,8,9,11
0.323585,0,0.311225,5.107,25.295,8,9,12
0.309488,0,0,3.635,25.499,8,9,13
0.319607,0,0,3.182,25.702,8,9,14
0.30948,0,0,2.956,25.713,8,9,15
0.379035,0,0,1.903,25.42,8,9,16
0.496317,0,0,0.752,24.845,8,9,17
0.451832,0,0.433791,0.062,23.828,8,9,18
0.385689,0,0,0,23.256,8,9,19
0.371732,0,0.396586,0,22.999,8,9,20
0.373223,0,0,0,22.706,8,9,21
0.302898,0,0,0,22.454,8,9,22
0.221346,0,0,0,22.273,8,9,23
0.189026,0,0,0,22.09,8,10,0
0.172257,0,0,0,21.893,8,10,1
0.159676,0,0.429228,0,21.658,8,10,2
0.15532,0,0,0,21.408,8,10,3
0.161555,0,0,0,21.151,8,10,4
0.18452,0,0,0.342,21.407,8,10,5
0.274542,0,0,1.697,22.306,8,10,6
0.309061,0,0.501839,3.595,23.524,8,10,7
0.312672,0,0,5.313,24.645,8,10,8
0.312107,0,0,6.663,25.58,8,10,9
0.301585,0,0,7.569,26.333,8,10,10
0.311742,0,0.392079,7.863,26.861,8,10,11
0.369157,0,0,7.022,26.974,8,10,12
0.309488,0,0.44089,5.385,26.748,8,10,13
0.319607,0,0,3.511,26.188,8,10,14
0.30948,0,0,3.084,25.672,8,10,15
0.379035,0,0.435438,1.996,24.898,8,10,16
0.496317,0,0,0.957,23.965,8,10,17
0.451832,0,0.518646,0.08,22.801,8,10,18
0.385689,0,0.152874,0,21.939,8,10,19
0.371732,0,1.060391,0,21.355,8,10,20
0.467113,0,0.446279,0,20.98,8,10,21
0.360763,0,0,0,20.816,8,10,22
0.221346,0,0,0,20.665,8,10,23
0.189026,0,0,0,20.501,8,11,0
0.172257,0,0,0,20.255,8,11,1
0.159676,0,0.392182,0,19.966,8,11,2
0.15532,0,0,0,19.629,8,11,3
0.161555,0,0,0,19.341,8,11,4
0.18452,0,0,0.325,20.005,8,11,5
0.274542,0,0,1.749,21.222,8,11,6
0.309061,0,0.463302,3.814,22.595,8,11,7
0.312672,0,0,5.654,23.784,8,11,8
0.312107,0,0.980672,7.058,24.573,8,11,9
0.301585,0,0.69122,7.941,25.121,8,11,10
0.311742,0,0.31624,8.328,25.488,8,11,11
0.406742,0,0,8.153,25.692,8,11,12
0.309488,0,0,7.458,25.715,8,11,13
0.319607,0,0,6.32,25.542,8,11,14
0.30948,0,0,4.767,25.141,8,11,15
0.379035,0,0,3.016,24.506,8,11,16
0.496317,0,0.419627,1.189,23.502,8,11,17
0.451832,0,0,0.091,21.88,8,11,18
0.385689,0,0.432425,0,20.703,8,11,19
0.371732,0,0,0,20.454,8,11,20
0.373223,0,0.499597,0,20.54,8,11,21
0.302898,0,0,0,20.523,8,11,22
0.221346,0,0,0,20.465,8,11,23
0.189026,0,0,0,20.297,8,12,0
0.172257,0,0,0,19.991,8,12,1
0.159676,0,0,0,19.719,8,12,2
0.15532,0,0,0,19.399,8,12,3
0.161555,0,0,0,18.982,8,12,4
0.18452,0,0,0.31,19.37,8,12,5
0.274542,0,0,1.733,20.851,8,12,6
0.309061,0,0,3.826,21.639,8,12,7
0.312672,0,0.392151,5.681,22.277,8,12,8
0.312107,0,0,7.083,22.795,8,12,9
0.301585,0,0,7.957,23.247,8,12,10
0.311742,0,0,8.432,23.647,8,12,11
0.323585,0,0,8.391,23.947,8,12,12
0.309488,0,0,7.836,24.138,8,12,13
0.319607,0,0,6.696,24.197,8,12,14
0.30948,0,0,5.154,24.017,8,12,15
0.379035,0,0,3.21,23.633,8,12,16
0.496317,0,0,1.227,23.081,8,12,17
0.451832,0,0,0.114,21.895,8,12,18
0.385689,0,0,0,20.858,8,12,19
0.371732,0,0,0,20.262,8,12,20
0.373223,0,0,0,19.931,8,12,21
0.302898,0,0,0,19.681,8,12,22
0.221346,0,0,0,19.392,8,12,23
0.189026,0,0,0,19.111,8,13,0
0.172257,0,0,0,18.856,8,13,1
0.159676,0,0,0,18.651,8,13,2
0.15532,0,0,0,18.421,8,13,3
0.161555,0,0,0,18.231,8,13,4
0.18452,0,0.392276,0.337,18.783,8,13,5
0.274542,0,0,1.736,20.122,8,13,6
0.309061,0,0,2.104,21.627,8,13,7
0.312672,0,0,2.015,22.998,8,13,8
0.312107,0,0,2.114,23.824,8,13,9
0.301585,0,0,2.787,24.649,8,13,10
0.311742,0,0,3.99,25.576,8,13,11
0.323585,0,0,5.029,26.39,8,13,12
0.309488,0,0,6.403,27.075,8,13,13
0.319607,0,0,5.792,27.32,8,13,14
0.30948,0,0,4.038,27.063,8,13,15
0.379035,0,0,2.194,26.434,8,13,16
0.496317,0,0,0.703,25.41,8,13,17
0.451832,0,0,0.05,24.131,8,13,18
0.385689,0,0,0,23.126,8,13,19
0.371732,0,0,0,22.619,8,13,20
0.373223,0,0,0,22.295,8,13,21
0.302898,0,0,0,21.98,8,13,22
0.221346,0,0,0,21.744,8,13,23
0.189026,0,0,0,21.84,8,14,0
0.172257,0,0,0,21.784,8,14,1
0.159676,0,0.392145,0,21.697,8,14,2
0.15532,0,0,0,21.448,8,14,3
0.161555,0,0,0,21.325,8,14,4
0.18452,0,0,0.079,21.334,8,14,5
0.274542,0,0,0.533,21.708,8,14,6
0.309061,0,0,1.155,22.415,8,14,7
0.312672,0,0,1.709,23.411,8,14,8
0.312107,0,0,2.365,24.262,8,14,9
0.301585,0,0,3.202,25.104,8,14,10
0.311742,0,0,3.993,26.077,8,14,11
0.323585,0,0,4.739,27.134,8,14,12
0.309488,0,0,5.629,28.195,8,14,13
0.319607,0,0,5.412,28.872,8,14,14
0.30948,0,0,4.222,29.03,8,14,15
0.379035,0,0,2.624,28.776,8,14,16
0.496317,0,0,1.067,27.674,8,14,17
0.451832,0,0,0.067,25.766,8,14,18
0.385689,0,0,0,24.81,8,14,19
0.371732,0,0,0,24.334,8,14,20
0.373223,0,0,0,23.774,8,14,21
0.302898,0,0,0,23.012,8,14,22
0.221346,0,0.392193,0,22.2,8,14,23
0.189026,0,0,0,21.42,8,15,0
0.172257,0,0,0,20.703,8,15,1
0.159676,0,0,0,20.102,8,15,2
0.15532,0,0,0,19.696,8,15,3
0.161555,0,0,0,19.581,8,15,4
0.18452,0,0,0.278,20.157,8,15,5
0.274542,0,0,1.651,21.216,8,15,6
0.309061,0,0,3.631,22.474,8,15,7
0.312672,0,0,5.405,24.752,8,15,8
0.312107,0,0,6.717,27.016,8,15,9
0.301585,0,0,7.55,28.339,8,15,10
0.311742,0,0,7.891,29.052,8,15,11
0.323585,0,0,7.789,29.471,8,15,12
0.309488,0,0,7.035,29.626,8,15,13
0.319607,0,0,5.753,29.607,8,15,14
0.30948,0,0,4.192,29.352,8,15,15
0.379035,0,0,2.501,28.856,8,15,16
0.496317,0,0,1.006,28.128,8,15,17
0.451832,0,0,0.061,26.566,8,15,18
0.385689,0,0.392152,0,25.315,8,15,19
0.371732,0,0,0,24.547,8,15,20
0.373223,0,0,0,23.974,8,15,21
0.302898,0,0,0,23.543,8,15,22
0.221346,0,0,0,23.18,8,15,23
0.189026,0,0,0,22.793,8,16,0
0.172257,0,0,0,22.337,8,16,1
0.159676,0,0,0,21.841,8,16,2
0.15532,0,0,0,21.39,8,16,3
0.161555,0,0,0,21.053,8,16,4
0.18452,0,0,0.259,21.49,8,16,5
0.274542,0,0,1.594,22.639,8,16,6
0.309061,0,0,3.473,24.173,8,16,7
0.312672,0,0,5.12,26.486,8,16,8
0.312107,0,0,6.382,27.618,8,16,9
0.301585,0,0,7.11,28.316,8,16,10
0.311742,0,0,7.456,28.86,8,16,11
0.323585,0,0,7.586,29.268,8,16,12
0.309488,0,0,7.18,29.457,8,16,13
0.319607,0,0,6.146,29.366,8,16,14
0.30948,0,0.392155,4.682,29.075,8,16,15
0.379035,0,0,2.871,28.521,8,16,16
0.496317,0,0,1.077,27.583,8,16,17
0.451832,0,0,0.064,25.823,8,16,18
0.385689,0,0,0,24.821,8,16,19
0.371732,0,0,0,24.372,8,16,20
0.373223,0,0,0,24.024,8,16,21
0.302898,0,0,0,23.683,8,16,22
0.221346,0,0,0,23.23,8,16,23
0.189026,0,0,0,22.692,8,17,0
0.172257,0,0,0,22.149,8,17,1
0.159676,0,0,0,21.656,8,17,2
0.15532,0,0,0,21.266,8,17,3
0.161555,0,0,0,21.004,8,17,4
0.18452,0,0,0.201,21.462,8,17,5
0.274542,0,0,1.578,22.654,8,17,6
0.309061,0,0,3.515,24.32,8,17,7
0.312672,0,0,5.202,26.438,8,17,8
0.312107,0,0,6.499,27.491,8,17,9
0.301585,0,0,7.255,28.145,8,17,10
0.311742,0,0.392222,7.476,28.565,8,17,11
0.323585,0,0,7.21,28.737,8,17,12
0.309488,0,0,6.423,28.7,8,17,13
0.319607,0,0,5.032,28.444,8,17,14
0.30948,0,0,3.275,27.929,8,17,15
0.379035,0,0,1.822,27.204,8,17,16
0.496317,0,0,0.761,26.313,8,17,17
0.451832,0,0,0.032,25.03,8,17,18
0.385689,0,0,0,24.373,8,17,19
0.371732,0,0,0,23.911,8,17,20
0.373223,0,0,0,23.31,8,17,21
0.302898,0,0,0,22.756,8,17,22
0.221346,0,0,0,22.219,8,17,23
0.189026,0,0,0,21.839,8,18,0
0.172257,0,0,0,21.644,8,18,1
0.159676,0,0,0,21.563,8,18,2
0.15532,0,0,0,21.456,8,18,3
0.161555,0,0,0,21.334,8,18,4
0.18452,0,0,0.027,21.287,8,18,5
0.274542,0,0,0.485,21.513,8,18,6
0.309061,0,0.373943,2.358,22.197,8,18,7
0.312672,0,0.018295,4.519,23.161,8,18,8
0.312107,0,0,6.041,24.23,8,18,9
0.301585,0,0,6.978,25.233,8,18,10
0.311742,0,0,7.364,25.987,8,18,11
0.323585,0,0,7.143,26.457,8,18,12
0.309488,0,0,6.275,26.696,8,18,13
0.319607,0,0,3.925,26.524,8,18,14
0.30948,0,0,2.431,26.246,8,18,15
0.379035,0,0,0.904,25.64,8,18,16
0.496317,0,0,0.22,24.907,8,18,17
0.451832,0,0,0,24.451,8,18,18
0.385689,0,0,0,24.234,8,18,19
0.371732,0,0,0,23.939,8,18,20
0.373223,0,0,0,23.361,8,18,21
0.302898,0,0,0,22.858,8,18,22
0.221346,0,0,0,22.58,8,18,23
0.189026,0,0,0,22.334,8,19,0
0.172257,0,0,0,22.294,8,19,1
0.159676,0,0,0,22.282,8,19,2
0.15532,0,0,0,22.423,8,19,3
0.161555,0,0.392195,0,22.476,8,19,4
0.18452,0,0,0.075,22.334,8,19,5
0.274542,0,0,1.06,22.618,8,19,6
0.309061,0,0,2.51,22.946,8,19,7
0.312672,0,0,4.437,22.911,8,19,8
0.312107,0,0,6.5,23.144,8,19,9
0.301585,0,0,7.738,23.34,8,19,10
0.311742,0,0,8.294,23.628,8,19,11
0.323585,0,0.411442,8.168,23.833,8,19,12
0.309488,0,0,7.618,23.85,8,19,13
0.319607,0,0.446474,5.957,23.534,8,19,14
0.30948,0,0,3.587,22.961,8,19,15
0.379035,0,0,1.926,22.206,8,19,16
0.496317,0,0,0.798,21.249,8,19,17
0.897779,0,0.949831,0.015,20.065,8,19,18
0.385689,0,0,0,19.035,8,19,19
0.371732,0,0.484943,0,18.13,8,19,20
0.373223,0,0,0,17.436,8,19,21
0.302898,0,0,0,17.16,8,19,22
0.221346,0,0,0,16.812,8,19,23
0.189026,0,0,0,16.777,8,20,0
0.172257,0,0,0,16.645,8,20,1
0.159676,0,0,0,16.367,8,20,2
0.15532,0,0,0,15.962,8,20,3
0.161555,0,0,0,15.628,8,20,4
0.18452,0,0,0.152,15.5,8,20,5
0.274542,0,0.39718,1.638,16.211,8,20,6
0.309061,0,0,3.805,17.26,8,20,7
0.312672,0,0,5.764,18.219,8,20,8
0.312107,0,0,7.226,19.154,8,20,9
0.301585,0,0,8.227,20.132,8,20,10
0.394442,0,0.451167,8.696,21.007,8,20,11
0.3755,0,0,8.601,21.707,8,20,12
0.309488,0,0,7.99,22.204,8,20,13
0.319607,0,0.630736,6.821,22.505,8,20,14
0.30948,0,0.545892,5.183,22.64,8,20,15
0.379035,0,0,2.956,22.49,8,20,16
0.496317,0,0.399156,1.091,21.872,8,20,17
0.451832,0,0,0.041,20.011,8,20,18
0.385689,0,0,0,18.84,8,20,19
0.371732,0,0.633659,0,18.182,8,20,20
0.373223,0,0,0,17.575,8,20,21
0.302898,0,0,0,17.026,8,20,22
0.221346,0,0,0,16.526,8,20,23
0.189026,0,0,0,16.093,8,21,0
0.172257,0,0,0,15.734,8,21,1
0.159676,0,0,0,15.412,8,21,2
0.15532,0,0,0,15.147,8,21,3
0.161555,0,0,0,14.948,8,21,4
0.18452,0,0,0.138,15.434,8,21,5
0.274542,0,0,1.66,17.548,8,21,6
0.309061,0,0,3.804,19.312,8,21,7
0.312672,0,2.36371,5.684,22.11,8,21,8
0.312107,0,0.111719,6.97,23.897,8,21,9
0.331619,0,0,7.963,24.743,8,21,10
0.311742,0,0.490579,8.333,25.396,8,21,11
0.834277,0,1.030872,8.122,25.802,8,21,12
0.343287,0,0,7.273,25.963,8,21,13
0.319607,0,0,6.038,25.912,8,21,14
0.30948,0,0.492092,4.461,25.7,8,21,15
0.379035,0,2.64148,2.397,25.214,8,21,16
0.496317,0,0.220767,0.8,24.326,8,21,17
0.451832,0,0,0.022,22.962,8,21,18
0.385689,0,0.459442,0,22.286,8,21,19
0.371732,0,0,0,21.649,8,21,20
0.373223,0,0,0,20.902,8,21,21
0.302898,0,0,0,20.218,8,21,22
0.221346,0,0.396045,0,19.53,8,21,23
0.189026,0,0,0,18.858,8,22,0
0.172257,0,0,0,18.189,8,22,1
0.159676,0,0,0,17.548,8,22,2
0.15532,0,0,0,17.013,8,22,3
0.161555,0,0,0,16.653,8,22,4
0.18452,0,0,0.136,16.916,8,22,5
0.274542,0,0,1.621,18.394,8,22,6
0.309061,0,0,3.749,20.091,8,22,7
0.312672,0,0,5.634,22.895,8,22,8
0.312107,0,0,7.065,24.383,8,22,9
0.301585,0,0,7.989,25.073,8,22,10
0.311742,0,0.536892,8.389,25.521,8,22,11
0.323585,0,0,8.18,25.708,8,22,12
0.309488,0,0,7.09,25.648,8,22,13
0.319607,0,0,5.743,25.474,8,22,14
0.30948,0,0,4.019,25.109,8,22,15
0.379035,0,0,2.162,24.502,8,22,16
0.496317,0,0,0.715,23.499,8,22,17
0.451832,0,0.878207,0.017,22.033,8,22,18
0.385689,0,1.588691,0,21.215,8,22,19
0.856107,0,0.507919,0,20.599,8,22,20
0.461427,0,0.424882,0,20.118,8,22,21
0.302898,0,0,0,19.866,8,22,22
0.221346,0,0,0,19.431,8,22,23
0.189026,0,0,0,18.898,8,23,0
0.172257,0,0,0,18.825,8,23,1
0.159676,0,0,0,18.891,8,23,2
0.15532,0,0,0,18.991,8,23,3
0.161555,0,0,0,19.066,8,23,4
0.18452,0,0,0.106,19.371,8,23,5
0.274542,0,0,1.007,20.321,8,23,6
0.309061,0,0,2.307,21.7,8,23,7
0.312672,0,0.410701,3.246,22.852,8,23,8
0.312107,0,0,3.038,23.019,8,23,9
0.301585,0,0,3.132,22.625,8,23,10
0.311742,0,0,6.454,23.111,8,23,11
0.323585,0,0,7.978,23.958,8,23,12
0.309488,0,0,7.603,24.36,8,23,13
0.335206,0,0.536157,6.552,24.33,8,23,14
0.30948,0,0.735011,4.927,24.076,8,23,15
0.379035,0,2.856469,2.953,23.644,8,23,16
0.496317,0,1.515259,1.012,22.773,8,23,17
0.451832,0,1.463705,0.022,20.994,8,23,18
0.385689,0,0,0,20.023,8,23,19
0.371732,0,0,0,19.08,8,23,20
0.373223,0,0,0,18.153,8,23,21
0.302898,0,0,0,17.293,8,23,22
0.221346,0,0.444386,0,16.519,8,23,23
0.189026,0,0,0,15.894,8,24,0
0.172257,0,0,0,15.373,8,24,1
0.159676,0,0,0,14.872,8,24,2
0.15532,0,0,0,14.353,8,24,3
0.161555,0,0,0,13.886,8,24,4
0.18452,0,0,0.105,13.69,8,24,5
0.274542,0,0.489643,1.682,14.755,8,24,6
0.309061,0,0,3.928,17.216,8,24,7
0.312672,0,3.985287,5.908,19.311,8,24,8
0.312107,0,2.207031,7.395,20.466,8,24,9
0.301585,0,0.413643,8.344,21.277,8,24,10
0.311742,0,0,8.743,21.995,8,24,11
0.323585,0,0,8.627,22.599,8,24,12
0.309488,0,0,7.988,23.033,8,24,13
0.319607,0,0,6.842,23.206,8,24,14
0.30948,0,0,4.797,22.969,8,24,15
0.379035,0,0,2.503,22.29,8,24,16
0.496317,0,0,0.685,21.099,8,24,17
0.451832,0,0.412579,0.007,19.59,8,24,18
0.385689,0,0,0,18.318,8,24,19
0.371732,0,0,0,17.23,8,24,20
0.542066,0,0.53638,0,16.341,8,24,21
0.700379,0,0.484372,0,15.627,8,24,22
0.241376,0,0,0,15.266,8,24,23
0.189026,0,0,0,15.133,8,25,0
0.172257,0,0,0,15.027,8,25,1
0.159676,0,0,0,14.91,8,25,2
0.202036,0,0,0,14.739,8,25,3
0.200825,0,0,0,14.53,8,25,4
0.18452,0,0.392154,0.115,14.573,8,25,5
0.274542,0,0,1.544,15.7,8,25,6
0.309061,0,0,3.734,16.919,8,25,7
0.312672,0,0.430573,5.757,17.83,8,25,8
0.312107,0,0.400849,7.217,18.638,8,25,9
0.301585,0,0,8.149,19.492,8,25,10
0.311742,0,0,8.159,20.38,8,25,11
0.323585,0,1.667781,8.11,21.196,8,25,12
0.309488,0,0,7.488,21.842,8,25,13
0.319607,0,0,5.891,22.133,8,25,14
0.30948,0,0.591224,3.929,22.049,8,25,15
0.379035,0,0.489084,2.177,21.683,8,25,16
0.496317,0,0,0.759,21.015,8,25,17
0.451832,0,0,0.009,19.851,8,25,18
0.385689,0,1.832501,0,19.163,8,25,19
0.371732,0,1.526584,0,18.56,8,25,20
0.455964,0,0,0,18,8,25,21
0.305019,0,0.392109,0,17.518,8,25,22
0.221346,0,0,0,16.846,8,25,23
0.239465,0,0,0,16.202,8,26,0
0.172257,0,0,0,15.763,8,26,1
0.159676,0,0,0,15.398,8,26,2
0.15532,0,0,0,15.212,8,26,3
0.161555,0,0,0,15.072,8,26,4
0.18452,0,0,0.089,15.238,8,26,5
0.274542,0,0.410908,1.025,16.416,8,26,6
0.309061,0,0,2.094,17.062,8,26,7
0.322115,0,0,3.047,17.648,8,26,8
0.312107,0,0.398317,4.177,18.247,8,26,9
0.301585,0,0,5.823,18.89,8,26,10
0.311742,0,0,6.379,19.394,8,26,11
0.323585,0,0,6.395,19.718,8,26,12
0.309488,0,0.399592,6.881,19.982,8,26,13
0.319607,0,0,5.93,20.022,8,26,14
0.30948,0,0,4.619,19.83,8,26,15
0.379035,0,0,2.387,19.294,8,26,16
0.496317,0,0,0.837,18.55,8,26,17
0.451832,0,0.407441,0.009,17.205,8,26,18
0.385689,0,0,0,16.526,8,26,19
0.371732,0,0,0,16.284,8,26,20
0.373223,0,0,0,16.225,8,26,21
0.302898,0,0,0,16.168,8,26,22
0.221346,0,0.399446,0,16.127,8,26,23
0.189026,0,0,0,15.986,8,27,0
0.172257,0,0,0,15.832,8,27,1
0.159676,0,0,0,15.677,8,27,2
0.15532,0,0,0,15.409,8,27,3
0.161555,0,0,0,15.228,8,27,4
0.18452,0,0,0.104,15.304,8,27,5
0.274542,0,0,1.346,16.799,8,27,6
0.309061,0,0,2.938,18.016,8,27,7
0.312672,0,0,4.549,18.948,8,27,8
0.312107,0,0,6.007,19.833,8,27,9
0.301585,0,0,7.898,20.694,8,27,10
0.311742,0,0.495219,8.325,21.402,8,27,11
0.323585,0,0,7.889,21.826,8,27,12
0.309488,0,0,6.976,22.144,8,27,13
0.319607,0,0,5.48,22.312,8,27,14
0.30948,0,0,3.516,22.202,8,27,15
0.397797,0,0.432997,1.876,21.819,8,27,16
0.496317,0,0,0.663,20.915,8,27,17
0.451832,0,0,0.006,19.018,8,27,18
0.385689,0,0,0,18.098,8,27,19
0.371732,0,0,0,17.82,8,27,20
0.373223,0,0,0,17.678,8,27,21
0.302898,0,0,0,17.571,8,27,22
0.221346,0,0.521581,0,17.415,8,27,23
0.189026,0,0,0,17.215,8,28,0
0.172257,0,0,0,17.05,8,28,1
0.159676,0,0,0,16.747,8,28,2
0.15532,0,0,0,16.25,8,28,3
0.161555,0,0,0,15.869,8,28,4
0.18452,0,0,0.097,15.786,8,28,5
0.274542,0,0,1.195,16.889,8,28,6
0.309061,0,0,2.311,17.976,8,28,7
0.312672,0,0,2.748,19.408,8,28,8
0.312107,0,0,3.339,21.285,8,28,9
0.301585,0,0,3.196,22.337,8,28,10
0.696703,0,0.559667,2.991,22.721,8,28,11
0.405845,0,0.367291,2.254,22.786,8,28,12
0.309488,0,0,1.676,22.689,8,28,13
0.319607,0,0,1.343,22.55,8,28,14
0.882532,0,0.960471,0.933,22.333,8,28,15
0.379035,0,0,0.482,21.93,8,28,16
0.496317,0,0,0.136,21.29,8,28,17
0.451832,0,0,0,20.667,8,28,18
0.385689,0,0.452928,0,20.408,8,28,19
0.371732,0,0,0,20.177,8,28,20
0.373223,0,0,0,19.753,8,28,21
0.302898,0,0,0,19.202,8,28,22
0.221346,0,0,0,18.684,8,28,23
0.189026,0,0,0,18.291,8,29,0
0.172257,0,0,0,18.004,8,29,1
0.159676,0,0,0,17.832,8,29,2
0.15532,0,0,0,17.743,8,29,3
0.161555,0,0,0,17.58,8,29,4
0.18452,0,0,0.005,17.556,8,29,5
0.274542,0,2.021541,0.189,17.753,8,29,6
0.309061,0,0,0.541,18.143,8,29,7
0.312672,0,0,1.717,18.961,8,29,8
0.312107,0,0.460194,2.629,20.019,8,29,9
0.328791,0,0,3.211,21.007,8,29,10
0.311742,0,0,3.598,21.991,8,29,11
0.323585,0,0,4.414,23.079,8,29,12
0.309488,0,0.572285,3.997,23.864,8,29,13
0.319607,0,0,3.215,24.332,8,29,14
0.30948,0,0,2.376,24.295,8,29,15
0.379035,0,0.495936,1.326,23.624,8,29,16
0.496317,0,0,0.39,22.527,8,29,17
0.451832,0,0,0,21.285,8,29,18
0.385689,0,0,0,20.696,8,29,19
0.371732,0,0,0,20.309,8,29,20
0.379047,0,0,0,20.082,8,29,21
0.302898,0,0,0,19.845,8,29,22
0.221346,0,0,0,19.542,8,29,23
0.189026,0,0,0,19.214,8,30,0
0.172257,0,0,0,18.948,8,30,1
0.159676,0,0,0,18.743,8,30,2
0.15532,0,0,0,18.615,8,30,3
0.161555,0,0,0,18.546,8,30,4
0.18452,0,0.392217,0.054,18.685,8,30,5
0.274542,0,0,0.952,19.635,8,30,6
0.309061,0,0.395416,2.35,20.23,8,30,7
0.312672,0,0,4.078,21.028,8,30,8
0.312107,0,0,6.099,22.078,8,30,9
0.301585,0,0,7.229,23.058,8,30,10
0.311742,0,0,7.797,23.861,8,30,11
0.323585,0,0.477456,7.954,24.54,8,30,12
0.309488,0,2.762555,7.278,25.036,8,30,13
0.319607,0,0.731255,6.117,25.312,8,30,14
1.160312,0,1.163797,4.368,25.154,8,30,15
0.451908,0,0,2.367,24.54,8,30,16
0.496317,0,0.408971,0.666,23.412,8,30,17
0.451832,0,0,0,21.812,8,30,18
0.926796,0,1.520306,0,20.695,8,30,19
0.371732,0,0,0,19.883,8,30,20
0.373223,0,0.521637,0,19.538,8,30,21
0.302898,0,0,0,19.358,8,30,22
0.221346,0,0,0,19.188,8,30,23
0.189026,0,0,0,19.071,8,31,0
0.172257,0,0,0,18.987,8,31,1
0.159676,0,0,0,18.938,8,31,2
0.15532,0,0,0,18.934,8,31,3
0.161555,0,0,0,19.06,8,31,4
0.18452,0,0.39222,0.051,19.263,8,31,5
0.274542,0,0,1.002,19.949,8,31,6
0.309061,0,2.102748,2.611,21.161,8,31,7
0.353252,0,0,4.258,23.206,8,31,8
0.347924,0,0,5.611,24.664,8,31,9
0.301585,0,0,6.515,25.727,8,31,10
0.311742,0,0,6.922,26.686,8,31,11
0.323585,0,0.485216,6.595,27.441,8,31,12
0.309488,0,0,6.019,27.926,8,31,13
0.319607,0,0,4.989,28.189,8,31,14
0.30948,0,0,3.562,28.21,8,31,15
0.379035,0,0,1.94,27.866,8,31,16
0.496317,0,0,0.547,26.617,8,31,17
0.978553,0,0.930929,0,25.07,8,31,18
0.385689,0,0,0,24.346,8,31,19
0.371732,0,0,0,23.718,8,31,20
0.373223,0,1.878584,0,23.055,8,31,21
0.302898,0,0.410143,0,22.518,8,31,22
0.221346,0,0,0,22.121,8,31,23
