Temp_FH,Vol_HW,Soc_B,V_HW_plus,V_HW_minus,T_FH_plus,T_FH_minus,profits,COP_FH,COP_HW,PV_DE,B_DE,GR_DE,PV_B,PV_GR,PV_HP,GR_HP,B_HP,HP_FH,HP_HW,month,day,hour,horizon,FH,HW,B,,,
21.5,100,5,0,0,0,0,0,4.887214286,3.815785714,0,0.189816,0,0,0,0,0,0,0,0,6,16,0,360,FALSE,FALSE,FALSE,FH max,HW max,B max
21.49325,99.32877025,4.806160206,0,0,0,0,0,4.821785714,3.750357143,0,0.172998,0,0,0,0,0,0,0,0,6,16,1,360,FALSE,FALSE,FALSE,0,180,3.208127242
21.4865,91.13623854,4.629487451,0,0,0,0,0,4.741285714,3.669857143,0,0.160418,0,0,0,0,0,0,0,0,6,16,2,360,FALSE,FALSE,FALSE,,,
21.47975,90.46500878,4.465656732,0,0,0,0,0,4.684,3.612571429,0,0.156037,0,0,0,0,0,0,0,0,6,16,3,360,FALSE,FALSE,FALSE,,,
21.473,89.79377903,4.306301335,0,0,0,0,0,4.659071429,3.587642857,0.032,0.130272,0,0,0,0,0,0,0,0,6,16,4,360,FALSE,FALSE,FALSE,,,
21.46625,89.12254928,4.173241535,0,0,0,0,0.049577201,4.687071429,3.615642857,0.185228,0,0,0,0.495772,0,0,0,0,0,6,16,5,360,FALSE,FALSE,FALSE,,,
21.4595,88.45131952,4.173116338,0,0,0,0,0.175476703,4.754785714,3.683357143,0.275233,0,0,0,1.754767,0,0,0,0,0,6,16,6,360,FALSE,FALSE,FALSE,,,
21.45275,79.67943983,4.172991144,0,0,0,0,0.371926706,4.845857143,3.774428571,0.309733,0,0,0,3.719267,0,0,0,0,0,6,16,7,360,FALSE,FALSE,FALSE,,,
21.446,79.00821008,4.172865954,0,0,0,0,0.544597808,4.923785714,3.852357143,0.391022,0,0,0,5.445978,0,0,0,0,0,6,16,8,360,FALSE,FALSE,FALSE,,,
21.43925,78.33698032,4.172740768,0,0,0,0,0.69942461,4.967428571,3.896,0.312754,0,0,0,6.994246,0,0,0,0,0,6,16,9,360,FALSE,FALSE,FALSE,,,
21.4325,59.12310543,4.172615586,0,0,0,0,0.792371912,4.985714286,3.914285714,0.302281,0,0,0,7.923719,0,0,0,0,0,6,16,10,360,FALSE,FALSE,FALSE,,,
21.42575,44.62243323,4.172490408,0,0,0,0,0.708958677,4.988785714,3.917357143,0.312397,0,0,0,7.089586661,1.204016339,0,0,0,1.204016339,6,16,11,360,FALSE,TRUE,FALSE,,,
21.419,101.4118647,4.172365233,0,0,0,0,0.813179412,4.980071429,3.908642857,0.324206,0,0,0,8.131794,0,0,0,0,0,6,16,12,360,FALSE,FALSE,FALSE,,,
21.41225,100.740635,4.172240062,0,0,0,0,0.747780111,4.958571429,3.887142857,0.310199,0,0,0,7.477801,0,0,0,0,0,6,16,13,360,FALSE,FALSE,FALSE,,,
21.4055,100.0694052,4.172114895,0,0,0,0,0.630080409,4.925,3.853571429,0.320196,0,0,0,6.300804,0,0,0,0,0,6,16,14,360,FALSE,FALSE,FALSE,,,
21.39875,90.58199462,4.171989731,0,0,0,0,0.462396307,4.885,3.813571429,0.328037,0,0,0,4.623963,0,0,0,0,0,6,16,15,360,FALSE,FALSE,FALSE,,,
21.392,89.53539401,4.171864572,0,0,0,0,0.280445704,4.836642857,3.765214286,0.461543,0,0,0,2.804457,0,0,0,0,0,6,16,16,360,FALSE,FALSE,FALSE,,,
21.38525,88.86416426,4.171739416,0,0,0,0,0.109811502,4.764,3.692571429,0.547885,0,0,0,1.098115,0,0,0,0,0,6,16,17,360,FALSE,FALSE,FALSE,,,
21.3785,78.74495385,4.171614264,0,0,0,0,0.009905,4.665357143,3.593928571,0.44695,0,0,0,0.09905,0,0,0,0,0,6,16,18,360,FALSE,FALSE,FALSE,,,
21.37174999,69.53974741,4.171489115,0,0,0,0,0,4.575,3.503571429,0,0.375793,0,0,0,0,0,0,0,0,6,16,19,360,FALSE,FALSE,FALSE,,,
21.36499999,68.86851765,3.787901729,0,0,0,0,0,4.541071429,3.469642857,0,0.357869,0,0,0,0,0,0,0,0,6,16,20,360,FALSE,FALSE,FALSE,,,
21.35824999,68.1972879,3.422615647,0,0,0,0,0,4.5285,3.457071429,0,0.362047,0,0,0,0,0,0,0,0,6,16,21,360,FALSE,FALSE,FALSE,,,
21.35149999,67.52605815,3.053077257,0,0,0,0,0,4.524214286,3.452785714,0,0.301347,0,0,0,0,0,0,0,0,6,16,22,360,FALSE,FALSE,FALSE,,,
21.34474999,66.85482839,2.745488729,0,0,0,0,0,4.525285714,3.453857143,0,0.222128,0,0,0,0,0,0,0,0,6,16,23,360,FALSE,FALSE,FALSE,,,
21.33799999,66.18359864,2.518745142,0,0,0,0,0,4.536785714,3.465357143,0,0.189816,0,0,0,0,0,0,0,0,6,17,0,360,FALSE,FALSE,FALSE,,,
21.33124999,65.51236889,2.324979786,0,0,0,0,0,4.544928571,3.4735,0,0.172998,0,0,0,0,0,0,0,0,6,17,1,360,FALSE,FALSE,FALSE,,,
21.32449999,64.84113913,2.148381467,0,0,0,0,0,4.567071429,3.495642857,0,0.160418,0,0,0,0,0,0,0,0,6,17,2,360,FALSE,FALSE,FALSE,,,
21.31774999,64.16990938,1.98462518,0,0,0,0,0,4.590142857,3.518714286,0,0.156037,0,0,0,0,0,0,0,0,6,17,3,360,FALSE,FALSE,FALSE,,,
21.31099999,63.49867963,1.825344214,0,0,0,0,0,4.628785714,3.557357143,0.015,0.397949,0,0,0,0,0,0,0,0,6,17,4,360,FALSE,FALSE,FALSE,,,
21.30424999,54.30315807,1.41921905,0,0,0,0,0.0205772,4.687928571,3.6165,0.185228,0,0,0,0.205772,0,0,0,0,0,6,17,5,360,FALSE,FALSE,FALSE,,,
21.29749999,47.6273371,1.419176473,0,0,0,0,0.082876701,4.720928571,3.6495,0.275233,0,0,0,0.828767,0,0,0,0,0,6,17,6,360,FALSE,FALSE,FALSE,,,
21.29074999,43.91206125,1.419133898,0,0,0,0,0.133326702,4.745571429,3.674142857,0.309733,0,0,0,1.333267,0,0,0,0,0,6,17,7,360,FALSE,FALSE,FALSE,,,
21.28399999,43.2408315,1.419091324,0,0,0,0,0.132666402,4.770357143,3.698928571,0.313336,0,0,0,1.326664,0,0,0,0,0,6,17,8,360,FALSE,FALSE,FALSE,,,
21.27724999,42.56960175,1.419048751,0,0,0,0,0.158824602,4.793,3.721571429,0.312754,0,0,0,1.588246,0,0,0,0,0,6,17,9,360,FALSE,FALSE,FALSE,,,
21.27049999,32.79615137,1.41900618,0,0,0,0,0.219571903,4.812357143,3.740928571,0.302281,0,0,0,2.195719,0,0,0,0,0,6,17,10,360,FALSE,FALSE,FALSE,,,
21.26374999,22.68491901,1.418963609,0,0,0,0,0.288760304,4.844214286,3.772785714,0.312397,0,0,0,2.887603,0,0,0,0,0,6,17,11,360,FALSE,FALSE,FALSE,,,
21.25699999,22.01368926,1.418921041,0,0,0,0,0.327379405,4.888214286,3.816785714,0.324206,0,0,0,3.273794,0,0,0,0,0,6,17,12,360,FALSE,FALSE,FALSE,,,
21.25024999,21.34245951,1.418878473,0,0,0,0,0.318180105,4.9295,3.858071429,0.310199,0,0,0,3.181801,0,0,0,0,0,6,17,13,360,FALSE,FALSE,FALSE,,,
21.24349999,20.67122975,1.418835907,0,0,0,0,0.325480405,4.976642857,3.905214286,0.320196,0,0,0,3.254804,0,0,0,0,0,6,17,14,360,FALSE,FALSE,FALSE,,,
21.23674999,20,1.418793342,0,0,0,0,0.319088156,5.031,3.959571429,0.310149,0,0,0.20613015,3.19088151,0.008839341,0,0,0,0.008839341,6,17,15,360,FALSE,TRUE,TRUE,,,
21.22999999,20,1.620758329,0,0,0,0,0,5.065285714,3.993857143,0.378989,0,0,1.691986788,0,0.722024212,0,0,0,0.722024212,6,17,16,360,FALSE,TRUE,TRUE,,,
21.22324999,66.57861839,3.27885679,0,0,0,0,0,5.067785714,3.996357143,0.494534,0,0,0,0,0.888466,0,0,0,0.888466,6,17,17,360,FALSE,TRUE,FALSE,,,
21.21649999,124.0890741,3.278758424,0,0,0,0,0,5.0145,3.943071429,0.361,0.447139,0,0,0,0,0,0,0,0,6,17,18,360,FALSE,FALSE,FALSE,,,
21.20974999,105.2400222,2.82239578,0,0,0,0,0,4.924285714,3.852857143,0,0.713681,0,0,0,0,0,0,0,0,6,17,19,360,FALSE,FALSE,FALSE,,,
21.20299999,92.90304952,2.094065197,0,0,0,0,0,4.882642857,3.811214286,0,0.357869,0,0,0,0,0,0,0,0,6,17,20,360,FALSE,FALSE,FALSE,,,
21.19624999,35.0753983,1.72882993,0,0,0,0,0,4.872214286,3.800785714,0,0.362047,0,0,0,0,0,0,0,0,6,17,21,360,FALSE,FALSE,FALSE,,,
21.18949999,34.40416855,1.359342354,0,0,0,0,0,4.878571429,3.807142857,0,0.301347,0,0,0,0,0,0,0,0,6,17,22,360,FALSE,FALSE,FALSE,,,
21.18274999,33.7329388,1.051804638,0,0,0,0,0,4.894785714,3.823357143,0,0.222128,0,0,0,0,0,0,0,0,6,17,23,360,FALSE,FALSE,FALSE,,,
21.17599999,33.06170904,0.825111861,0,0,0,0,0,4.921,3.849571429,0,0.189816,0,0,0,0,0,0,0,0,6,18,0,360,FALSE,FALSE,FALSE,,,
21.16924999,32.39047929,0.631397314,0,0,0,0,0,4.944714286,3.873285714,0,0.172998,0,0,0,0,0,0,0,0,6,18,1,360,FALSE,FALSE,FALSE,,,
21.16249999,22.68491901,0.454849802,0,0,0,0,0,4.9535,3.882071429,0,0.160418,0,0,0,0,0,0,0,0,6,18,2,360,FALSE,FALSE,FALSE,,,
21.15574999,22.01368926,0.291144322,0,0,0,0,0,4.956,3.884571429,0,0.156037,0,0,0,0,0,0,0,0,6,18,3,360,FALSE,FALSE,FALSE,,,
21.14899999,21.34245951,0.13191416,0,0,0,0,0,4.958071429,3.886642857,0.033,0.129272,0,0,0,0,0,0,0,0,6,18,4,360,FALSE,FALSE,FALSE,,,
21.14224474,20.67122975,0,0,0,0,0,0.045577201,5.017928571,3.9465,0.185228,0,0,0,0.455772,0,0,0,0,0,6,18,5,360,FALSE,FALSE,FALSE,,,
21.13548844,20,0,0,0,0,0,0.159402764,5.076285714,4.004857143,0.275233,0,0,0,1.594027612,0.008739388,0,0,0,0.008739388,6,18,6,360,FALSE,TRUE,FALSE,,,
21.12665449,20,0,0,0,0,0,0.230159679,5.159785714,4.088357143,0.309733,0,0,0,2.301596752,0.803670248,0,0,0,0.803670248,6,18,7,360,FALSE,TRUE,FALSE,,,
21.11887593,20,0,0,0,0,0,0.462327868,5.245357143,4.173928571,0.313336,0,0,0,4.623278614,0.008385386,0,0,0,0.008385386,6,18,8,360,FALSE,TRUE,FALSE,,,
21.12562594,20,0,0,0,0,0,0.558498232,5.306785714,4.235357143,0.312754,0,0,0,5.584982234,0.008263766,0,0,0,0.008263766,6,18,9,360,FALSE,TRUE,FALSE,,,
21.13237594,20,0,0,0,0,0,0.607476649,5.347714286,4.276285714,0.302281,0,0,0,6.074766404,0.180952596,0,0,0,0.180952596,6,18,10,360,FALSE,TRUE,FALSE,,,
21.13912594,20,0,0,0,0,0,0.630645733,5.368142857,4.296714286,0.312397,0,0,0,6.306457241,0.008145759,0,0,0,0.008145759,6,18,11,360,FALSE,TRUE,FALSE,,,
21.14587594,20,0,0,0,0,0,0.442370504,5.372,4.300571429,0.324206,0,0,0,4.423704975,1.948089025,0,0,0,1.948089025,6,18,12,360,FALSE,TRUE,FALSE,,,
21.15262594,180,0,0,0,0,0,0.612964245,5.361357143,4.289928571,0.310199,0,0,0,6.129642356,0.008158644,0,0,0,0.008158644,6,18,13,360,FALSE,TRUE,FALSE,,,
21.15937594,180,0,0,0,0,0,0.504559524,5.346142857,4.274714286,0.365623,0,0,0,5.04559516,0.46678184,0,0,0,0.46678184,6,18,14,360,FALSE,TRUE,FALSE,,,
21.16612594,180,0,0,0,0,0,0.438062476,5.326071429,4.254642857,0.310149,0,0,0,4.380624693,0.008226307,0,0,0,0.008226307,6,18,15,360,FALSE,TRUE,FALSE,,,
21.17287594,180,0,0,0,0,0,0.099257888,5.293857143,4.222428571,0.378989,0,0,1.682143063,0.992578869,0.008289069,0,0,0,0.008289069,6,18,16,360,FALSE,TRUE,TRUE,,,
21.17962594,180,1.648500234,0,0,0,0,0,5.171714286,4.100285714,0.494534,0,0,0.942930009,0,0.008535991,0,0,0,0.008535991,6,18,17,360,FALSE,TRUE,TRUE,,,
21.18637594,180,2.572522206,0,0,0,0,0,4.932071429,3.860642857,0.342,0.10495,0,0,0,0,0,0,0,0,6,18,18,360,FALSE,FALSE,FALSE,,,
21.17962594,167.5605785,2.465353194,0,0,0,0,0,4.725142857,3.653714286,0,0.375793,0,0,0,0,0,0,0,0,6,18,19,360,FALSE,FALSE,FALSE,,,
21.17287594,166.8893487,2.081816993,0,0,0,0,0,4.638642857,3.567214286,0,0.357869,0,0,0,0,0,0,0,0,6,18,20,360,FALSE,FALSE,FALSE,,,
21.16612594,154.0028882,1.716582093,0,0,0,0,0,4.605571429,3.534142857,0,0.362047,0,0,0,0,0,0,0,0,6,18,21,360,FALSE,FALSE,FALSE,,,
21.15937594,153.3316584,1.347094884,0,0,0,0,0,4.587857143,3.516428571,0,0.301347,0,0,0,0,0,0,0,0,6,18,22,360,FALSE,FALSE,FALSE,,,
21.15262594,152.6604287,1.039557536,0,0,0,0,0,4.574142857,3.502714286,0,0.222128,0,0,0,0,0,0,0,0,6,18,23,360,FALSE,FALSE,FALSE,,,
21.14587594,151.9891989,0.812865127,0,0,0,0,0,4.564785714,3.493357143,0,0.189816,0,0,0,0,0,0,0,0,6,19,0,360,FALSE,FALSE,FALSE,,,
21.13912594,151.3179692,0.619150947,0,0,0,0,0,4.554714286,3.483285714,0,0.172998,0,0,0,0,0,0,0,0,6,19,1,360,FALSE,FALSE,FALSE,,,
21.13237594,150.6467394,0.442603802,0,0,0,0,0,4.542071429,3.470642857,0,0.160418,0,0,0,0,0,0,0,0,6,19,2,360,FALSE,FALSE,FALSE,,,
21.12561514,149.9755097,0.278898689,0,0,0,0,0,4.526928571,3.4555,0,0.156037,0,0,0,0,0,0,0,0,6,19,3,360,FALSE,FALSE,FALSE,,,
21.11885733,149.3042799,0.119668895,0,0,0,0,0,4.517571429,3.446142857,0.045,0.117272,0,0,0,0,0,0,0,0,6,19,4,360,FALSE,FALSE,FALSE,,,
21.11003178,148.6330502,0,0,0,0,0,0.052377201,4.559571429,3.488142857,0.185228,0,0,0,0.523772,0,0,0,0,0,6,19,5,360,FALSE,FALSE,FALSE,,,
21.10327353,147.9618204,0,0,0,0,0,0.191476703,4.633285714,3.561857143,0.275233,0,0,0,1.914767,0,0,0,0,0,6,19,6,360,FALSE,FALSE,FALSE,,,
21.09651663,84.64306875,0,0,0,0,0,0.332844105,4.707071429,3.635642857,0.844559,0,0,0,3.328441,0,0,0,0,0,6,19,7,360,FALSE,FALSE,FALSE,,,
21.08976663,44.24378293,0,0,0,0,0,0.544272208,4.773714286,3.702285714,0.531278,0,0,0,5.442722,0,0,0,0,0,6,19,8,360,FALSE,FALSE,FALSE,,,
21.08301663,36.04889233,0,0,0,0,0,0.70132461,4.828285714,3.756857143,0.312754,0,0,0,7.013246,0,0,0,0,0,6,19,9,360,FALSE,FALSE,FALSE,,,
21.07626663,35.37766258,0,0,0,0,0,0.787071912,4.873571429,3.802142857,0.302281,0,0,0,7.870719,0,0,0,0,0,6,19,10,360,FALSE,FALSE,FALSE,,,
21.06951663,25.41933635,0,0,0,0,0,0.819960312,4.893071429,3.821642857,0.312397,0,0,0,8.199603,0,0,0,0,0,6,19,11,360,FALSE,FALSE,FALSE,,,
21.06276663,24.7481066,0,0,0,0,0,0.606975321,4.8945,3.823071429,0.324206,0,0,0,6.069753119,1.858040881,0,0,0,1.858040881,6,19,12,360,FALSE,TRUE,FALSE,,,
21.05601663,160.3062726,0,0,0,0,0,0.726980111,4.888285714,3.816857143,0.310199,0,0,0,7.269801,0,0,0,0,0,6,19,13,360,FALSE,FALSE,FALSE,,,
21.04926663,155.2893672,0,0,0,0,0,0.601080409,4.870428571,3.799,0.320196,0,0,0,6.010804,0,0,0,0,0,6,19,14,360,FALSE,FALSE,FALSE,,,
21.04251663,140.1269775,0,0,0,0,0,0.443085107,4.847071429,3.775642857,0.310149,0,0,0,4.430851,0,0,0,0,0,6,19,15,360,FALSE,FALSE,FALSE,,,
21.03576663,139.4557478,0,0,0,0,0,0.058701973,4.8175,3.746071429,0.378989,0,0,2.112991281,0.587019719,0,0,0,0,0,6,19,16,360,FALSE,FALSE,TRUE,,,
21.02901663,138.784518,2.070731495,0,0,0,0,0,4.773285714,3.701857143,0.494534,0,0,1.019466,0,0,0,0,0,0,6,19,17,360,FALSE,FALSE,TRUE,,,
21.02226663,123.18604,3.069746073,0,0,0,0,0,4.7045,3.633071429,0.445,0.00195,0,0,0,0,0,0,0,0,6,19,18,360,FALSE,FALSE,FALSE,,,
21.01551663,106.7074455,3.067664184,0,0,0,0,0,4.620214286,3.548785714,0,0.375793,0,0,0,0,0,0,0,0,6,19,19,360,FALSE,FALSE,FALSE,,,
21.00876663,97.2392896,2.684109913,0,0,0,0,0,4.5845,3.513071429,0,0.934095,0,0,0,0,0,0,0,0,6,19,20,360,FALSE,FALSE,FALSE,,,
21.00201663,63.02295033,1.730871236,0,0,0,0,0,4.574357143,3.502928571,0,0.362047,0,0,0,0,0,0,0,0,6,19,21,360,FALSE,FALSE,FALSE,,,
20.99526663,62.35172058,1.361383599,0,0,0,0,0,4.582928571,3.5115,0,0.301347,0,0,0,0,0,0,0,0,6,19,22,360,FALSE,FALSE,FALSE,,,
20.98851663,54.15987928,1.053845822,0,0,0,0,0,4.599857143,3.528428571,0,0.222128,0,0,0,0,0,0,0,0,6,19,23,360,FALSE,FALSE,FALSE,,,
20.98176663,45.8177784,0.827152984,0,0,0,0,0,4.619428571,3.548,0,0.189816,0,0,0,0,0,0,0,0,6,20,0,360,FALSE,FALSE,FALSE,,,
20.97501663,45.14654865,0.633438375,0,0,0,0,0,4.640142857,3.568714286,0,0.172998,0,0,0,0,0,0,0,0,6,20,1,360,FALSE,FALSE,FALSE,,,
20.96826663,35.35090934,0.456890802,0,0,0,0,0,4.663714286,3.592285714,0,0.160418,0,0,0,0,0,0,0,0,6,20,2,360,FALSE,FALSE,FALSE,,,
20.96151663,34.67967959,0.29318526,0,0,0,0,0,4.677214286,3.605785714,0,0.156037,0,0,0,0,0,0,0,0,6,20,3,360,FALSE,FALSE,FALSE,,,
20.95476663,34.00844983,0.133955038,0,0,0,0,0,4.689071429,3.617642857,0.031,0.131272,0,0,0,0,0,0,0,0,6,20,4,360,FALSE,FALSE,FALSE,,,
20.94801663,33.33722008,0,0,0,0,0,0.048177201,4.761642857,3.690214286,0.185228,0,0,0,0.481772,0,0,0,0,0,6,20,5,360,FALSE,FALSE,FALSE,,,
20.94126663,32.66599033,0,0,0,0,0,0.161976702,4.8265,3.755071429,0.275233,0,0,0,1.619767,0,0,0,0,0,6,20,6,360,FALSE,FALSE,FALSE,,,
20.93451663,20,0,0,0,0,0,0.303796006,4.929214286,3.857785714,0.309733,0,0,0,3.037960014,0.146306986,0,0,0,0.146306986,6,20,7,360,FALSE,TRUE,FALSE,,,
20.92776663,20,0,0,0,0,0,0.490684367,5.0395,3.968071429,0.313336,0,0,0,4.906843594,0.008820406,0,0,0,0.008820406,6,20,8,360,FALSE,TRUE,FALSE,,,
20.92101663,20,0,0,0,0,0,0.625064477,5.140571429,4.069142857,0.312754,0,0,0,6.25064468,0.00860132,0,0,0,0.00860132,6,20,9,360,FALSE,TRUE,FALSE,,,
20.91426663,20,0,0,0,0,0,0.69432631,5.2105,4.139071429,0.302281,0,0,0,6.943262997,0.008456003,0,0,0,0.008456003,6,20,10,360,FALSE,TRUE,FALSE,,,
20.92101663,20,0,0,0,0,0,0.760660557,5.2595,4.188071429,0.312397,0,0,0,7.606605456,0.101997544,0,0,0,0.101997544,6,20,11,360,FALSE,TRUE,FALSE,,,
20.92776663,20,0,0,0,0,0,0.789554538,5.3145,4.243071429,0.324206,0,0,0,7.895545258,0.008248742,0,0,0,0.008248742,6,20,12,360,FALSE,TRUE,FALSE,,,
20.93451663,20,0,0,0,0,0,0.7334681,5.381714286,4.310285714,0.310199,0,0,0,7.334680889,0.008120111,0,0,0,0.008120111,6,20,13,360,FALSE,TRUE,FALSE,,,
20.94126663,20,0,0,0,0,0,0.565192843,5.424571429,4.353142857,0.320196,0,0,0,5.651928344,0.617875656,0,0,0,0.617875656,6,20,14,360,FALSE,TRUE,FALSE,,,
20.94801663,20,0,0,0,0,0,0.288557915,5.436571429,4.365142857,0.310149,0,0,0,2.885579106,1.919271894,0,0,0,1.919271894,6,20,15,360,FALSE,TRUE,FALSE,,,
20.95476663,180,0,0,0,0,0,0.14940265,5.420642857,4.349214286,0.378989,0,0,1.456937091,1.494026479,0.008047431,0,0,0,0.008047431,6,20,16,360,FALSE,TRUE,TRUE,,,
20.96151663,180,1.427798377,0,0,0,0,0,5.377642857,4.306214286,0.494534,0,0,1.075338211,0,0.008127789,0,0,0,0.008127789,6,20,17,360,FALSE,TRUE,TRUE,,,
20.96826663,180,2.48158701,0,0,0,0,0,5.298214286,4.226785714,0.44695,0,0,0.01605,0,0,0,0,0,0,6,20,18,360,FALSE,FALSE,TRUE,,,
20.97501663,165.9232573,2.497241563,0,0,0,0,0,5.202285714,4.130857143,0,0.375793,0,0,0,0,0,0,0,0,6,20,19,360,FALSE,FALSE,FALSE,,,
20.98176663,165.2520276,2.113704404,0,0,0,0,0,5.155071429,4.083642857,0,0.357869,0,0,0,0,0,0,0,0,6,20,20,360,FALSE,FALSE,FALSE,,,
20.97501663,164.5807978,1.748468548,0,0,0,0,0,5.114928571,4.0435,0,0.362047,0,0,0,0,0,0,0,0,6,20,21,360,FALSE,FALSE,FALSE,,,
20.96826663,163.9095681,1.378980383,0,0,0,0,0,5.081857143,4.010428571,0,0.301347,0,0,0,0,0,0,0,0,6,20,22,360,FALSE,FALSE,FALSE,,,
20.96151663,163.2383383,1.071442078,0,0,0,0,0,5.0535,3.982071429,0,0.222128,0,0,0,0,0,0,0,0,6,20,23,360,FALSE,FALSE,FALSE,,,
20.95476663,162.5671086,0.844748712,0,0,0,0,0,4.862857143,3.791428571,0,0.189026,0,0,0,0,0,0,0,0,7,16,0,360,FALSE,FALSE,FALSE,,,
20.94801663,154.9551714,0.651839698,0,0,0,0,0,4.855357143,3.783928571,0,0.172257,0,0,0,0,0,0,0,0,7,16,1,360,FALSE,FALSE,FALSE,,,
20.94126663,154.2839417,0.476047696,0,0,0,0,0,4.845357143,3.773928571,0,0.159676,0,0,0,0,0,0,0,0,7,16,2,360,FALSE,FALSE,FALSE,,,
20.93451663,153.6127119,0.313098722,0,0,0,0,0,4.834928571,3.7635,0,0.15532,0,0,0,0,0,0,0,0,7,16,3,360,FALSE,FALSE,FALSE,,,
20.92776663,152.9414822,0.154599534,0,0,0,0,0,4.840642857,3.769214286,0.01,0.151503,0,0,0,0,0,0,0,0,7,16,4,360,FALSE,FALSE,FALSE,,,
20.92101663,152.2702524,0,0,0,0,0,0.036474001,4.912,3.840571429,0.18426,0,0,0,0.36474,0,0,0,0,0,7,16,5,360,FALSE,FALSE,FALSE,,,
20.91426663,151.5990227,0,0,0,0,0,0.153806702,4.976142857,3.904714286,0.273933,0,0,0,1.538067,0,0,0,0,0,7,16,6,360,FALSE,FALSE,FALSE,,,
20.90751663,150.9277929,0,0,0,0,0,0.339071005,5.096214286,4.024785714,0.30829,0,0,0,3.39071,0,0,0,0,0,7,16,7,360,FALSE,FALSE,FALSE,,,
20.90076663,141.4657548,0,0,0,0,0,0.268745804,5.168142857,4.096714286,0.311542,0,0,0,2.687458,0,0,0,0,0,7,16,8,360,FALSE,FALSE,FALSE,,,
20.90751663,140.794525,0,0,0,0,0,0.166635502,5.173928571,4.1025,0.310645,0,0,0,1.666355,0,0,0,0,0,7,16,9,360,FALSE,FALSE,FALSE,,,
20.91426663,126.5708598,0,0,0,0,0,0.256385404,5.187285714,4.115857143,0.300146,0,0,0,2.563854,0,0,0,0,0,7,16,10,360,FALSE,FALSE,FALSE,,,
20.92101663,115.3351641,0,0,0,0,0,0.337366505,5.215571429,4.144142857,0.310335,0,0,0,3.373665,0,0,0,0,0,7,16,11,360,FALSE,FALSE,FALSE,,,
20.92776663,114.6639344,0,0,0,0,0,0.447320707,5.274285714,4.202857143,0.952793,0,0,0,4.473207,0,0,0,0,0,7,16,12,360,FALSE,FALSE,FALSE,,,
20.93451663,91.79107106,0,0,0,0,0,0.537589008,5.322642857,4.251214286,0.30811,0,0,0,5.37589,0,0,0,0,0,7,16,13,360,FALSE,FALSE,FALSE,,,
20.94126663,91.1198413,0,0,0,0,0,0.471577707,5.355,4.283571429,0.318223,0,0,0,4.715777,0,0,0,0,0,7,16,14,360,FALSE,FALSE,FALSE,,,
20.94801663,82.47421033,0,0,0,0,0,0.312968222,5.3655,4.294071429,0.308027,0,0,0.451188246,3.129682169,0.203102585,0,0,0,0.203102585,7,16,15,360,FALSE,TRUE,TRUE,,,
20.95476663,98.52881785,0.44216449,0,0,0,0,0,5.348142857,4.276714286,0.377231,0,0,2.099769,0,0,0,0,0,0,7,16,16,360,FALSE,FALSE,TRUE,,,
20.96151663,97.8575881,2.499924885,0,0,0,0,0,5.309714286,4.238285714,0.493226,0,0,0.354774,0,0,0,0,0,0,7,16,17,360,FALSE,FALSE,TRUE,,,
20.96826663,88.85979165,2.847528414,0,0,0,0,0,5.265785714,4.194357143,0.105,0.340498,0,0,0,0,0,0,0,0,7,16,18,360,FALSE,FALSE,FALSE,,,
20.97501663,88.1885619,2.499996053,0,0,0,0,0,5.2305,4.159071429,0,0.374158,0,0,0,0,0,0,0,0,7,16,19,360,FALSE,FALSE,FALSE,,,
20.98176663,79.43292596,2.118127179,0,0,0,0,0,5.222642857,4.151214286,0,0.356236,0,0,0,0,0,0,0,0,7,16,20,360,FALSE,FALSE,FALSE,,,
20.98851663,78.76169621,1.754557516,0,0,0,0,0,5.215571429,4.144142857,0,0.360241,0,0,0,0,0,0,0,0,7,16,21,360,FALSE,FALSE,FALSE,,,
20.99526663,78.09046645,1.386912026,0,0,0,0,0,5.207928571,4.1365,0,0.2999,0,0,0,0,0,0,0,0,7,16,22,360,FALSE,FALSE,FALSE,,,
21.00201663,77.4192367,1.080850013,0,0,0,0,0,5.225071429,4.153642857,0,0.221346,0,0,0,0,0,0,0,0,7,16,23,360,FALSE,FALSE,FALSE,,,
21.00876663,76.74800695,0.854954324,0,0,0,0,0,5.232571429,4.161142857,0,0.189026,0,0,0,0,0,0,0,0,7,17,0,360,FALSE,FALSE,FALSE,,,
21.01551663,24.02737852,0.662045004,0,0,0,0,0,5.234928571,4.1635,0,0.172257,0,0,0,0,0,0,0,0,7,17,1,360,FALSE,FALSE,FALSE,,,
21.02226663,23.35614877,0.486252696,0,0,0,0,0,5.244928571,4.1735,0,0.159676,0,0,0,0,0,0,0,0,7,17,2,360,FALSE,FALSE,FALSE,,,
21.02901663,22.68491901,0.323303416,0,0,0,0,0,5.253357143,4.181928571,0,0.15532,0,0,0,0,0,0,0,0,7,17,3,360,FALSE,FALSE,FALSE,,,
21.03576663,22.01368926,0.164803922,0,0,0,0,0,5.262071429,4.190642857,0,0.161503,0,0,0,0,0,0,0,0,7,17,4,360,FALSE,FALSE,FALSE,,,
21.04251663,21.34245951,0,0,0,0,0,0.024574,5.285,4.213571429,0.18426,0,0,0,0.24574,0,0,0,0,0,7,17,5,360,FALSE,FALSE,FALSE,,,
21.04926663,20.67122975,0,0,0,0,0,0.135506702,5.325928571,4.2545,0.273933,0,0,0,1.355067,0,0,0,0,0,7,17,6,360,FALSE,FALSE,FALSE,,,
21.05601663,20,0,0,0,0,0,0.312661529,5.395214286,4.323785714,0.30829,0,0,0,3.126615242,0.008094758,0,0,0,0.008094758,7,17,7,360,FALSE,TRUE,FALSE,,,
21.06276663,20,0,0,0,0,0,0.465302807,5.477714286,4.406285714,0.311542,0,0,0,4.653027997,0.106430003,0,0,0,0.106430003,7,17,8,360,FALSE,TRUE,FALSE,,,
21.06951663,20,0,0,0,0,0,0.596656631,5.565071429,4.493642857,0.310645,0,0,0,5.966566219,0.007788781,0,0,0,0.007788781,7,17,9,360,FALSE,TRUE,FALSE,,,
21.07626663,20,0,0,0,0,0,0.670318863,5.637357143,4.565928571,0.300146,0,0,0,6.703188527,0.007665473,0,0,0,0.007665473,7,17,10,360,FALSE,TRUE,FALSE,,,
21.08301663,20,0,0,0,0,0,0.678640552,5.690214286,4.618785714,0.310335,0,0,0,6.786405423,0.107259577,0,0,0,0.107259577,7,17,11,360,FALSE,TRUE,FALSE,,,
21.08976663,20,0,0,0,0,0,0.647127449,5.722214286,4.650785714,0.3222,0,0,0,6.47127439,0.00752561,0,0,0,0.00752561,7,17,12,360,FALSE,TRUE,FALSE,,,
21.09651663,20,0,0,0,0,0,0.577147552,5.741214286,4.669785714,0.30811,0,0,0,5.771475435,0.107414565,0,0,0,0.107414565,7,17,13,360,FALSE,TRUE,FALSE,,,
21.10326663,20,0,0,0,0,0,0.290791934,5.744357143,4.672928571,0.318223,0,0,0,2.907919294,1.792857706,0,0,0,1.792857706,7,17,14,360,FALSE,TRUE,FALSE,,,
21.11001663,180,0,0,0,0,0,0.389848162,5.743428571,4.672,0.308027,0,0,0,3.898481562,0.007491438,0,0,0,0.007491438,7,17,15,360,FALSE,TRUE,FALSE,,,
21.11676663,180,0,0,0,0,0,0.074033676,5.726428571,4.655,0.377231,0,0,1.707913452,0.740336751,0.007518797,0,0,0,0.007518797,7,17,16,360,FALSE,TRUE,TRUE,,,
21.12351664,180,1.673755215,0,0,0,0,0,5.692714286,4.621285714,0.493226,0,0,0.94820035,0,0.00757365,0,0,0,0.00757365,7,17,17,360,FALSE,TRUE,TRUE,,,
21.13026664,180,2.602941364,0,0,0,0,0,5.61,4.538571429,0.386,0.059498,0,0,0,0,0,0,0,0,7,17,18,360,FALSE,FALSE,FALSE,,,
21.13701664,179.3287702,2.542151031,0,0,0,0,0,5.514642857,4.443214286,0,0.374158,0,0,0,0,0,0,0,0,7,17,19,360,FALSE,FALSE,FALSE,,,
21.14376664,161.2675311,2.160280893,0,0,0,0,0,5.478928571,4.4075,0,0.356236,0,0,0,0,0,0,0,0,7,17,20,360,FALSE,FALSE,FALSE,,,
21.15051664,160.3157081,1.796709966,0,0,0,0,0,5.446785714,4.375357143,0,0.396162,0,0,0,0,0,0,0,0,7,17,21,360,FALSE,FALSE,FALSE,,,
21.15726664,159.6444784,1.392409129,0,0,0,0,0,5.409357143,4.337928571,0,0.305287,0,0,0,0,0,0,0,0,7,17,22,360,FALSE,FALSE,FALSE,,,
21.16401664,158.9732486,1.080850013,0,0,0,0,0,5.375642857,4.304214286,0,0.221346,0,0,0,0,0,0,0,0,7,17,23,360,FALSE,FALSE,FALSE,,,
21.17076664,158.3020189,0.854954324,0,0,0,0,0,5.357571429,4.286142857,0,0.189026,0,0,0,0,0,0,0,0,7,18,0,360,FALSE,FALSE,FALSE,,,
21.17751664,157.6307891,0.662045004,0,0,0,0,0,5.359071429,4.287642857,0,0.172257,0,0,0,0,0,0,0,0,7,18,1,360,FALSE,FALSE,FALSE,,,
21.18426664,156.9595593,0.486252696,0,0,0,0,0,5.365,4.293571429,0,0.159676,0,0,0,0,0,0,0,0,7,18,2,360,FALSE,FALSE,FALSE,,,
21.19101664,156.2883296,0.323303416,0,0,0,0,0,5.358928571,4.2875,0,0.15532,0,0,0,0,0,0,0,0,7,18,3,360,FALSE,FALSE,FALSE,,,
21.19776664,148.0984636,0.164803922,0,0,0,0,0,5.349714286,4.278285714,0,0.161503,0,0,0,0,0,0,0,0,7,18,4,360,FALSE,FALSE,FALSE,,,
21.20451664,147.4272339,0,0,0,0,0,0.007774,5.3725,4.301071429,0.18426,0,0,0,0.07774,0,0,0,0,0,7,18,5,360,FALSE,FALSE,FALSE,,,
21.21126664,146.7560041,0,0,0,0,0,0.049306701,5.398214286,4.326785714,0.273933,0,0,0,0.493067,0,0,0,0,0,7,18,6,360,FALSE,FALSE,FALSE,,,
21.21801664,120.4660444,0,0,0,0,0,0.104971002,5.427428571,4.356,0.30829,0,0,0,1.04971,0,0,0,0,0,7,18,7,360,FALSE,FALSE,FALSE,,,
21.22476664,119.7948146,0,0,0,0,0,0.176345803,5.474071429,4.402642857,0.311542,0,0,0,1.763458,0,0,0,0,0,7,18,8,360,FALSE,FALSE,FALSE,,,
21.23151664,93.11036355,0,0,0,0,0,0.211694303,5.536714286,4.465285714,0.415057,0,0,0,2.116943,0,0,0,0,0,7,18,9,360,FALSE,FALSE,FALSE,,,
21.23826664,39.86443072,0,0,0,0,0,0.187149803,5.552714286,4.481285714,0.679502,0,0,0,1.871498,0,0,0,0,0,7,18,10,360,FALSE,FALSE,FALSE,,,
21.24501664,30.14153354,0,0,0,0,0,0.257766504,5.552285714,4.480857143,0.310335,0,0,0,2.577665,0,0,0,0,0,7,18,11,360,FALSE,FALSE,FALSE,,,
21.25176664,29.47030379,0,0,0,0,0,0.313380005,5.570857143,4.499428571,0.3222,0,0,0,3.1338,0,0,0,0,0,7,18,12,360,FALSE,FALSE,FALSE,,,
21.25851664,28.79907403,0,0,0,0,0,0.347989005,5.593428571,4.522,0.30811,0,0,0,3.47989,0,0,0,0,0,7,18,13,360,FALSE,FALSE,FALSE,,,
21.26526664,20.61037792,0,0,0,0,0,0.186674206,5.604785714,4.533357143,0.318223,0,0,0,1.866742036,1.841034964,0,0,0,1.841034964,7,18,14,360,FALSE,TRUE,FALSE,,,
21.27201664,180,0,0,0,0,0,0.329923519,5.594642857,4.523214286,0.308027,0,0,0,3.29923514,0.00773786,0,0,0,0.00773786,7,18,15,360,FALSE,TRUE,FALSE,,,
21.27876664,180,0,0,0,0,0,0.014626587,5.566642857,4.495214286,0.377231,0,0,1.835503136,0.146265864,0,0,0,0,0,7,18,16,360,FALSE,FALSE,TRUE,,,
21.28551664,163.2646889,1.798793108,0,0,0,0,0,5.535071429,4.463642857,0.493226,0,0,0.857774,0,0,0,0,0,0,7,18,17,360,FALSE,FALSE,TRUE,,,
21.29226664,162.5934591,2.639357681,0,0,0,0,0,5.481,4.409571429,0.305,0.140498,0,0,0,0,0,0,0,0,7,18,18,360,FALSE,FALSE,FALSE,,,
21.29901664,161.9222294,2.495913195,0,0,0,0,0,5.418714286,4.347285714,0,0.374158,0,0,0,0,0,0,0,0,7,18,19,360,FALSE,FALSE,FALSE,,,
21.30576664,139.7805079,2.114044444,0,0,0,0,0,5.395928571,4.3245,0,0.356236,0,0,0,0,0,0,0,0,7,18,20,360,FALSE,FALSE,FALSE,,,
21.31251664,135.0868283,1.750474904,0,0,0,0,0,5.385642857,4.314214286,0,0.360241,0,0,0,0,0,0,0,0,7,18,21,360,FALSE,FALSE,FALSE,,,
21.31926664,134.4155986,1.382829536,0,0,0,0,0,5.377,4.305571429,0,0.2999,0,0,0,0,0,0,0,0,7,18,22,360,FALSE,FALSE,FALSE,,,
21.32601664,133.7443688,1.076767646,0,0,0,0,0,5.366857143,4.295428571,0,0.221346,0,0,0,0,0,0,0,0,7,18,23,360,FALSE,FALSE,FALSE,,,
21.33276664,133.0731391,0.85087208,0,0,0,0,0,5.355928571,4.2845,0,0.189026,0,0,0,0,0,0,0,0,7,19,0,360,FALSE,FALSE,FALSE,,,
21.33951664,132.4019093,0.657962882,0,0,0,0,0,5.346142857,4.274714286,0,0.172257,0,0,0,0,0,0,0,0,7,19,1,360,FALSE,FALSE,FALSE,,,
21.34626664,131.7306796,0.482170696,0,0,0,0,0,5.334428571,4.263,0,0.159676,0,0,0,0,0,0,0,0,7,19,2,360,FALSE,FALSE,FALSE,,,
21.35301664,131.0594498,0.319221538,0,0,0,0,0,5.319928571,4.2485,0,0.15532,0,0,0,0,0,0,0,0,7,19,3,360,FALSE,FALSE,FALSE,,,
21.35976664,130.3882201,0.160722167,0,0,0,0,0,5.305214286,4.233785714,0.004,0.157503,0,0,0,0,0,0,0,0,7,19,4,360,FALSE,FALSE,FALSE,,,
21.36651664,129.7169903,0,0,0,0,0,0.0254675,5.324928571,4.2535,0.308325,0,0,0,0.254675,0,0,0,0,0,7,19,5,360,FALSE,FALSE,FALSE,,,
21.37326665,129.0457606,0,0,0,0,0,0.156806702,5.3455,4.274071429,0.273933,0,0,0,1.568067,0,0,0,0,0,7,19,6,360,FALSE,FALSE,FALSE,,,
21.38001665,128.3745308,0,0,0,0,0,0.332971005,5.381357143,4.309928571,0.30829,0,0,0,3.32971,0,0,0,0,0,7,19,7,360,FALSE,FALSE,FALSE,,,
21.38676665,119.5878649,0,0,0,0,0,0.463318507,5.424785714,4.353357143,0.782815,0,0,0,4.633185,0,0,0,0,0,7,19,8,360,FALSE,FALSE,FALSE,,,
21.39351665,109.7289957,0,0,0,0,0,0.64543551,5.486785714,4.415357143,0.310645,0,0,0,6.454355,0,0,0,0,0,7,19,9,360,FALSE,FALSE,FALSE,,,
21.40026665,109.057766,0,0,0,0,0,0.721085411,5.545071429,4.473642857,0.300146,0,0,0,7.210854,0,0,0,0,0,7,19,10,360,FALSE,FALSE,FALSE,,,
21.40701665,99.77709413,0,0,0,0,0,0.736435011,5.577571429,4.506142857,0.32165,0,0,0,7.36435,0,0,0,0,0,7,19,11,360,FALSE,FALSE,FALSE,,,
21.41376665,99.10586438,0,0,0,0,0,0.671025649,5.593357143,4.521928571,0.3222,0,0,0,6.710256394,0.940543606,0,0,0,0.940543606,7,19,12,360,FALSE,TRUE,FALSE,,,
21.42051665,180,0,0,0,0,0,0.710814405,5.589857143,4.518428571,0.30811,0,0,0,7.108143944,0.007746056,0,0,0,0.007746056,7,19,13,360,FALSE,TRUE,FALSE,,,
21.42726665,180,0,0,0,0,0,0.605199375,5.568214286,4.496785714,0.318223,0,0,0,6.051993663,0.007783337,0,0,0,0.007783337,7,19,14,360,FALSE,TRUE,FALSE,,,
21.43401665,180,0,0,0,0,0,0.460297307,5.531571429,4.460142857,0.308027,0,0,0,4.602973,0,0,0,0,0,7,19,15,360,FALSE,FALSE,FALSE,,,
21.44076665,179.3287702,0,0,0,0,0,0.125691456,5.493214286,4.421785714,0.377231,0,0,1.617854459,1.256914541,0,0,0,0,0,7,19,16,360,FALSE,FALSE,TRUE,,,
21.44751665,178.6575405,1.585497401,0,0,0,0,0,5.450571429,4.379142857,0.493226,0,0,1.008774,0,0,0,0,0,0,7,19,17,360,FALSE,FALSE,TRUE,,,
21.45426665,167.0294248,2.574048375,0,0,0,0,0,5.385928571,4.3145,0.365,0.080498,0,0,0,0,0,0,0,0,7,19,18,360,FALSE,FALSE,FALSE,,,
21.46101665,166.358195,2.491830338,0,0,0,0,0,5.318071429,4.246642857,0,0.374158,0,0,0,0,0,0,0,0,7,19,19,360,FALSE,FALSE,FALSE,,,
21.46776665,155.55387,2.109961709,0,0,0,0,0,5.304785714,4.233357143,0,0.356236,0,0,0,0,0,0,0,0,7,19,20,360,FALSE,FALSE,FALSE,,,
21.47451665,154.8826403,1.746392291,0,0,0,0,0,5.249785714,4.178357143,0,0.360241,0,0,0,0,0,0,0,0,7,19,21,360,FALSE,FALSE,FALSE,,,
21.48126665,154.2114105,1.378747046,0,0,0,0,0,5.177357143,4.105928571,0,0.2999,0,0,0,0,0,0,0,0,7,19,22,360,FALSE,FALSE,FALSE,,,
21.47451665,153.5401807,1.072685278,0,0,0,0,0,5.122714286,4.051285714,0,0.221346,0,0,0,0,0,0,0,0,7,19,23,360,FALSE,FALSE,FALSE,,,
21.46776665,152.868951,0.846789835,0,0,0,0,0,5.081,4.009571429,0,0.189026,0,0,0,0,0,0,0,0,7,20,0,360,FALSE,FALSE,FALSE,,,
21.46101665,152.1977212,0.653880759,0,0,0,0,0,5.047285714,3.975857143,0,0.172257,0,0,0,0,0,0,0,0,7,20,1,360,FALSE,FALSE,FALSE,,,
21.45426665,151.5264915,0.478088696,0,0,0,0,0,5.013571429,3.942142857,0,0.159676,0,0,0,0,0,0,0,0,7,20,2,360,FALSE,FALSE,FALSE,,,
21.44751665,150.8552617,0.315139661,0,0,0,0,0,4.980928571,3.9095,0,0.15532,0,0,0,0,0,0,0,0,7,20,3,360,FALSE,FALSE,FALSE,,,
21.44076665,150.184032,0.156640412,0,0,0,0,0,4.962785714,3.891357143,0.008,0.153503,0,0,0,0,0,0,0,0,7,20,4,360,FALSE,FALSE,FALSE,,,
21.43401665,149.5128022,0,0,0,0,0,0.039874001,5.0535,3.982071429,0.18426,0,0,0,0.39874,0,0,0,0,0,7,20,5,360,FALSE,FALSE,FALSE,,,
21.42726665,148.8415725,0,0,0,0,0,0.170806703,5.137714286,4.066285714,0.273933,0,0,0,1.708067,0,0,0,0,0,7,20,6,360,FALSE,FALSE,FALSE,,,
21.42051665,139.2847567,0,0,0,0,0,0.352371005,5.227071429,4.155642857,0.30829,0,0,0,3.52371,0,0,0,0,0,7,20,7,360,FALSE,FALSE,FALSE,,,
21.42726665,90.81575506,0,0,0,0,0,0.504745808,5.364071429,4.292642857,0.311542,0,0,0,5.047458,0,0,0,0,0,7,20,8,360,FALSE,FALSE,FALSE,,,
21.43401665,86.65025665,0,0,0,0,0,0.592035509,5.457214286,4.385785714,0.310645,0,0,0,5.920355,0,0,0,0,0,7,20,9,360,FALSE,FALSE,FALSE,,,
21.44076665,85.97902689,0,0,0,0,0,0.635485409,5.513785714,4.442357143,0.300146,0,0,0,6.354854,0,0,0,0,0,7,20,10,360,FALSE,FALSE,FALSE,,,
21.44751665,85.30779714,0,0,0,0,0,0.64016651,5.530857143,4.459428571,0.310335,0,0,0,6.401665,0,0,0,0,0,7,20,11,360,FALSE,FALSE,FALSE,,,
21.45426665,48.87824078,0,0,0,0,0,0.566116958,5.536928571,4.4655,0.3222,0,0,0,5.661169498,0.477630502,0,0,0,0.477630502,7,20,12,360,FALSE,TRUE,FALSE,,,
21.46101665,70.24350303,0,0,0,0,0,0.542189008,5.5325,4.461071429,0.30811,0,0,0,5.42189,0,0,0,0,0,7,20,13,360,FALSE,FALSE,FALSE,,,
21.46776665,61.48015754,0,0,0,0,0,0.409277706,5.519785714,4.448357143,0.318223,0,0,0,4.092777,0,0,0,0,0,7,20,14,360,FALSE,FALSE,FALSE,,,
21.47451665,60.80892779,0,0,0,0,0,0.197210057,5.514142857,4.442714286,0.308027,0,0,1.409872459,1.972100541,0,0,0,0,0,7,20,15,360,FALSE,FALSE,TRUE,,,
21.48126665,60.13769803,1.381675037,0,0,0,0,0,5.494357143,4.422928571,0.377231,0,0,1.863769,0,0,0,0,0,0,7,20,16,360,FALSE,FALSE,TRUE,,,
21.48801665,59.46646828,3.208127242,0,0,0,0,0,5.450571429,4.379142857,0.536177,0,0,0.348823,0,0,0,0,0,0,7,20,17,360,FALSE,FALSE,TRUE,,,
21.49476665,58.79523853,3.549877545,0,0,0,0,0,5.384428571,4.313,0.2,0.945722,0,0,0,0,0,0,0,0,7,20,18,360,FALSE,FALSE,FALSE,,,
21.50151665,37.65731232,2.584748609,0,0,0,0,0,5.311714286,4.240285714,0,0.457161,0,0,0,0,0,0,0,0,7,20,19,360,FALSE,FALSE,FALSE,,,
21.50826665,36.98608256,2.118180254,0,0,0,0,0,5.277428571,4.206,0,0.356236,0,0,0,0,0,0,0,0,7,20,20,360,FALSE,FALSE,FALSE,,,
21.51501665,36.31485281,1.75461059,0,0,0,0,0,5.248785714,4.177357143,0,0.360241,0,0,0,0,0,0,0,0,7,20,21,360,FALSE,FALSE,FALSE,,,
21.52176665,26.71229753,1.386965098,0,0,0,0,0,5.215785714,4.144357143,0,0.2999,0,0,0,0,0,0,0,0,7,20,22,360,FALSE,FALSE,FALSE,,,
21.52851665,26.04106778,1.080903084,0,0,0,0,0,5.177357143,4.105928571,0,0.221346,0,0,0,0,0,0,0,0,7,20,23,360,FALSE,FALSE,FALSE,,,
21.52176665,25.36983803,0.855007394,0,0,0,0,0,5.285214286,4.213785714,0,0.189026,0,0,0,0,0,0,0,0,8,16,0,360,FALSE,FALSE,FALSE,,,
21.52851665,24.69860827,0.662098072,0,0,0,0,0,5.252642857,4.181214286,0,0.172257,0,0,0,0,0,0,0,0,8,16,1,360,FALSE,FALSE,FALSE,,,
21.53526665,24.02737852,0.486305762,0,0,0,0,0,5.217214286,4.145785714,0,0.159676,0,0,0,0,0,0,0,0,8,16,2,360,FALSE,FALSE,FALSE,,,
21.54201665,23.35614877,0.32335648,0,0,0,0,0,5.185,4.113571429,0,0.15532,0,0,0,0,0,0,0,0,8,16,3,360,FALSE,FALSE,FALSE,,,
21.53526665,22.68491901,0.164856985,0,0,0,0,0,5.160928571,4.0895,0,0.161555,0,0,0,0,0,0,0,0,8,16,4,360,FALSE,FALSE,FALSE,,,
21.52851665,22.01368926,0,0,0,0,0,0.007448,5.192142857,4.120714286,0.18452,0,0,0,0.07448,0,0,0,0,0,8,16,5,360,FALSE,FALSE,FALSE,,,
21.52176665,21.34245951,0,0,0,0,0,0.131945802,5.274214286,4.202785714,0.274542,0,0,0,1.319458,0,0,0,0,0,8,16,6,360,FALSE,FALSE,FALSE,,,
21.52851665,20.67122975,0,0,0,0,0,0.316393905,5.383785714,4.312357143,0.309061,0,0,0,3.163939,0,0,0,0,0,8,16,7,360,FALSE,FALSE,FALSE,,,
21.53526665,20,0,0,0,0,0,0.479951133,5.549,4.477571429,0.312672,0,0,0,4.799511263,0.007816737,0,0,0,0.007816737,8,16,8,360,FALSE,TRUE,FALSE,,,
21.54201665,20,0,0,0,0,0,0.606221501,5.629857143,4.558428571,0.312107,0,0,0,6.062214915,0.007678085,0,0,0,0.007678085,8,16,9,360,FALSE,TRUE,FALSE,,,
21.54876665,20,0,0,0,0,0,0.680082009,5.679714286,4.608285714,0.301585,0,0,0,6.800819985,0.007595015,0,0,0,0.007595015,8,16,10,360,FALSE,TRUE,FALSE,,,
21.55551665,20,0,0,0,0,0,0.71367266,5.718571429,4.647142857,0.311742,0,0,0,7.136726491,0.007531509,0,0,0,0.007531509,8,16,11,360,FALSE,TRUE,FALSE,,,
21.56226665,20,0,0,0,0,0,0.725493054,5.747714286,4.676285714,0.323585,0,0,0,7.254930427,0.007484573,0,0,0,0.007484573,8,16,12,360,FALSE,TRUE,FALSE,,,
21.56901665,20,0,0,0,0,0,0.508409868,5.761214286,4.689785714,0.309488,0,0,0,5.084098609,1.786413391,0,0,0,1.786413391,8,16,13,360,FALSE,TRUE,FALSE,,,
21.57576665,180,0,0,0,0,0,0.58189197,5.754714286,4.683285714,0.319607,0,0,0,5.818919614,0.007473386,0,0,0,0.007473386,8,16,14,360,FALSE,TRUE,FALSE,,,
21.58251665,180,0,0,0,0,0,0.428090505,5.733928571,4.6625,0.30948,0,0,0,4.280904987,0.091615013,0,0,0,0.091615013,8,16,15,360,FALSE,TRUE,FALSE,,,
21.58926665,180,0,0,0,0,0,0.007280833,5.694357143,4.622928571,0.379035,0,0,2.419156672,0.072808328,0,0,0,0,0,8,16,16,360,FALSE,FALSE,TRUE,,,
21.59601665,179.3287702,2.370773585,0,0,0,0,0,5.627357143,4.555928571,0.496317,0,0,0.580683,0,0,0,0,0,0,8,16,17,360,FALSE,FALSE,TRUE,,,
21.60276665,178.6575405,2.939771813,0,0,0,0,0,5.501642857,4.430214286,0.064,0.387832,0,0,0,0,0,0,0,0,8,16,18,360,FALSE,FALSE,FALSE,,,
21.60951665,177.9863107,2.543936684,0,0,0,0,0,5.430071429,4.358642857,0,0.385689,0,0,0,0,0,0,0,0,8,16,19,360,FALSE,FALSE,FALSE,,,
21.61626665,177.315081,2.150300166,0,0,0,0,0,5.398,4.326571429,0,0.371732,0,0,0,0,0,0,0,0,8,16,20,360,FALSE,FALSE,FALSE,,,
21.62301666,176.6438512,1.770917293,0,0,0,0,0,5.373142857,4.301714286,0,0.373223,0,0,0,0,0,0,0,0,8,16,21,360,FALSE,FALSE,FALSE,,,
21.62976666,175.9726215,1.390024374,0,0,0,0,0,5.348785714,4.277357143,0,0.302898,0,0,0,0,0,0,0,0,8,16,22,360,FALSE,FALSE,FALSE,,,
21.63651666,175.3013917,1.080903084,0,0,0,0,0,5.316428571,4.245,0,0.221346,0,0,0,0,0,0,0,0,8,16,23,360,FALSE,FALSE,FALSE,,,
21.64326666,174.630162,0.855007394,0,0,0,0,0,5.278,4.206571429,0,0.189026,0,0,0,0,0,0,0,0,8,17,0,360,FALSE,FALSE,FALSE,,,
21.65001666,173.9589322,0.662098072,0,0,0,0,0,5.239214286,4.167785714,0,0.172257,0,0,0,0,0,0,0,0,8,17,1,360,FALSE,FALSE,FALSE,,,
21.65676666,173.2877025,0.486305762,0,0,0,0,0,5.204,4.132571429,0,0.159676,0,0,0,0,0,0,0,0,8,17,2,360,FALSE,FALSE,FALSE,,,
21.65001666,172.6164727,0.32335648,0,0,0,0,0,5.176142857,4.104714286,0,0.15532,0,0,0,0,0,0,0,0,8,17,3,360,FALSE,FALSE,FALSE,,,
21.64326666,171.945243,0.164856985,0,0,0,0,0,5.157428571,4.086,0,0.161555,0,0,0,0,0,0,0,0,8,17,4,360,FALSE,FALSE,FALSE,,,
21.63651666,171.2740132,0,0,0,0,0,0.001648,5.190142857,4.118714286,0.18452,0,0,0,0.01648,0,0,0,0,0,8,17,5,360,FALSE,FALSE,FALSE,,,
21.62976666,170.6027835,0,0,0,0,0,0.130345802,5.275285714,4.203857143,0.274542,0,0,0,1.303458,0,0,0,0,0,8,17,6,360,FALSE,FALSE,FALSE,,,
21.63651666,169.9315537,0,0,0,0,0,0.320593905,5.394285714,4.322857143,0.309061,0,0,0,3.205939,0,0,0,0,0,8,17,7,360,FALSE,FALSE,FALSE,,,
21.64326666,169.2603239,0,0,0,0,0,0.488932807,5.545571429,4.474142857,0.312672,0,0,0,4.889328,0,0,0,0,0,8,17,8,360,FALSE,FALSE,FALSE,,,
21.65001666,168.5890942,0,0,0,0,0,0.618689309,5.620785714,4.549357143,0.312107,0,0,0,6.186893,0,0,0,0,0,8,17,9,360,FALSE,FALSE,FALSE,,,
21.65676666,167.9178644,0,0,0,0,0,0.69534151,5.6675,4.596071429,0.301585,0,0,0,6.953415,0,0,0,0,0,8,17,10,360,FALSE,FALSE,FALSE,,,
21.66351666,167.2466347,0,0,0,0,0,0.716425811,5.6975,4.626071429,0.311742,0,0,0,7.164258,0,0,0,0,0,8,17,11,360,FALSE,FALSE,FALSE,,,
21.67026666,159.0533742,0,0,0,0,0,0.664339328,5.709785714,4.638357143,0.323585,0,0,0,6.643393178,0.243021822,0,0,0,0.243021822,8,17,12,360,FALSE,TRUE,FALSE,,,
21.67701666,180,0,0,0,0,0,0.610596201,5.707142857,4.635714286,0.309488,0,0,0,6.105961923,0.007550077,0,0,0,0.007550077,8,17,13,360,FALSE,TRUE,FALSE,,,
21.68376666,180,0,0,0,0,0,0.470481309,5.688857143,4.617428571,0.319607,0,0,0,4.704813023,0.007579977,0,0,0,0.007579977,8,17,14,360,FALSE,TRUE,FALSE,,,
21.69051666,180,0,0,0,0,0,0.146050446,5.652071429,4.580642857,0.30948,0,0,1.497374709,1.460504442,0.007640849,0,0,0,0.007640849,8,17,15,360,FALSE,TRUE,TRUE,,,
21.69726666,180,1.467427244,0,0,0,0,0,5.600285714,4.528857143,0.379035,0,0,1.435236781,0,0.007728219,0,0,0,0.007728219,8,17,16,360,FALSE,TRUE,TRUE,,,
21.70401666,180,2.873915294,0,0,0,0,0,5.536642857,4.465214286,0.496317,0,0,0.264683,0,0,0,0,0,0,8,17,17,360,FALSE,FALSE,TRUE,,,
21.71076666,179.3287702,3.133218421,0,0,0,0,0,5.445,4.373571429,0.032,0.419832,0,0,0,0,0,0,0,0,8,17,18,360,FALSE,FALSE,FALSE,,,
21.71751666,178.6575405,2.704724429,0,0,0,0,0,5.398071429,4.326642857,0,0.385689,0,0,0,0,0,0,0,0,8,17,19,360,FALSE,FALSE,FALSE,,,
21.72426666,177.9863107,2.311083087,0,0,0,0,0,5.365071429,4.293642857,0,0.371732,0,0,0,0,0,0,0,0,8,17,20,360,FALSE,FALSE,FALSE,,,
21.73101666,177.315081,1.931695391,0,0,0,0,0,5.322142857,4.250714286,0,0.373223,0,0,0,0,0,0,0,0,8,17,21,360,FALSE,FALSE,FALSE,,,
21.73776666,176.6438512,1.550797647,0,0,0,0,0,5.282571429,4.211142857,0,0.302898,0,0,0,0,0,0,0,0,8,17,22,360,FALSE,FALSE,FALSE,,,
21.74451666,175.9726215,1.241671535,0,0,0,0,0,5.244214286,4.172785714,0,0.221346,0,0,0,0,0,0,0,0,8,17,23,360,FALSE,FALSE,FALSE,,,
21.75126666,175.3013917,1.015771021,0,0,0,0,0,5.217071429,4.145642857,0,0.189026,0,0,0,0,0,0,0,0,8,18,0,360,FALSE,FALSE,FALSE,,,
21.75801666,174.630162,0.822856877,0,0,0,0,0,5.203142857,4.131714286,0,0.172257,0,0,0,0,0,0,0,0,8,18,1,360,FALSE,FALSE,FALSE,,,
21.75126666,173.9589322,0.647059744,0,0,0,0,0,5.197357143,4.125928571,0,0.159676,0,0,0,0,0,0,0,0,8,18,2,360,FALSE,FALSE,FALSE,,,
21.74451666,173.2877025,0.484105639,0,0,0,0,0,5.189714286,4.118285714,0,0.15532,0,0,0,0,0,0,0,0,8,18,3,360,FALSE,FALSE,FALSE,,,
21.73776666,172.6164727,0.325601322,0,0,0,0,0,5.181,4.109571429,0,0.161555,0,0,0,0,0,0,0,0,8,18,4,360,FALSE,FALSE,FALSE,,,
21.73101666,171.945243,0.160739515,0,0,0,0,0,5.177642857,4.106214286,0.027,0.15752,0,0,0,0,0,0,0,0,8,18,5,360,FALSE,FALSE,FALSE,,,
21.72426666,171.2740132,0,0,0,0,0,0.0210458,5.193785714,4.122357143,0.274542,0,0,0,0.210458,0,0,0,0,0,8,18,6,360,FALSE,FALSE,FALSE,,,
21.71751666,170.6027835,0,0,0,0,0,0.204893903,5.242642857,4.171214286,0.309061,0,0,0,2.048939,0,0,0,0,0,8,18,7,360,FALSE,FALSE,FALSE,,,
21.72426666,162.7600775,0,0,0,0,0,0.420632806,5.3115,4.240071429,0.312672,0,0,0,4.206328,0,0,0,0,0,8,18,8,360,FALSE,FALSE,FALSE,,,
21.73101666,161.7379864,0,0,0,0,0,0.572889309,5.387857143,4.316428571,0.312107,0,0,0,5.728893,0,0,0,0,0,8,18,9,360,FALSE,FALSE,FALSE,,,
21.73776666,161.0667566,0,0,0,0,0,0.66764151,5.4595,4.388071429,0.301585,0,0,0,6.676415,0,0,0,0,0,8,18,10,360,FALSE,FALSE,FALSE,,,
21.74451666,160.3955269,0,0,0,0,0,0.705225811,5.513357143,4.441928571,0.311742,0,0,0,7.052258,0,0,0,0,0,8,18,11,360,FALSE,FALSE,FALSE,,,
21.75126666,159.7242971,0,0,0,0,0,0.68194151,5.546928571,4.4755,0.323585,0,0,0,6.819415,0,0,0,0,0,8,18,12,360,FALSE,FALSE,FALSE,,,
21.75801666,159.0530674,0,0,0,0,0,0.584931649,5.564,4.492571429,0.309488,0,0,0,5.849316405,0.116195595,0,0,0,0.116195595,8,18,13,360,FALSE,TRUE,FALSE,,,
21.76476666,168.3930761,0,0,0,0,0,0.278346584,5.551714286,4.480285714,0.319607,0,0,0.821927201,2.783465799,0,0,0,0,0,8,18,14,360,FALSE,FALSE,TRUE,,,
21.77151666,167.7218464,0.805488673,0,0,0,0,0,5.531857143,4.460428571,0.30948,0,0,2.12152,0,0,0,0,0,0,8,18,15,360,FALSE,FALSE,TRUE,,,
21.77826666,167.0506166,2.884554149,0,0,0,0,0,5.488571429,4.417142857,0.379035,0,0,0.524965,0,0,0,0,0,0,8,18,16,360,FALSE,FALSE,TRUE,,,
21.78501666,166.3793869,3.398933322,0,0,0,0,0,5.436214286,4.364785714,0.22,0.276317,0,0,0,0,0,0,0,0,8,18,17,360,FALSE,FALSE,FALSE,,,
21.79176666,165.7081571,3.116875234,0,0,0,0,0,5.403642857,4.332214286,0,0.451832,0,0,0,0,0,0,0,0,8,18,18,360,FALSE,FALSE,FALSE,,,
21.79851666,165.0369274,2.655728671,0,0,0,0,0,5.388142857,4.316714286,0,0.385689,0,0,0,0,0,0,0,0,8,18,19,360,FALSE,FALSE,FALSE,,,
21.80526666,164.3656976,2.262088799,0,0,0,0,0,5.367071429,4.295642857,0,0.371732,0,0,0,0,0,0,0,0,8,18,20,360,FALSE,FALSE,FALSE,,,
21.81201666,163.6944679,1.882702573,0,0,0,0,0,5.325785714,4.254357143,0,0.373223,0,0,0,0,0,0,0,0,8,18,21,360,FALSE,FALSE,FALSE,,,
21.81876666,163.0232381,1.501806299,0,0,0,0,0,5.289857143,4.218428571,0,0.302898,0,0,0,0,0,0,0,0,8,18,22,360,FALSE,FALSE,FALSE,,,
21.82551666,162.3520084,1.192681656,0,0,0,0,0,5.27,4.198571429,0,0.221346,0,0,0,0,0,0,0,0,8,18,23,360,FALSE,FALSE,FALSE,,,
21.83226666,161.6807786,0.966782613,0,0,0,0,0,5.252428571,4.181,0,0.189026,0,0,0,0,0,0,0,0,8,19,0,360,FALSE,FALSE,FALSE,,,
21.83901666,161.0095489,0.773869938,0,0,0,0,0,5.249571429,4.178142857,0,0.172257,0,0,0,0,0,0,0,0,8,19,1,360,FALSE,FALSE,FALSE,,,
21.84576666,160.3383191,0.598074274,0,0,0,0,0,5.248714286,4.177285714,0,0.159676,0,0,0,0,0,0,0,0,8,19,2,360,FALSE,FALSE,FALSE,,,
21.85251666,159.6670893,0.43512164,0,0,0,0,0,5.258785714,4.187357143,0,0.15532,0,0,0,0,0,0,0,0,8,19,3,360,FALSE,FALSE,FALSE,,,
21.85926666,158.9958596,0.276618792,0,0,0,0,0,5.262571429,4.191142857,0,0.161555,0,0,0,0,0,0,0,0,8,19,4,360,FALSE,FALSE,FALSE,,,
21.86601666,150.8031169,0.111758454,0,0,0,0,0,5.252428571,4.181,0.075,0.10952,0,0,0,0,0,0,0,0,8,19,5,360,FALSE,FALSE,FALSE,,,
21.87276667,150.1318872,0,0,0,0,0,0.078545801,5.272714286,4.201285714,0.274542,0,0,0,0.785458,0,0,0,0,0,8,19,6,360,FALSE,FALSE,FALSE,,,
21.87951667,149.4606574,0,0,0,0,0,0.220093903,5.296142857,4.224714286,0.309061,0,0,0,2.200939,0,0,0,0,0,8,19,7,360,FALSE,FALSE,FALSE,,,
21.88626667,148.7894277,0,0,0,0,0,0.412432806,5.293642857,4.222214286,0.312672,0,0,0,4.124328,0,0,0,0,0,8,19,8,360,FALSE,FALSE,FALSE,,,
21.89301667,148.1181979,0,0,0,0,0,0.618789309,5.310285714,4.238857143,0.312107,0,0,0,6.187893,0,0,0,0,0,8,19,9,360,FALSE,FALSE,FALSE,,,
21.89976667,147.4469682,0,0,0,0,0,0.743641511,5.324285714,4.252857143,0.301585,0,0,0,7.436415,0,0,0,0,0,8,19,10,360,FALSE,FALSE,FALSE,,,
21.90651667,146.7757384,0,0,0,0,0,0.798225812,5.344857143,4.273428571,0.311742,0,0,0,7.982258,0,0,0,0,0,8,19,11,360,FALSE,FALSE,FALSE,,,
21.91326667,146.1045087,0,0,0,0,0,0.784441512,5.3595,4.288071429,0.323585,0,0,0,7.844415,0,0,0,0,0,8,19,12,360,FALSE,FALSE,FALSE,,,
21.92001667,137.5426472,0,0,0,0,0,0.730851211,5.360714286,4.289285714,0.309488,0,0,0,7.308512,0,0,0,0,0,8,19,13,360,FALSE,FALSE,FALSE,,,
21.92676667,136.8714174,0,0,0,0,0,0.563739308,5.338142857,4.266714286,0.319607,0,0,0,5.637393,0,0,0,0,0,8,19,14,360,FALSE,FALSE,FALSE,,,
21.93351667,127.6377125,0,0,0,0,0,0.15770089,5.297214286,4.225785714,0.30948,0,0,1.700511125,1.577008875,0,0,0,0,0,8,19,15,360,FALSE,FALSE,TRUE,,,
21.94026667,126.9664827,1.666500935,0,0,0,0,0,5.243285714,4.171857143,0.379035,0,0,1.546965,0,0,0,0,0,0,8,19,16,360,FALSE,FALSE,TRUE,,,
21.94701667,126.295253,3.182476669,0,0,0,0,0,5.174928571,4.1035,0.496317,0,0,0.301683,0,0,0,0,0,0,8,19,17,360,FALSE,FALSE,TRUE,,,
21.94026667,125.6240232,3.47803054,0,0,0,0,0,5.090357143,4.018928571,0.015,0.882779,0,0,0,0,0,0,0,0,8,19,18,360,FALSE,FALSE,FALSE,,,
21.93351667,106.7369413,2.57713131,0,0,0,0,0,5.016785714,3.945357143,0,0.385689,0,0,0,0,0,0,0,0,8,19,19,360,FALSE,FALSE,FALSE,,,
21.92676667,106.0657116,2.183493796,0,0,0,0,0,4.952142857,3.880714286,0,0.371732,0,0,0,0,0,0,0,0,8,19,20,360,FALSE,FALSE,FALSE,,,
21.92001667,96.0942484,1.804109927,0,0,0,0,0,4.902571429,3.831142857,0,0.373223,0,0,0,0,0,0,0,0,8,19,21,360,FALSE,FALSE,FALSE,,,
21.91326667,95.42301865,1.423216012,0,0,0,0,0,4.882857143,3.811428571,0,0.302898,0,0,0,0,0,0,0,0,8,19,22,360,FALSE,FALSE,FALSE,,,
21.90651667,94.7517889,1.114093726,0,0,0,0,0,4.858,3.786571429,0,0.221346,0,0,0,0,0,0,0,0,8,19,23,360,FALSE,FALSE,FALSE,,,
21.89976667,94.08055914,0.88819704,0,0,0,0,0,4.8555,3.784071429,0,0.189026,0,0,0,0,0,0,0,0,8,20,0,360,FALSE,FALSE,FALSE,,,
21.89301667,93.40932939,0.695286723,0,0,0,0,0,4.846071429,3.774642857,0,0.172257,0,0,0,0,0,0,0,0,8,20,1,360,FALSE,FALSE,FALSE,,,
21.88626667,92.73809964,0.519493417,0,0,0,0,0,4.826214286,3.754785714,0,0.159676,0,0,0,0,0,0,0,0,8,20,2,360,FALSE,FALSE,FALSE,,,
21.87951667,92.06686988,0.35654314,0,0,0,0,0,4.797285714,3.725857143,0,0.15532,0,0,0,0,0,0,0,0,8,20,3,360,FALSE,FALSE,FALSE,,,
21.87276667,91.39564013,0.198042649,0,0,0,0,0,4.773428571,3.702,0,0.161555,0,0,0,0,0,0,0,0,8,20,4,360,FALSE,FALSE,FALSE,,,
21.86601666,90.72441038,0.033184669,0,0,0,0,0,4.764285714,3.692857143,0.152,0.03252,0,0,0,0,0,0,0,0,8,20,5,360,FALSE,FALSE,FALSE,,,
21.85926666,90.05318062,0,0,0,0,0,0.136345802,4.815071429,3.743642857,0.274542,0,0,0,1.363458,0,0,0,0,0,8,20,6,360,FALSE,FALSE,FALSE,,,
21.85251666,81.76483566,0,0,0,0,0,0.349593905,4.89,3.818571429,0.309061,0,0,0,3.495939,0,0,0,0,0,8,20,7,360,FALSE,FALSE,FALSE,,,
21.84576666,81.09360591,0,0,0,0,0,0.545132808,4.9585,3.887071429,0.312672,0,0,0,5.451328,0,0,0,0,0,8,20,8,360,FALSE,FALSE,FALSE,,,
21.83901666,80.42237615,0,0,0,0,0,0.69138931,5.025285714,3.953857143,0.312107,0,0,0,6.913893,0,0,0,0,0,8,20,9,360,FALSE,FALSE,FALSE,,,
21.83226666,79.7511464,0,0,0,0,0,0.792541512,5.095142857,4.023714286,0.301585,0,0,0,7.925415,0,0,0,0,0,8,20,10,360,FALSE,FALSE,FALSE,,,
21.82551666,79.07991665,0,0,0,0,0,0.830155812,5.157642857,4.086214286,0.394442,0,0,0,8.301558,0,0,0,0,0,8,20,11,360,FALSE,FALSE,FALSE,,,
21.81876666,69.75620939,0,0,0,0,0,0.822550012,5.207642857,4.136214286,0.3755,0,0,0,8.2255,0,0,0,0,0,8,20,12,360,FALSE,FALSE,FALSE,,,
21.81201666,69.08497963,0,0,0,0,0,0.768051211,5.243142857,4.171714286,0.309488,0,0,0,7.680512,0,0,0,0,0,8,20,13,360,FALSE,FALSE,FALSE,,,
21.81876666,68.41374988,0,0,0,0,0,0.65013931,5.264642857,4.193214286,0.319607,0,0,0,6.501393,0,0,0,0,0,8,20,14,360,FALSE,FALSE,FALSE,,,
21.82551666,55.64626962,0,0,0,0,0,0.487352007,5.274285714,4.202857143,0.30948,0,0,0,4.87352,0,0,0,0,0,8,20,15,360,FALSE,FALSE,FALSE,,,
21.83226666,44.50592698,0,0,0,0,0,0.102049872,5.263571429,4.192142857,0.379035,0,0,1.556466298,1.020498702,0,0,0,0,0,8,20,16,360,FALSE,FALSE,TRUE,,,
21.83901666,43.83469723,1.525337002,0,0,0,0,0,5.219428571,4.148,0.496317,0,0,0.594683,0,0,0,0,0,0,8,20,17,360,FALSE,FALSE,TRUE,,,
21.84576666,35.50845655,2.108080593,0,0,0,0,0,5.0865,4.015071429,0.041,0.410832,0,0,0,0,0,0,0,0,8,20,18,360,FALSE,FALSE,FALSE,,,
21.83901666,34.8372268,1.688801028,0,0,0,0,0,5.002857143,3.931428571,0,0.385689,0,0,0,0,0,0,0,0,8,20,19,360,FALSE,FALSE,FALSE,,,
21.83226666,34.16599704,1.295190164,0,0,0,0,0,4.955857143,3.884428571,0,0.371732,0,0,0,0,0,0,0,0,8,20,20,360,FALSE,FALSE,FALSE,,,
21.82551666,21.34245951,0.915832944,0,0,0,0,0,4.9125,3.841071429,0,0.373223,0,0,0,0,0,0,0,0,8,20,21,360,FALSE,FALSE,FALSE,,,
21.81876666,20.67122975,0.534965677,0,0,0,0,0,4.873285714,3.801857143,0,0.302898,0,0,0,0,0,0,0,0,8,20,22,360,FALSE,FALSE,FALSE,,,
21.81201666,20,0.225870039,0,0,0,0,0,4.837571429,3.766142857,0,0.221346,0,0,0,0,0,0,0,0,8,20,23,360,FALSE,FALSE,FALSE,,,
