Temp_FH,Vol_HW,Soc_B,T_FH_plus,T_FH_minus,V_HW_plus,V_HW_minus,profits,COP_FH,COP_HW,PV_DE,B_DE,GR_DE,PV_B,PV_GR,PV_HP,GR_HP,B_HP,HP_FH,HP_HW,index,B,HP
21.5,100.0,5.0,0.0,0.0,0.0,0.0,-0.06723400733308016,4.88721433367048,3.8157857622419087,0.0,0.0,0.18981599807739258,0.0,0.0,0.0,0.03429735079407692,0.0,0.03429735079407692,0.0,1.0,4.426805019378662,0.03429735079407692
21.51839256286621,99.32877349853516,4.999850273132324,0.0,0.0,0.0,0.0,-0.06381183371193533,4.821785736083984,3.750357164655413,0.0,0.0,0.17299799621105194,0.0,0.0,0.0,0.039708107709884644,0.0,0.039708107709884644,0.0,2.0,4.401269912719727,0.039708107709884644
21.540361404418945,91.13624572753906,4.999700546264648,0.0,0.0,0.0,0.0,-0.05611626058285468,4.741285746438162,3.669857243129185,0.0,0.0,0.16041800379753113,0.0,0.0,0.0,0.026636190712451935,0.0,0.026636190712451935,0.0,3.0,4.424940586090088,0.026636190712451935
21.552555084228516,90.46501922607422,4.999550819396973,0.0,0.0,0.0,0.0,-0.049373124266589574,4.684000028882708,3.6125713893345424,0.0,0.0,0.15603700280189514,0.0,0.0,0.0,0.008540071547031403,0.0,0.008540071547031403,0.0,4.0,4.487676620483398,0.008540071547031403
21.55180549621582,89.79379272460938,4.999401092529297,0.0,0.0,0.0,0.0,-0.04083041003169252,4.659071459089007,3.587642887660435,0.030400000512599945,0.0,0.1318719983100891,0.0,0.0,0.0,0.004229363054037094,0.0,0.0,0.004229363054037094,5.0,4.518392562866211,-0.004229363054037094
21.545055389404297,89.41355895996094,4.999251365661621,0.0,0.0,0.0,0.0,0.0,4.687071405138288,3.6156427655901227,0.18522800505161285,0.0,0.0,0.45993710425682366,0.0,0.0017849120777100325,0.0,0.0,0.0,0.0017849120777100325,6.0,4.540754318237305,-0.0017849120777100325
21.538305282592773,88.86609649658203,5.459038734436035,0.0,0.0,0.0,0.0,0.0,4.754785687582833,3.683357184273856,0.2752330005168915,0.0,0.0,1.633344391360879,0.0,0.019922515377402306,0.0,0.0,0.019922515377402306,0.0,7.0,4.4842047691345215,0.019922515377402306
21.545764923095703,80.0942153930664,7.092219352722168,0.0,0.0,0.0,0.0,0.05864554209479006,4.8458571570260185,3.774428585597447,0.30973300337791443,0.0,0.0,2.907780647277832,0.586455412209034,0.023580722510814667,0.0,0.0,0.023580722510814667,0.0,8.0,4.421590805053711,0.023580722510814667
21.556156158447266,79.42298889160156,9.999787330627441,0.0,0.0,0.0,0.0,0.5110258510116613,4.923785700116839,3.852357128688267,0.3910219967365265,0.0,0.0,0.00021266937255859375,5.110258433967829,0.043656494468450546,0.0,0.0,0.043656494468450546,0.0,9.0,4.231991291046143,0.043656494468450546
21.581649780273438,78.75176239013672,9.999700546264648,0.0,0.0,0.0,0.0,0.6619924005976675,4.96742856161935,3.8959999901907785,0.3127540051937103,0.0,0.0,0.0002994537353515625,6.619923907332122,0.008672398515045643,0.0,0.0,0.0,0.008672398515045643,10.0,2.4921886920928955,-0.008672398515045643
21.574899673461914,60.18586730957031,9.999700546264648,0.0,0.0,0.0,0.0,0.7454891140831873,4.9857143129621235,3.914285741533552,0.302280992269516,0.0,0.0,0.0,7.45489102974534,0.05752771720290184,0.0,0.0,0.0,0.05752771720290184,11.0,-2.966473340988159,-0.05752771720290184
21.56814956665039,50.003692626953125,9.999401092529297,0.0,0.0,0.0,0.0,0.754508324779694,4.988785689217703,3.917357117789132,0.3123970031738281,0.0,0.0,0.0,7.54508313536644,0.3182200491428375,0.0,0.0,0.0,0.3182200491428375,12.0,-4.5750885009765625,-0.3182200491428375
21.561399459838867,40.24586486816406,9.999101638793945,0.0,0.0,0.0,0.0,0.7644074695469061,4.980071422031948,3.908642850603376,0.32420599460601807,0.0,0.0,0.0,7.644074581563473,0.06491980701684952,0.0,0.0,0.0,0.06491980701684952,13.0,-4.413150310516357,-0.06491980701684952
21.554649353027344,44.441017150878906,9.998802185058594,0.0,0.0,0.0,0.0,0.7049010068908482,4.958571379525321,3.8871428080967494,0.31019899249076843,0.0,0.0,0.0,7.0490099638700485,0.039391353726387024,0.0,0.0,0.0,0.039391353726387024,14.0,-4.3046159744262695,-0.039391353726387024
21.54789924621582,46.70631790161133,9.998502731323242,0.0,0.0,0.0,0.0,0.5912013458639582,4.925,3.8535714285714286,0.3201960027217865,0.0,0.0,0.0,5.912013370543718,0.05774037167429924,0.0,0.0,0.0,0.05774037167429924,15.0,-4.495987892150879,-0.05774037167429924
21.541149139404297,41.48613739013672,9.99820327758789,0.0,0.0,0.0,0.0,0.43259012673184455,4.8850000381469725,3.8135714667184013,0.32803699374198914,0.0,0.0,0.0,4.325901202857494,0.05046207457780838,0.0,0.0,0.0,0.05046207457780838,16.0,-4.514049053192139,-0.05046207457780838
21.534399032592773,44.130165100097656,9.997903823852539,0.0,0.0,0.0,0.0,0.2600837593538129,4.836642892020089,3.7652143205915176,0.4615429937839508,0.0,0.0,0.0,2.600837554782629,0.04031935706734657,0.0,0.0,0.0,0.04031935706734657,17.0,-4.540092468261719,-0.04031935706734657
21.52764892578125,46.370365142822266,9.997604370117188,0.0,0.0,0.0,0.0,0.09373510917626482,4.764000020708356,3.692571449279785,0.547885000705719,0.0,0.0,0.0,0.9373510777950287,0.07846394181251526,0.0,0.0,0.0,0.07846394181251526,18.0,-4.57643985748291,-0.07846394181251526
21.520898818969727,41.80766677856445,9.997304916381836,0.0,0.0,0.0,0.0,0.0,4.66535712650844,3.5939285550798687,0.4469499886035919,0.0,0.0,0.0,0.0,0.07175001502037048,0.0,0.020681239664554596,0.0,0.09243125468492508,19.0,-4.579530715942383,-0.09243125468492508
21.514148712158203,38.97322463989258,9.975902557373047,0.0,0.0,0.0,0.0,0.0,4.575000027247837,3.503571319580078,0.0,0.3757930099964142,0.0,0.0,0.0,0.0,0.0,0.06632177531719208,0.0,0.06632177531719208,20.0,-4.568110466003418,-0.06632177531719208
21.50739860534668,42.75825119018555,9.524465560913086,0.0,0.0,0.0,0.0,0.0,4.541071428571429,3.469642857142857,0.0,0.3578689992427826,0.0,0.0,0.0,0.0,0.0,0.0401967354118824,0.0,0.0401967354118824,21.0,-4.557372570037842,-0.0401967354118824
21.500648498535156,44.76174545288086,9.117990493774414,0.0,0.0,0.0,0.0,0.0,4.5285000937325615,3.45707152230399,0.0,0.3620469868183136,0.0,0.0,0.0,0.0,0.0,0.029636085033416748,0.0,0.029636085033416748,22.0,-4.552399635314941,-0.029636085033416748
21.493898391723633,46.05537796020508,8.718040466308594,0.0,0.0,0.0,0.0,0.0,4.524214281354632,3.45278570992606,0.0,0.3013469874858856,0.0,0.0,0.0,0.0,0.0,0.02793850377202034,0.0,0.02793850377202034,23.0,-4.526096343994141,-0.02793850377202034
21.48714828491211,47.23416519165039,8.381773948669434,0.0,0.0,0.0,0.0,0.0,4.52528566632952,3.4538570949009486,0.0,0.2221280038356781,0.0,0.0,0.0,0.0,0.0,0.031096721068024635,0.0,0.031096721068024635,24.0,-4.4341840744018555,-0.031096721068024635
21.480398178100586,48.62272262573242,8.123129844665527,0.0,0.0,0.0,0.0,0.0,4.536785616193499,3.4653570447649273,0.0,0.18981599807739258,0.0,0.0,0.0,0.0,0.0,0.027718067169189453,0.0,0.027718067169189453,25.0,-4.353100299835205,-0.027718067169189453
21.473648071289062,49.79359817504883,7.900913238525391,0.0,0.0,0.0,0.0,0.0,4.544928632463727,3.473500061035156,0.0,0.17299799621105194,0.0,0.0,0.0,0.0,0.0,0.023832270875573158,0.0,0.023832270875573158,26.0,-4.130915641784668,-0.023832270875573158
21.46689796447754,50.7099494934082,7.6998291015625,0.0,0.0,0.0,0.0,0.0,4.567071451459612,3.4956427437918527,0.0,0.16041800379753113,0.0,0.0,0.0,0.0,0.0,0.024233456701040268,0.0,0.024233456701040268,27.0,-3.654247760772705,-0.024233456701040268
21.460147857666016,51.66331481933594,7.511178493499756,0.0,0.0,0.0,0.0,0.0,4.5901428767613,3.5187143053327286,0.0,0.15603700280189514,0.0,0.0,0.0,0.0,0.0,0.025566648691892624,0.0,0.025566648691892624,28.0,-2.721416473388672,-0.025566648691892624
21.453397750854492,52.717369079589844,7.325643539428711,0.0,0.0,0.0,0.0,0.0,4.628785760062081,3.55735718863351,0.014249999076128006,0.39869898557662964,0.0,0.0,0.0,0.0,0.0,0.06382083147764206,0.0,0.06382083147764206,29.0,-4.27079439163208,-0.06382083147764206
21.44664764404297,47.875892639160156,6.853464603424072,0.0,0.0,0.0,0.0,0.010188013467014034,4.687928553989956,3.616499982561384,0.18522800505161285,0.0,0.0,0.0,0.10188013315200806,0.0843418687582016,0.0,0.0,0.0,0.0843418687582016,30.0,-3.3513565063476562,-0.0843418687582016
21.439897537231445,47.04978942871094,6.853259086608887,0.0,0.0,0.0,0.0,0.06999395743003423,4.720928546360561,3.6494999749319894,0.2752330005168915,0.0,0.0,0.0,0.69993956387043,0.07362739741802216,0.0,0.0,0.0,0.07362739741802216,31.0,-3.2497735023498535,-0.07362739741802216
21.433147430419922,48.487701416015625,6.853053569793701,0.0,0.0,0.0,0.0,0.11926139919849332,4.745571422576904,3.674142783028739,0.30973300337791443,0.0,0.0,0.0,1.1926139742136002,0.05850301682949066,0.0,0.0,0.0,0.05850301682949066,32.0,-2.126054525375366,-0.05850301682949066
21.4263973236084,51.938751220703125,6.852848052978516,0.0,0.0,0.0,0.0,0.12006739333372402,4.770357145581927,3.698928506033761,0.31333601474761963,0.0,0.0,0.0,1.2006739154458046,0.043990038335323334,0.0,0.0,0.0,0.043990038335323334,33.0,-0.5257266759872437,-0.043990038335323334
21.419647216796875,54.38808822631836,6.85264253616333,0.0,0.0,0.0,0.0,0.1415883830426392,4.793000030517578,3.7215714590890068,0.3127540051937103,0.0,0.0,0.0,1.4158838093280792,0.07731220126152039,0.0,0.0,0.0,0.07731220126152039,34.0,-1.9749149084091187,-0.07731220126152039
21.41289710998535,50.13258361816406,6.8524370193481445,0.0,0.0,0.0,0.0,0.19809975099712235,4.812357166835239,3.7409285954066687,0.302280992269516,0.0,0.0,0.0,1.9809974804520607,0.08982142060995102,0.0,0.0,0.0,0.08982142060995102,35.0,-3.174515724182129,-0.08982142060995102
21.406147003173828,46.4654541015625,6.852231502532959,0.0,0.0,0.0,0.0,0.26687844197270927,4.844214248657226,3.772785677228655,0.3123970031738281,0.0,0.0,0.0,2.6687843799591064,0.05881857872009277,0.0,0.0,0.0,0.05881857872009277,36.0,-2.845217704772949,-0.05881857872009277
21.399396896362305,50.050010681152344,6.852025985717773,0.0,0.0,0.0,0.0,0.30556834720922027,4.888214329310825,3.816785757882254,0.32420599460601807,0.0,0.0,0.0,3.0556834265589714,0.03821057826280594,0.0,0.0,0.0,0.03821057826280594,37.0,-2.68086576461792,-0.03821057826280594
21.39264678955078,52.17573165893555,6.851820468902588,0.0,0.0,0.0,0.0,0.29810308252428586,4.929499980381557,3.8580714089529855,0.31019899249076843,0.0,0.0,0.0,2.9810307808220387,0.02617017552256584,0.0,0.0,0.0,0.02617017552256584,38.0,-2.8055946826934814,-0.02617017552256584
21.385896682739258,53.440834045410156,6.851614952087402,0.0,0.0,0.0,0.0,0.3055774836700779,4.9766428266252785,3.9052142551967073,0.3201960027217865,0.0,0.0,0.0,3.0557747911661863,0.020279305055737495,0.0,0.0,0.0,0.020279305055737495,39.0,-3.4007251262664795,-0.020279305055737495
21.379146575927734,54.28840637207031,6.851409435272217,0.0,0.0,0.0,0.0,0.3201467166862892,5.030999946594238,3.959571375165667,0.31014901399612427,0.0,0.0,0.0,3.2014671191573143,0.018583931028842926,0.0,0.0,0.0,0.018583931028842926,40.0,-3.8238747119903564,-0.018583931028842926
21.37239646911621,55.028377532958984,6.851203918457031,0.0,0.0,0.0,0.0,0.223194202381286,5.065285764421735,3.993857192993164,0.37898901104927063,0.0,0.0,0.0,2.2319419905543327,0.04241890460252762,0.0,0.0,0.0,0.04241890460252762,41.0,-4.458495140075684,-0.04241890460252762
21.365646362304688,49.55319595336914,6.850998401641846,0.0,0.0,0.0,0.0,0.07387715092118308,5.0677857535226005,3.996357182094029,0.4945339858531952,0.0,0.0,0.0,0.7387714982032776,0.08054453134536743,0.0,0.0,0.0,0.08054453134536743,42.0,-4.569186687469482,-0.08054453134536743
21.358896255493164,45.142845153808594,6.85079288482666,0.0,0.0,0.0,0.0,0.0,5.01450001852853,3.943071447099958,0.3429499864578247,0.46518903970718384,0.0,0.0,0.0,0.0,0.0,0.266079306602478,0.0,0.266079306602478,43.0,-4.5966949462890625,-0.266079306602478
21.35214614868164,46.41476058959961,6.104395389556885,0.0,0.0,0.0,0.0,0.0,4.9242856979370115,3.8528571265084404,0.0,0.7136809825897217,0.0,0.0,0.0,0.0,0.0,0.16663053631782532,0.0,0.16663053631782532,44.0,-4.592906475067139,-0.16663053631782532
21.345396041870117,46.39012908935547,5.205935478210449,0.0,0.0,0.0,0.0,0.0,4.882642827715192,3.811214256286621,0.0,0.3578689992427826,0.0,0.0,0.0,0.0,0.0,0.6885288953781128,0.0,0.6885288953781128,45.0,-4.599238395690918,-0.6885288953781128
21.338645935058594,38.88804626464844,4.138026714324951,0.0,0.0,0.0,0.0,0.0,4.872214262826102,3.8007856913975306,0.0,0.3620469868183136,0.0,0.0,0.0,0.0,0.0,0.08135832101106644,0.0,0.08135832101106644,46.0,-4.575068950653076,-0.08135832101106644
21.33189582824707,44.14714050292969,3.685448408126831,0.0,0.0,0.0,0.0,0.0,4.878571455819266,3.8071428843906947,0.0,0.3013469874858856,0.0,0.0,0.0,0.0,0.0,0.056972354650497437,0.0,0.056972354650497437,47.0,-4.542653560638428,-0.056972354650497437
21.325145721435547,47.63565444946289,3.3197059631347656,0.0,0.0,0.0,0.0,0.0,4.894785690307617,3.823357118879046,0.0,0.2221280038356781,0.0,0.0,0.0,0.0,0.0,0.049778278917074203,0.0,0.049778278917074203,48.0,-4.461502552032471,-0.049778278917074203
21.318395614624023,50.614383697509766,3.0421512126922607,0.0,0.0,0.0,0.0,0.0,4.921000017438616,3.8495714460100445,0.0,0.18981599807739258,0.0,0.0,0.0,0.0,0.0,0.03932251036167145,0.0,0.03932251036167145,49.0,-4.359567165374756,-0.03932251036167145
21.3116455078125,52.84621810913086,2.8082451820373535,0.0,0.0,0.0,0.0,0.0,4.944714219229562,3.8732856478009907,0.0,0.17299799621105194,0.0,0.0,0.0,0.0,0.0,0.07802384346723557,0.0,0.07802384346723557,50.0,-4.421530723571777,-0.07802384346723557
21.304895401000977,48.9364128112793,2.552016258239746,0.0,0.0,0.0,0.0,0.0,4.953500011989048,3.882071440560477,0.0,0.16041800379753113,0.0,0.0,0.0,0.0,0.0,0.06989011913537979,0.0,0.06989011913537979,51.0,-4.138072490692139,-0.06989011913537979
21.298145294189453,53.46852493286133,2.3169314861297607,0.0,0.0,0.0,0.0,0.0,4.9560000010899135,3.8845714296613423,0.0,0.15603700280189514,0.0,0.0,0.0,0.0,0.0,0.05763549357652664,0.0,0.05763549357652664,52.0,-2.8757457733154297,-0.05763549357652664
21.29139518737793,57.091041564941406,2.0988290309906006,0.0,0.0,0.0,0.0,0.0,4.958071381705148,3.8866428102765767,0.03134999796748161,0.13092200458049774,0.0,0.0,0.0,0.0,0.0,0.046046726405620575,0.0,0.046046726405620575,53.0,-0.5514693260192871,-0.046046726405620575
21.284639358520508,59.85204315185547,1.9181857109069824,0.0,0.0,0.0,0.0,0.0,5.017928613935198,3.9465000425066266,0.18522800505161285,0.0,0.0,0.387448500841856,0.0,0.036273468285799026,0.0,0.0,0.0,0.036273468285799026,54.0,1.2258261442184448,-0.036273468285799026
21.277883529663086,61.926204681396484,2.305576801300049,0.0,0.0,0.0,0.0,0.007219718504245853,5.0762857164655415,4.00485714503697,0.2752330005168915,0.0,0.0,1.4031579494476318,0.07219718396663666,0.03351189196109772,0.0,0.0,0.0,0.03351189196109772,55.0,1.4031579494476318,-0.03351189196109772
21.2690486907959,63.828861236572266,3.708665609359741,0.0,0.0,0.0,0.0,0.23669467325053617,5.159785761151995,4.088357189723423,0.30973300337791443,0.0,0.0,0.0,2.3669466972351074,0.5675702095031738,0.0,0.0,0.0,0.5675702095031738,56.0,-4.590336799621582,-0.5675702095031738
21.26127052307129,45.31708908081055,3.70855450630188,0.0,0.0,0.0,0.0,0.4251854736385564,5.245357186453683,4.173928615025112,0.31333601474761963,0.0,0.0,0.0,4.251854673027992,0.13255952298641205,0.0,0.0,0.0,0.13255952298641205,57.0,-3.8637521266937256,-0.13255952298641205
21.268020629882812,55.256927490234375,3.7084434032440186,0.0,0.0,0.0,0.0,0.5211728277977231,5.306785665239606,4.235357093811035,0.3127540051937103,0.0,0.0,0.0,5.211728200316429,0.08621777594089508,0.0,0.0,0.0,0.08621777594089508,58.0,-1.5299022197723389,-0.08621777594089508
21.274770736694336,61.58879089355469,3.7083323001861572,0.0,0.0,0.0,0.0,0.5827649859005954,5.347714233398437,4.276285661969866,0.302280992269516,0.0,0.0,0.0,5.827649772167206,0.10016947984695435,0.0,0.0,0.0,0.10016947984695435,59.0,-2.7013206481933594,-0.10016947984695435
21.28152084350586,54.963722229003906,3.708221197128296,0.0,0.0,0.0,0.0,0.5918066709012786,5.368142890930176,4.296714319501604,0.3123970031738281,0.0,0.0,0.0,5.918066620826721,0.06518638134002686,0.0,0.0,0.0,0.06518638134002686,60.0,-2.0116751194000244,-0.06518638134002686
21.288270950317383,59.664005279541016,3.7081100940704346,0.0,0.0,0.0,0.0,0.600013797730413,5.371999958583286,4.300571387154715,0.32420599460601807,0.0,0.0,0.0,6.000137887895107,0.036856092512607574,0.0,0.0,0.0,0.036856092512607574,61.0,-1.003045678138733,-0.036856092512607574
21.295021057128906,62.03253173828125,3.7079989910125732,0.0,0.0,0.0,0.0,0.5795325594698273,5.361357089451381,4.28992851802281,0.31019899249076843,0.0,0.0,0.0,5.795325508341193,0.020075568929314613,0.0,0.0,0.0,0.020075568929314613,62.0,-0.7052600383758545,-0.020075568929314613
21.30177116394043,63.012962341308594,3.707887887954712,0.0,0.0,0.0,0.0,0.49505117677228405,5.346142850603376,4.2747142791748045,0.36562299728393555,0.0,0.0,0.0,4.950511693954468,0.26796507835388184,0.0,0.0,0.0,0.26796507835388184,63.0,-4.559988498687744,-0.26796507835388184
21.308521270751953,46.7138786315918,3.7077767848968506,0.0,0.0,0.0,0.0,0.4084199221196758,5.326071412222726,4.254642840794155,0.31014901399612427,0.0,0.0,0.0,4.084199160337448,0.06970146298408508,0.0,0.0,0.0,0.06970146298408508,64.0,-4.398075103759766,-0.06970146298408508
21.315271377563477,51.729976654052734,3.7076656818389893,0.0,0.0,0.0,0.0,0.24834115987034375,5.293857111249651,4.222428539821079,0.37898901104927063,0.0,0.0,0.0,2.4834115616977215,0.046499479562044144,0.0,0.0,0.0,0.046499479562044144,65.0,-4.38005256652832,-0.046499479562044144
21.322021484375,54.82416915893555,3.707554578781128,0.0,0.0,0.0,0.0,0.08457164331632319,5.171714319501604,4.100285748073032,0.4945339858531952,0.0,0.0,0.0,0.8457164205610752,0.03344958648085594,0.0,0.0,0.0,0.03344958648085594,66.0,-4.421104907989502,-0.03344958648085594
21.315271377563477,56.78325653076172,3.7074434757232666,0.0,0.0,0.0,0.0,0.0,4.932071495056152,3.860642923627581,0.3249000012874603,0.12204998731613159,0.0,0.0,0.0,0.0,0.0,0.05600254610180855,0.0,0.05600254610180855,67.0,-4.5086822509765625,-0.05600254610180855
21.308521270751953,48.490230560302734,3.525646209716797,0.0,0.0,0.0,0.0,0.0,4.72514283316476,3.6537142617361886,0.0,0.3757930099964142,0.0,0.0,0.0,0.0,0.0,0.036311350762844086,0.0,0.036311350762844086,68.0,-4.452064037322998,-0.036311350762844086
21.30177116394043,50.36336898803711,3.1050260066986084,0.0,0.0,0.0,0.0,0.0,4.638642937796456,3.567214366367885,0.0,0.3578689992427826,0.0,0.0,0.0,0.0,0.0,0.09515899419784546,0.0,0.09515899419784546,69.0,-4.540978908538818,-0.09515899419784546
21.295021057128906,43.9869270324707,2.6426596641540527,0.0,0.0,0.0,0.0,0.0,4.6055714198521205,3.534142848423549,0.0,0.3620469868183136,0.0,0.0,0.0,0.0,0.0,0.04752607271075249,0.0,0.04752607271075249,70.0,-4.516111373901367,-0.04752607271075249
21.288270950317383,46.53690719604492,2.2246487140655518,0.0,0.0,0.0,0.0,0.0,4.587857055664062,3.516428484235491,0.0,0.3013469874858856,0.0,0.0,0.0,0.0,0.0,0.04260248690843582,0.0,0.04260248690843582,71.0,-4.438221454620361,-0.04260248690843582
21.28152084350586,48.738704681396484,1.8736131191253662,0.0,0.0,0.0,0.0,0.0,4.574142946515765,3.502714375087193,0.0,0.2221280038356781,0.0,0.0,0.0,0.0,0.0,0.04573865979909897,0.0,0.04573865979909897,72.0,-4.222833156585693,-0.04573865979909897
21.274770736694336,51.13997268676758,1.6002236604690552,0.0,0.0,0.0,0.0,0.0,4.564785766601562,3.493357195172991,0.0,0.18981599807739258,0.0,0.0,0.0,0.0,0.0,0.03644244745373726,0.0,0.03644244745373726,73.0,-3.9192874431610107,-0.03644244745373726
21.268020629882812,52.91022491455078,1.3692997694015503,0.0,0.0,0.0,0.0,0.0,4.554714284624372,3.483285849434989,0.0,0.17299799621105194,0.0,0.0,0.0,0.0,0.0,0.04165177419781685,0.0,0.04165177419781685,74.0,-3.2033069133758545,-0.04165177419781685
21.26127052307129,55.02143478393555,1.1502283811569214,0.0,0.0,0.0,0.0,0.0,4.542071424211774,3.470642852783203,0.0,0.16041800379753113,0.0,0.0,0.0,0.0,0.0,0.043547336012125015,0.0,0.043547336012125015,75.0,-1.603707194328308,-0.043547336012125015
21.25450897216797,57.248714447021484,0.9420660138130188,0.0,0.0,0.0,0.0,-0.059382983421603086,4.526928574698312,3.4555001395089286,0.0,0.0,0.15603700280189514,0.0,0.0,0.0,0.041906267404556274,0.0,0.0,0.041906267404556274,76.0,0.5526695847511292,-0.041906267404556274
21.247751235961914,59.35459518432617,0.9420377612113953,0.0,0.0,0.0,0.0,-0.04712045864246117,4.51757139478411,3.4461426871163505,0.042750000953674316,0.0,0.11952200531959534,0.0,0.0,0.0,0.03754618391394615,0.0,0.0,0.03754618391394615,77.0,2.2983953952789307,-0.03754618391394615
21.23892593383789,61.164794921875,0.9420095086097717,0.0,0.0,0.0,0.0,0.0,4.559571347917829,3.4881427764892576,0.18522800505161285,0.0,0.0,0.4495069831609726,0.0,0.03881503641605377,0.0,0.0,0.0,0.03881503641605377,78.0,3.228832244873047,-0.03881503641605377
21.232168197631836,63.090118408203125,1.3914881944656372,0.0,0.0,0.0,0.0,0.12241249266881482,4.633285740443638,3.561857169015067,0.2752330005168915,0.0,0.0,0.0,1.2241249084472656,0.5811421871185303,0.0,0.0,0.0,0.5811421871185303,79.0,-4.570260047912598,-0.5811421871185303
21.22541046142578,39.46876907348633,1.3914464712142944,0.0,0.0,0.0,0.0,0.236177585068011,4.707071454184396,3.6356429508754187,0.8445590138435364,0.0,0.0,0.0,2.361775815486908,0.758014976978302,0.0,0.0,0.0,0.758014976978302,80.0,-4.598003387451172,-0.758014976978302
21.218660354614258,51.921573638916016,1.3914047479629517,0.0,0.0,0.0,0.0,0.49609729492809307,4.773714283534458,3.7022857121058874,0.5312780141830444,0.0,0.0,0.0,4.960972875356674,0.18304911255836487,0.0,0.0,0.0,0.18304911255836487,81.0,-3.679678440093994,-0.18304911255836487
21.211910247802734,56.723609924316406,1.3913630247116089,0.0,0.0,0.0,0.0,0.48858145905407446,4.828285707746233,3.7568571363176617,0.3127540051937103,0.0,0.0,1.6600261926651,4.885814517736435,0.10110524296760559,0.0,0.0,0.0,0.10110524296760559,82.0,1.6600261926651,-0.10110524296760559
21.20516014099121,63.336910247802734,3.051347494125366,0.0,0.0,0.0,0.0,0.5961896329550389,4.873571477617536,3.8021429061889647,0.302280992269516,0.0,0.0,1.3973374366760254,5.961896240711212,0.10283583402633667,0.0,0.0,0.0,0.10283583402633667,83.0,1.3973374366760254,-0.10283583402633667
21.198410034179688,60.877113342285156,4.4485931396484375,0.0,0.0,0.0,0.0,0.5742163073154732,4.893071392604282,3.821642821175711,0.3123970031738281,0.0,0.0,1.9782993793487549,5.742162987589836,0.0535406619310379,0.0,0.0,0.0,0.0535406619310379,84.0,1.9782993793487549,-0.0535406619310379
21.191659927368164,64.12995910644531,6.426758766174316,0.0,0.0,0.0,0.0,0.5529359006993233,4.894499996730259,3.8230714253016878,0.32420599460601807,0.0,0.0,1.984022855758667,5.529358924599364,0.001812158850952983,0.0,0.0,0.0,0.001812158850952983,85.0,1.984022855758667,-0.001812158850952983
21.18490982055664,63.59159469604492,8.410589218139648,0.0,0.0,0.0,0.0,0.6881604775884818,4.888285718645368,3.8168571472167967,0.31019899249076843,0.0,0.0,0.0,6.881604673340917,0.00919627957046032,0.0,0.0,0.00919627957046032,0.0,86.0,-0.6974139213562012,0.00919627957046032
21.18490219116211,58.57468795776367,8.410337448120117,0.0,0.0,0.0,0.0,0.5649210898566407,4.8704285757882255,3.799000004359654,0.3201960027217865,0.0,0.0,0.0,5.649210814386606,0.04504263028502464,0.0,0.0,0.0,0.04504263028502464,87.0,-4.126562595367432,-0.04504263028502464
21.178152084350586,46.69397735595703,8.410085678100586,0.0,0.0,0.0,0.0,0.41515755452450437,4.8470714569091795,3.7756428854806083,0.31014901399612427,0.0,0.0,0.0,4.151575483381748,0.042225442826747894,0.0,0.0,0.0,0.042225442826747894,88.0,-4.326514720916748,-0.042225442826747894
21.171401977539062,49.08026123046875,8.409833908081055,0.0,0.0,0.0,0.0,0.2512059059173748,4.817500059945242,3.7460714885166713,0.37898901104927063,0.0,0.0,0.0,2.512059021741152,0.034002017229795456,0.0,0.0,0.0,0.034002017229795456,89.0,-4.390303611755371,-0.034002017229795456
21.16465187072754,50.851810455322266,8.409582138061523,0.0,0.0,0.0,0.0,0.08443965590655289,4.773285743168422,3.7018571036202568,0.4945339858531952,0.0,0.0,0.0,0.8443965464830399,0.09936945140361786,0.0,0.0,0.0,0.09936945140361786,90.0,-4.569897651672363,-0.09936945140361786
21.157901763916016,42.307987213134766,8.409330368041992,0.0,0.0,0.0,0.0,0.0,4.704500007629394,3.633071436200823,0.42274999618530273,0.024199992418289185,0.0,0.0,0.0,0.0,0.0,0.1952483057975769,0.0,0.1952483057975769,91.0,-4.587807655334473,-0.1952483057975769
21.151151657104492,39.43332290649414,8.185152053833008,0.0,0.0,0.0,0.0,0.0,4.62021427154541,3.548785700116839,0.0,0.3757930099964142,0.0,0.0,0.0,0.0,0.0,0.12872406840324402,0.0,0.12872406840324402,92.0,-4.582388877868652,-0.12872406840324402
21.14440155029297,38.72594451904297,7.670093536376953,0.0,0.0,0.0,0.0,0.0,4.584499985831124,3.513071550641741,0.0,0.934095025062561,0.0,0.0,0.0,0.0,0.0,0.6040936708450317,0.0,0.6040936708450317,93.0,-4.59963846206665,-0.6040936708450317
21.137651443481445,45.2096061706543,6.100283622741699,0.0,0.0,0.0,0.0,0.0,4.574357114519391,3.50292854309082,0.0,0.3620469868183136,0.0,0.0,0.0,0.0,0.0,0.0412982814013958,0.0,0.0412982814013958,94.0,-4.536635875701904,-0.0412982814013958
21.130901336669922,47.31275939941406,5.688523769378662,0.0,0.0,0.0,0.0,0.0,4.582928603036063,3.5114998953683036,0.0,0.3013469874858856,0.0,0.0,0.0,0.0,0.0,0.07039303332567215,0.0,0.07039303332567215,95.0,-4.547341346740723,-0.07039303332567215
21.1241512298584,43.86143112182617,5.309026718139648,0.0,0.0,0.0,0.0,0.0,4.599857139587402,3.528428568158831,0.0,0.2221280038356781,0.0,0.0,0.0,0.0,0.0,0.10746505856513977,0.0,0.10746505856513977,96.0,-4.548935413360596,-0.10746505856513977
21.117401123046875,42.79129409790039,4.972548007965088,0.0,0.0,0.0,0.0,0.0,4.619428580147879,3.548000008719308,0.0,0.18981599807739258,0.0,0.0,0.0,0.0,0.0,0.06553724408149719,0.0,0.06553724408149719,97.0,-4.493710041046143,-0.06553724408149719
21.11065101623535,46.57944869995117,4.71183443069458,0.0,0.0,0.0,0.0,0.0,4.6401429312569755,3.568714359828404,0.0,0.17299799621105194,0.0,0.0,0.0,0.0,0.0,0.10068747401237488,0.0,0.10068747401237488,98.0,-4.502935886383057,-0.10068747401237488
21.103900909423828,43.6749382019043,4.432422637939453,0.0,0.0,0.0,0.0,0.0,4.663714286259243,3.592285646711077,0.0,0.16041800379753113,0.0,0.0,0.0,0.0,0.0,0.08455821126699448,0.0,0.08455821126699448,99.0,-4.343737602233887,-0.08455821126699448
21.097150802612305,48.82916259765625,4.182313919067383,0.0,0.0,0.0,0.0,0.0,4.677214295523507,3.6057857240949356,0.0,0.15603700280189514,0.0,0.0,0.0,0.0,0.0,0.07044711709022522,0.0,0.07044711709022522,100.0,-3.5480706691741943,-0.07044711709022522
21.09040069580078,53.02947235107422,3.951082229614258,0.0,0.0,0.0,0.0,0.0,4.68907139641898,3.6176427568708145,0.02944999933242798,0.13282200694084167,0.0,0.0,0.0,0.0,0.0,0.05621591582894325,0.0,0.05621591582894325,101.0,-1.5370721817016602,-0.05621591582894325
21.083650588989258,56.258453369140625,3.7580678462982178,0.0,0.0,0.0,0.0,0.0,4.76164287839617,3.690214375087193,0.18522800505161285,0.0,0.0,0.40854424983263016,0.0,0.039877764880657196,0.0,0.0,0.0,0.039877764880657196,102.0,0.4461306631565094,-0.039877764880657196
21.076900482177734,58.40940856933594,4.166499137878418,0.0,0.0,0.0,0.0,0.14367780005451736,4.826500020708356,3.755071449279785,0.2752330005168915,0.0,0.0,0.0,1.4367779791355133,0.088238924741745,0.0,0.0,0.0,0.088238924741745,103.0,-2.431929111480713,-0.088238924741745
21.07015037536621,52.09791946411133,4.166374206542969,0.0,0.0,0.0,0.0,0.28814430666184876,4.929214286804199,3.857785715375628,0.30973300337791443,0.0,0.0,0.0,2.8814430236816406,0.12812399864196777,0.0,0.0,0.0,0.12812399864196777,104.0,-3.6350111961364746,-0.12812399864196777
21.063400268554688,50.75265884399414,4.1662492752075195,0.0,0.0,0.0,0.0,0.45478405736064986,5.039500045776367,3.968071474347796,0.31333601474761963,0.0,0.0,0.0,4.547840505838394,0.10637339949607849,0.0,0.0,0.0,0.10637339949607849,105.0,-2.4248616695404053,-0.10637339949607849
21.056650161743164,58.17640686035156,4.16612434387207,0.0,0.0,0.0,0.0,0.5852750815468851,5.140571403503418,4.069142832074847,0.3127540051937103,0.0,0.0,0.0010161675745621324,5.852750728256069,0.07687904685735703,0.0,0.0,0.0,0.07687904685735703,106.0,0.0010161675745621324,-0.07687904685735703
21.04990005493164,63.50466537475586,4.167015552520752,0.0,0.0,0.0,0.0,0.4772086844177347,5.21049998147147,4.139071410042899,0.302280992269516,0.0,0.0,1.7709048986434937,4.772086773067713,0.04602762684226036,0.0,0.0,0.0,0.04602762684226036,107.0,1.7709048986434937,-0.04602762684226036
21.056650161743164,66.48706817626953,5.937795639038086,0.0,0.0,0.0,0.0,0.7270088151396633,5.2595000403268,4.188071468898228,0.3123970031738281,0.0,0.0,0.0,7.270088043063879,0.037464771419763565,0.0,0.0,0.0,0.037464771419763565,108.0,-0.2887892425060272,-0.037464771419763565
21.063400268554688,61.30387496948242,5.937617778778076,0.0,0.0,0.0,0.0,0.7474846131724805,5.314499936785016,4.243071365356445,0.32420599460601807,0.0,0.0,0.0,7.4748460203409195,0.017547473311424255,0.0,0.0,0.0,0.017547473311424255,109.0,-1.3585412502288818,-0.017547473311424255
21.07015037536621,62.060546875,5.937439918518066,0.0,0.0,0.0,0.0,0.6952289714698339,5.381714221409389,4.310285649980818,0.31019899249076843,0.0,0.0,0.0,6.9522896111011505,0.007861584424972534,0.0,0.0,0.0,0.007861584424972534,110.0,-2.0464956760406494,-0.007861584424972534
21.076900482177734,62.03917694091797,5.937262058258057,0.0,0.0,0.0,0.0,0.5511721871967938,5.42457139151437,4.3531428200857984,0.3201960027217865,0.0,0.0,0.0,5.5117217898368835,0.42858201265335083,0.0,0.0,0.0,0.42858201265335083,111.0,-4.590969085693359,-0.42858201265335083
21.083650588989258,46.236083984375,5.937084197998047,0.0,0.0,0.0,0.0,0.4488242581311502,5.4365714754377095,4.365142904009138,0.31014901399612427,0.0,0.0,0.0,4.488242514431477,0.06085788458585739,0.0,0.0,0.0,0.06085788458585739,112.0,-4.506480693817139,-0.06085788458585739
21.09040069580078,50.65955352783203,5.936906337738037,0.0,0.0,0.0,0.0,0.27433832994607577,5.420642798287528,4.349214226858956,0.37898901104927063,0.0,0.0,0.0,2.7433832585811615,0.04872766137123108,0.0,0.0,0.0,0.04872766137123108,113.0,-4.506556034088135,-0.04872766137123108
21.097150802612305,54.05265808105469,5.936728477478027,0.0,0.0,0.0,0.0,0.09639483014337463,5.377642849513462,4.306214278084891,0.4945339858531952,0.0,0.0,0.0,0.9639482870697975,0.04061766713857651,0.0,0.0,0.0,0.04061766713857651,114.0,-4.52536678314209,-0.04061766713857651
21.103900909423828,56.73582077026367,5.936550617218018,0.0,0.0,0.0,0.0,0.0,5.2982143129621235,4.226785741533552,0.43985000252723694,0.0070999860763549805,0.0,0.0,0.0,0.0,0.0,0.08136296272277832,0.0,0.08136296272277832,115.0,-4.568904399871826,-0.08136296272277832
21.11065101623535,49.25446319580078,5.846104621887207,0.0,0.0,0.0,0.0,0.0,5.202285712105887,4.130857140677316,0.0,0.3757930099964142,0.0,0.0,0.0,0.0,0.0,0.05813038721680641,0.0,0.05813038721680641,116.0,-4.553493976593018,-0.05813038721680641
21.117401123046875,53.188411712646484,5.4031500816345215,0.0,0.0,0.0,0.0,0.0,5.155071476527622,4.083642905099051,0.0,0.3578689992427826,0.0,0.0,0.0,0.0,0.0,0.036310870200395584,0.0,0.036310870200395584,117.0,-4.529460906982422,-0.036310870200395584
21.11065101623535,55.36090850830078,5.000763416290283,0.0,0.0,0.0,0.0,0.0,5.114928599766323,4.043500028337752,0.0,0.3620469868183136,0.0,0.0,0.0,0.0,0.0,0.024287018924951553,0.0,0.024287018924951553,118.0,-4.508711814880371,-0.024287018924951553
21.103900909423828,56.57304382324219,4.606395244598389,0.0,0.0,0.0,0.0,0.0,5.081857081821987,4.010428510393416,0.0,0.3013469874858856,0.0,0.0,0.0,0.0,0.0,0.01809467002749443,0.0,0.01809467002749443,119.0,-4.440914630889893,-0.01809467002749443
21.097150802612305,57.29351043701172,4.280296325683594,0.0,0.0,0.0,0.0,0.0,5.053499984741211,3.9820714133126396,0.0,0.2221280038356781,0.0,0.0,0.0,0.0,0.0,0.019116686657071114,0.0,0.019116686657071114,120.0,-4.2754902839660645,-0.019116686657071114
21.09040069580078,58.08218765258789,4.033999919891357,0.0,0.0,0.0,0.0,0.0,4.8628570829118996,3.791428511483329,0.0,0.18902599811553955,0.0,0.0,0.0,0.0,0.0,0.0338558554649353,0.0,0.0338558554649353,121.0,-4.283989429473877,-0.0338558554649353
21.083650588989258,52.931976318359375,3.806448459625244,0.0,0.0,0.0,0.0,0.0,4.855357115609305,3.7839285441807338,0.0,0.17225700616836548,0.0,0.0,0.0,0.0,0.0,0.03520145267248154,0.0,0.03520145267248154,122.0,-4.130259037017822,-0.03520145267248154
21.076900482177734,54.815250396728516,3.594641923904419,0.0,0.0,0.0,0.0,0.0,4.845357159205845,3.773928587777274,0.0,0.15967600047588348,0.0,0.0,0.0,0.0,0.0,0.03815431147813797,0.0,0.03815431147813797,123.0,-3.462724208831787,-0.03815431147813797
21.07015037536621,56.90549087524414,3.3926665782928467,0.0,0.0,0.0,0.0,0.0,4.834928594316755,3.7635000228881834,0.0,0.15532000362873077,0.0,0.0,0.0,0.0,0.0,0.03848977014422417,0.0,0.03848977014422417,124.0,-1.9608558416366577,-0.03848977014422417
21.063400268554688,59.01231384277344,3.1947996616363525,0.0,0.0,0.0,0.0,-0.05570874361033207,4.840642874581473,3.7692143031529017,0.009499999694526196,0.0,0.15200300514698029,0.0,0.0,0.0,0.033692799508571625,0.0,0.0,0.033692799508571625,125.0,0.08528576791286469,-0.033692799508571625
21.056650161743164,60.7765998840332,3.1947038173675537,0.0,0.0,0.0,0.0,0.0,4.912000056675502,3.840571485246931,0.18425999581813812,0.0,0.0,0.31115761399269104,0.0,0.02613237500190735,0.0,0.0,0.0,0.02613237500190735,126.0,1.3633161783218384,-0.02613237500190735
21.04990005493164,62.03013610839844,3.505765676498413,0.0,0.0,0.0,0.0,0.0038823344391932246,4.976142828805106,3.9047142573765345,0.2739329934120178,0.0,0.0,1.3825159072875977,0.03882334381341934,0.026127837598323822,0.0,0.0,0.0,0.026127837598323822,127.0,1.3825159072875977,-0.026127837598323822
21.043149948120117,63.31547927856445,4.888176441192627,0.0,0.0,0.0,0.0,0.3124781722199644,5.096214239937918,4.024785668509347,0.3082900047302246,0.0,0.0,0.0,3.1247816756367683,0.08097808808088303,0.0,0.0,0.0,0.08097808808088303,128.0,-1.3321895599365234,-0.08097808808088303
21.036399841308594,60.103919982910156,4.888030052185059,0.0,0.0,0.0,0.0,0.2374924210830393,5.168142809186663,4.096714237758091,0.31154200434684753,0.0,0.0,0.1089198887348175,2.374924175441265,0.0536639466881752,0.0,0.0,0.0,0.0536639466881752,129.0,0.1089198887348175,-0.0536639466881752
21.043149948120117,63.64889144897461,4.9968037605285645,0.0,0.0,0.0,0.0,0.1486354321038042,5.173928615025112,4.102500043596541,0.3106450140476227,0.0,0.0,0.0,1.486354298889637,0.08115070313215256,0.0,0.0,0.0,0.08115070313215256,130.0,-2.0897772312164307,-0.08115070313215256
21.04990005493164,55.80997848510742,4.996654033660889,0.0,0.0,0.0,0.0,0.23210013109594774,5.187285777500698,4.115857206072127,0.3001460134983063,0.0,0.0,0.0,2.321001276373863,0.09965278208255768,0.0,0.0,0.0,0.09965278208255768,131.0,-3.4127278327941895,-0.09965278208255768
21.056650161743164,52.44026565551758,4.996504306793213,0.0,0.0,0.0,0.0,0.31251765582736807,5.21557148524693,4.144142913818359,0.3103350102901459,0.0,0.0,0.0,3.1251765117049217,0.06428853422403336,0.0,0.0,0.0,0.06428853422403336,132.0,-2.7553436756134033,-0.06428853422403336
21.063400268554688,56.87845230102539,4.996354579925537,0.0,0.0,0.0,0.0,0.39578702145497524,5.274285670689174,4.202857099260603,0.9527930021286011,0.0,0.0,0.0,3.9578701555728912,0.24403700232505798,0.0,0.0,0.0,0.24403700232505798,133.0,-4.588057994842529,-0.24403700232505798
21.07015037536621,53.6755485534668,4.996204853057861,0.0,0.0,0.0,0.0,0.5045244537968105,5.3226428168160576,4.2512142453874855,0.30810999870300293,0.0,0.0,0.0,5.045244462788105,0.04644560068845749,0.0,0.0,0.0,0.04644560068845749,134.0,-3.5409657955169678,-0.04644560068845749
21.076900482177734,56.791015625,4.9960551261901855,0.0,0.0,0.0,0.0,0.4405558860384804,5.355000032697405,4.283571461268833,0.3182229995727539,0.0,0.0,0.0,4.405558794736862,0.05851820111274719,0.0,0.0,0.0,0.05851820111274719,135.0,-4.196931838989258,-0.05851820111274719
21.083650588989258,52.95267105102539,4.99590539932251,0.0,0.0,0.0,0.0,0.35359260817755167,5.365499986921038,4.294071415492466,0.3080269992351532,0.0,0.0,0.0,3.535926029086113,0.0434468537569046,0.0,0.0,0.0,0.0434468537569046,136.0,-4.226378440856934,-0.0434468537569046
21.09040069580078,55.8593635559082,4.995755672454834,0.0,0.0,0.0,0.0,0.19444347164695663,5.3481428418840675,4.276714270455496,0.37723100185394287,0.0,0.0,0.0,1.9444346874952316,0.031484201550483704,0.0,0.0,0.0,0.031484201550483704,137.0,-4.316027641296387,-0.031484201550483704
21.097150802612305,57.77043151855469,4.995605945587158,0.0,0.0,0.0,0.0,0.025213764983620712,5.309714262826102,4.238285691397531,0.49322599172592163,0.0,0.0,0.0,0.2521376460790634,0.06023634970188141,0.0,0.0,0.0,0.06023634970188141,138.0,-4.528123378753662,-0.06023634970188141
21.103900909423828,53.66875457763672,4.995456218719482,0.0,0.0,0.0,0.0,0.0,5.265785707746233,4.194357136317661,0.09974999725818634,0.34574800729751587,0.0,0.0,0.0,0.0,0.0,0.044972505420446396,0.0,0.044972505420446396,139.0,-4.514621257781982,-0.044972505420446396
21.11065101623535,56.61508560180664,4.596611976623535,0.0,0.0,0.0,0.0,0.0,5.230500030517578,4.159071459089007,0.0,0.37415799498558044,0.0,0.0,0.0,0.0,0.0,0.06313493102788925,0.0,0.06313493102788925,140.0,-4.540319442749023,-0.06313493102788925
21.117401123046875,52.895259857177734,4.150257110595703,0.0,0.0,0.0,0.0,0.0,5.222642844063895,4.151214272635324,0.0,0.3562360107898712,0.0,0.0,0.0,0.0,0.0,0.043825846165418625,0.0,0.043825846165418625,141.0,-4.526595592498779,-0.043825846165418625
21.1241512298584,55.71309280395508,3.74190616607666,0.0,0.0,0.0,0.0,0.0,5.21557148524693,4.144142913818359,0.0,0.36024099588394165,0.0,0.0,0.0,0.0,0.0,0.03242301568388939,0.0,0.03242301568388939,142.0,-4.502883434295654,-0.03242301568388939
21.130901336669922,57.61872482299805,3.341116428375244,0.0,0.0,0.0,0.0,0.0,5.207928603036063,4.136500031607492,0.0,0.29989999532699585,0.0,0.0,0.0,0.0,0.0,0.02751500904560089,0.0,0.02751500904560089,143.0,-4.427338123321533,-0.02751500904560089
21.137651443481445,59.130252838134766,3.0069193840026855,0.0,0.0,0.0,0.0,0.0,5.225071443830218,4.153642872401646,0.0,0.22134600579738617,0.0,0.0,0.0,0.0,0.0,0.026690565049648285,0.0,0.026690565049648285,144.0,-4.224856853485107,-0.026690565049648285
21.14440155029297,60.58515548706055,2.7537307739257812,0.0,0.0,0.0,0.0,0.0,5.232571411132812,4.161142839704241,0.0,0.18902599811553955,0.0,0.0,0.0,0.0,0.0,0.4774124026298523,0.0,0.4774124026298523,145.0,-4.596339702606201,-0.4774124026298523
21.151151657104492,45.96316909790039,2.0736091136932373,0.0,0.0,0.0,0.0,0.0,5.234928621564593,4.163500050136021,0.0,0.17225700616836548,0.0,0.0,0.0,0.0,0.0,0.10008030384778976,0.0,0.10008030384778976,146.0,-4.497829914093018,-0.10008030384778976
21.157901763916016,53.28310775756836,1.7956516742706299,0.0,0.0,0.0,0.0,0.0,5.244928577968052,4.173500006539481,0.0,0.15967600047588348,0.0,0.0,0.0,0.0,0.0,0.07505740225315094,0.0,0.07505740225315094,147.0,-4.0666823387146,-0.07505740225315094
21.16465187072754,58.619422912597656,1.5560739040374756,0.0,0.0,0.0,0.0,0.0,5.25335715157645,4.181928580147879,0.0,0.15532000362873077,0.0,0.0,0.0,0.0,0.0,0.055510975420475006,0.0,0.055510975420475006,148.0,-2.498638153076172,-0.055510975420475006
21.171401977539062,62.400230407714844,1.3408936262130737,0.0,0.0,0.0,0.0,-0.06086027938565719,5.262071418762207,4.190642847333636,0.0,0.0,0.16150300204753876,0.0,0.0,0.0,0.04136458784341812,0.0,0.0,0.04136458784341812,149.0,0.01994291879236698,-0.04136458784341812
21.178152084350586,65.05339813232422,1.3408534526824951,0.0,0.0,0.0,0.0,0.0,5.28500006539481,4.2135714939662385,0.18425999581813812,0.0,0.0,0.1928790621459484,0.0,0.03136095777153969,0.0,0.0,0.0,0.03136095777153969,150.0,1.7943013906478882,-0.03136095777153969
21.18490219116211,66.9163818359375,1.5336923599243164,0.0,0.0,0.0,0.0,0.0,5.325928633553641,4.25450006212507,0.2739329934120178,0.0,0.0,1.2477312795817852,0.0,0.025885749608278275,0.0,0.0,0.0,0.025885749608278275,151.0,2.0938754081726074,-0.025885749608278275
21.191652297973633,68.35723876953125,2.7813775539398193,0.0,0.0,0.0,0.0,0.07204532600261755,5.395214298793247,4.323785727364676,0.3082900047302246,0.0,0.0,2.2117295265197754,0.7204532492905855,0.030377162620425224,0.0,0.0,0.0,0.030377162620425224,152.0,2.2117295265197754,-0.030377162620425224
21.198402404785156,70.2049331665039,4.993023872375488,0.0,0.0,0.0,0.0,0.426321442817471,5.477714347839355,4.406285776410784,0.31154200434684753,0.0,0.0,0.18434198200702667,4.263214364647865,0.05835166573524475,0.0,0.0,0.0,0.05835166573524475,153.0,0.18434198200702667,-0.05835166573524475
21.20515251159668,66.14213562011719,5.177216053009033,0.0,0.0,0.0,0.0,0.47422507813908266,5.56507146017892,4.493642888750348,0.3106450140476227,0.0,0.0,0.8792656064033508,4.742250710725784,0.03858843445777893,0.0,0.0,0.0,0.03858843445777893,154.0,0.8792656064033508,-0.03858843445777893
21.211902618408203,68.79641723632812,6.056326389312744,0.0,0.0,0.0,0.0,0.4941642534980811,5.637357112339565,4.565928540910993,0.3001460134983063,0.0,0.0,1.4050540924072266,4.9416424613446,0.013607325032353401,0.0,0.0,0.0,0.013607325032353401,155.0,1.4050540924072266,-0.013607325032353401
21.218652725219727,69.31671905517578,7.461198806762695,0.0,0.0,0.0,0.0,0.6514875667391353,5.690214238848005,4.618785667419433,0.3103350102901459,0.0,0.0,0.0,6.514875570312142,0.018589338287711143,0.0,0.0,0.0,0.018589338287711143,156.0,-2.108271837234497,-0.018589338287711143
21.22540283203125,61.46239471435547,7.460975170135498,0.0,0.0,0.0,0.0,0.6128403740985746,5.722214235578265,4.6507856641496925,0.3222000002861023,0.0,0.0,0.0,6.128403649665415,0.010346426628530025,0.0,0.0,0.0,0.010346426628530025,157.0,-3.09479022026062,-0.010346426628530025
21.232152938842773,61.7139892578125,7.460751533508301,0.0,0.0,0.0,0.0,0.5537325539251051,5.741214288984026,4.669785717555454,0.30810999870300293,0.0,0.0,0.0,5.537325456738472,0.03221456706523895,0.0,0.0,0.0,0.03221456706523895,158.0,-4.194793224334717,-0.03221456706523895
21.238903045654297,54.97929382324219,7.4605278968811035,0.0,0.0,0.0,0.0,0.44282723468284646,5.744357190813337,4.6729286193847654,0.3182229995727539,0.0,0.0,0.0,4.428272280842066,0.021554913371801376,0.0,0.0,0.0,0.021554913371801376,159.0,-4.331317901611328,-0.021554913371801376
21.24565315246582,56.2397575378418,7.460304260253906,0.0,0.0,0.0,0.0,0.3681830774908226,5.743428584507534,4.672000013078962,0.3080269992351532,0.0,0.0,0.0,3.6818307200446725,0.013442440889775753,0.0,0.0,0.0,0.013442440889775753,160.0,-4.377267360687256,-0.013442440889775753
21.252403259277344,56.77296447753906,7.460080623626709,0.0,0.0,0.0,0.0,0.22995040777996784,5.726428522382464,4.654999950953892,0.37723100185394287,0.0,0.0,0.0,2.299504043534398,0.01461481861770153,0.0,0.0,0.0,0.01461481861770153,161.0,-4.486478328704834,-0.01461481861770153
21.259153366088867,57.40645217895508,7.459856986999512,0.0,0.0,0.0,0.0,0.08652291426841785,5.69271422794887,4.621285656520298,0.49322599172592163,0.0,0.0,0.0,0.8652291297912598,0.01809483766555786,0.0,0.0,0.0,0.01809483766555786,162.0,-4.54099702835083,-0.01809483766555786
21.26590347290039,58.33891296386719,7.4596333503723145,0.0,0.0,0.0,0.0,0.0,5.610000010899135,4.538571439470563,0.3666999936103821,0.07879799604415894,0.0,0.0,0.0,0.0,0.0,0.016389992088079453,0.0,0.016389992088079453,163.0,-4.5335187911987305,-0.016389992088079453
21.272653579711914,59.09428024291992,7.362278938293457,0.0,0.0,0.0,0.0,0.0,5.514642797197614,4.443214225769043,0.0,0.37415799498558044,0.0,0.0,0.0,0.0,0.0,0.08664722740650177,0.0,0.08664722740650177,164.0,-4.580689430236816,-0.08664722740650177
21.279403686523438,48.416419982910156,6.891848564147949,0.0,0.0,0.0,0.0,0.0,5.478928511483328,4.407499940054757,0.0,0.3562360107898712,0.0,0.0,0.0,0.0,0.0,0.06761277467012405,0.0,0.06761277467012405,165.0,-4.577830791473389,-0.06761277467012405
21.28615379333496,53.17970275878906,6.459143161773682,0.0,0.0,0.0,0.0,0.0,5.446785736083984,4.375357164655413,0.0,0.3961620032787323,0.0,0.0,0.0,0.0,0.0,0.04192341864109039,0.0,0.04192341864109039,166.0,-4.570383548736572,-0.04192341864109039
21.292903900146484,56.02629089355469,6.011923789978027,0.0,0.0,0.0,0.0,0.0,5.409357152666364,4.337928581237793,0.0,0.3052870035171509,0.0,0.0,0.0,0.0,0.0,0.03019830957055092,0.0,0.03019830957055092,167.0,-4.533550262451172,-0.03019830957055092
21.299654006958008,57.867340087890625,5.669411659240723,0.0,0.0,0.0,0.0,0.0,5.37564285823277,4.304214286804199,0.0,0.22134600579738617,0.0,0.0,0.0,0.0,0.0,0.025519423186779022,0.0,0.025519423186779022,168.0,-4.425571918487549,-0.025519423186779022
21.30640411376953,59.302642822265625,5.4173383712768555,0.0,0.0,0.0,0.0,0.0,5.357571411132812,4.286142839704241,0.0,0.18902599811553955,0.0,0.0,0.0,0.0,0.0,0.01910378970205784,0.0,0.01910378970205784,169.0,-4.305492877960205,-0.01910378970205784
21.313154220581055,60.20173645019531,5.204798221588135,0.0,0.0,0.0,0.0,0.0,5.359071404593331,4.28764283316476,0.0,0.17225700616836548,0.0,0.0,0.0,0.0,0.0,0.016550373286008835,0.0,0.016550373286008835,170.0,-4.053440570831299,-0.016550373286008835
21.319904327392578,60.89141845703125,5.01198148727417,0.0,0.0,0.0,0.0,0.0,5.364999989100864,4.293571417672293,0.0,0.15967600047588348,0.0,0.0,0.0,0.0,0.0,0.017140796408057213,0.0,0.017140796408057213,171.0,-3.5350866317749023,-0.017140796408057213
21.3266544342041,61.63159942626953,4.831406116485596,0.0,0.0,0.0,0.0,0.0,5.358928625924246,4.287500054495675,0.0,0.15532000362873077,0.0,0.0,0.0,0.0,0.0,0.057461969554424286,0.0,0.057461969554424286,172.0,-3.7388672828674316,-0.057461969554424286
21.333404541015625,58.16658020019531,4.614136695861816,0.0,0.0,0.0,0.0,0.0,5.349714224679129,4.278285653250558,0.0,0.16150300204753876,0.0,0.0,0.0,0.0,0.0,0.0414632186293602,0.0,0.0414632186293602,173.0,-2.5265469551086426,-0.0414632186293602
21.34015464782715,60.897361755371094,4.406889915466309,0.0,0.0,0.0,0.0,0.0031287756283398804,5.37249995640346,4.301071384974888,0.18425999581813812,0.0,0.0,0.0,0.03128775581717491,0.03335224464535713,0.0,0.0,0.0,0.03335224464535713,174.0,-0.7071258425712585,-0.03335224464535713
21.346904754638672,62.97722244262695,4.406757831573486,0.0,0.0,0.0,0.0,0.03286581386425813,5.398214285714285,4.326785714285714,0.2739329934120178,0.0,0.0,0.0,0.3286581337451935,0.1260589063167572,0.0,0.0,0.0,0.1260589063167572,175.0,-4.282650947570801,-0.1260589063167572
21.353654861450195,47.14751434326172,4.406625747680664,0.0,0.0,0.0,0.0,0.08730128388555769,5.427428599766323,4.356000028337752,0.3082900047302246,0.0,0.0,0.0,0.8730128258466721,0.10879714787006378,0.0,0.0,0.0,0.10879714787006378,176.0,-4.060150623321533,-0.10879714787006378
21.36040496826172,55.56512451171875,4.406493663787842,0.0,0.0,0.0,0.0,0.14564090290130527,5.474071448189871,4.4026428767613,0.31154200434684753,0.0,0.0,0.0,1.4564090073108673,0.20329901576042175,0.0,0.0,0.0,0.20329901576042175,177.0,-4.487983703613281,-0.20329901576042175
21.367155075073242,46.04599380493164,4.4063615798950195,0.0,0.0,0.0,0.0,0.1314413090264992,5.536714226858956,4.465285655430385,0.4150570034980774,0.0,0.0,0.0,1.314413070678711,0.6759300231933594,0.0,0.0,0.0,0.6759300231933594,178.0,-4.596927642822266,-0.6759300231933594
21.373905181884766,50.6834716796875,4.406229496002197,0.0,0.0,0.0,0.0,0.16386965161367728,5.55271429334368,4.481285721915109,0.679502010345459,0.0,0.0,0.0,1.6386964917182922,0.1052514910697937,0.0,0.0,0.0,0.1052514910697937,179.0,-4.538437366485596,-0.1052514910697937
21.38065528869629,50.006103515625,4.406097412109375,0.0,0.0,0.0,0.0,0.23659219647336294,5.55228568485805,4.480857113429478,0.3103350102901459,0.0,0.0,0.0,2.3659219294786453,0.06734304130077362,0.0,0.0,0.0,0.06734304130077362,180.0,-3.667041778564453,-0.06734304130077362
21.387405395507812,55.12192153930664,4.405965328216553,0.0,0.0,0.0,0.0,0.2919247849572417,5.57085712977818,4.499428558349609,0.3222000002861023,0.0,0.0,0.0,2.919247806072235,0.0417521595954895,0.0,0.0,0.0,0.0417521595954895,181.0,-3.098924160003662,-0.0417521595954895
21.394155502319336,58.05348587036133,4.4058332443237305,0.0,0.0,0.0,0.0,0.3234968255981329,5.593428557259696,4.521999985831124,0.30810999870300293,0.0,0.0,0.0,3.2349682077765465,0.05552194267511368,0.0,0.0,0.0,0.05552194267511368,182.0,-3.8315770626068115,-0.05552194267511368
21.40090560913086,54.679813385009766,4.405701160430908,0.0,0.0,0.0,0.0,0.3468891612721854,5.60478572845459,4.5333571570260185,0.3182229995727539,0.0,0.0,0.0,3.4688915610313416,0.037585318088531494,0.0,0.0,0.0,0.037585318088531494,183.0,-3.9347898960113525,-0.037585318088531494
21.407655715942383,57.276275634765625,4.405569076538086,0.0,0.0,0.0,0.0,0.31033946738152896,5.594642857142857,4.523214285714285,0.3080269992351532,0.0,0.0,0.0,3.103394627571106,0.022828221321105957,0.0,0.0,0.0,0.022828221321105957,184.0,-3.931563138961792,-0.022828221321105957
21.414405822753906,58.58530807495117,4.405436992645264,0.0,0.0,0.0,0.0,0.17829297450621384,5.566642842973981,4.49521427154541,0.37723100185394287,0.0,0.0,0.0,1.7829297184944153,0.08088928461074829,0.0,0.0,0.0,0.08088928461074829,185.0,-4.533719539642334,-0.08088928461074829
21.42115592956543,48.82339859008789,4.405304908752441,0.0,0.0,0.0,0.0,0.07318579551854423,5.535071454729352,4.463642883300781,0.49322599172592163,0.0,0.0,0.0,0.7318579442799091,0.05836595222353935,0.0,0.0,0.0,0.05836595222353935,186.0,-4.555241584777832,-0.05836595222353935
21.427906036376953,53.14850997924805,4.405172824859619,0.0,0.0,0.0,0.0,0.0,5.481000028337751,4.4095714569091795,0.28975000977516174,0.15574797987937927,0.0,0.0,0.0,0.0,0.0,0.04100540652871132,0.0,0.04100540652871132,187.0,-4.5323166847229,-0.04100540652871132
21.434656143188477,55.94497299194336,4.2042717933654785,0.0,0.0,0.0,0.0,0.0,5.418714332580566,4.347285761151995,0.0,0.37415799498558044,0.0,0.0,0.0,0.0,0.0,0.13786619901657104,0.0,0.13786619901657104,188.0,-4.582683563232422,-0.13786619901657104
21.44140625,45.297462463378906,3.6816723346710205,0.0,0.0,0.0,0.0,0.0,5.3959286008562355,4.324500029427664,0.0,0.3562360107898712,0.0,0.0,0.0,0.0,0.0,0.09271898120641708,0.0,0.09271898120641708,189.0,-4.5794501304626465,-0.09271898120641708
21.448156356811523,48.293453216552734,3.223444700241089,0.0,0.0,0.0,0.0,0.0,5.38564281463623,4.314214243207659,0.0,0.36024099588394165,0.0,0.0,0.0,0.0,0.0,0.06504066288471222,0.0,0.06504066288471222,190.0,-4.565245628356934,-0.06504066288471222
21.454906463623047,53.00355529785156,2.7893872261047363,0.0,0.0,0.0,0.0,0.0,5.376999936785016,4.305571365356445,0.0,0.29989999532699585,0.0,0.0,0.0,0.0,0.0,0.04790276288986206,0.0,0.04790276288986206,191.0,-4.517289161682129,-0.04790276288986206
21.46165657043457,56.28776168823242,2.4344027042388916,0.0,0.0,0.0,0.0,0.0,5.366857201712472,4.295428630283901,0.0,0.22134600579738617,0.0,0.0,0.0,0.0,0.0,0.04067746922373772,0.0,0.04067746922373772,192.0,-4.358381271362305,-0.04067746922373772
21.468406677246094,58.96744918823242,2.166958808898926,0.0,0.0,0.0,0.0,0.0,5.355928639003208,4.284500067574637,0.0,0.18902599811553955,0.0,0.0,0.0,0.0,0.0,0.030869528651237488,0.0,0.030869528651237488,193.0,-4.102683067321777,-0.030869528651237488
21.475156784057617,60.83271026611328,1.942510724067688,0.0,0.0,0.0,0.0,0.0,5.346142850603376,4.2747142791748045,0.0,0.17225700616836548,0.0,0.0,0.0,0.0,0.0,0.028158605098724365,0.0,0.028158605098724365,194.0,-3.49780535697937,-0.028158605098724365
21.48190689086914,62.46993637084961,1.7379467487335205,0.0,0.0,0.0,0.0,0.0,5.334428596496582,4.263000025068011,0.0,0.15967600047588348,0.0,0.0,0.0,0.0,0.0,0.026049843057990074,0.0,0.026049843057990074,195.0,-2.20180606842041,-0.026049843057990074
21.488656997680664,63.92843246459961,1.5483784675598145,0.0,0.0,0.0,0.0,0.0,5.319928523472377,4.248499952043806,0.0,0.15532000362873077,0.0,0.0,0.0,0.0,0.0,0.02176847495138645,0.0,0.02176847495138645,196.0,-0.32718944549560547,-0.02176847495138645
21.495407104492188,65.03084564208984,1.3676295280456543,0.0,0.0,0.0,0.0,-0.052708173029946126,5.305214282444545,4.233785711015974,0.003800000064074993,0.0,0.1577029973268509,0.0,0.0,0.0,0.017990905791521072,0.0,0.0,0.017990905791521072,197.0,1.4079270362854004,-0.017990905791521072
21.50215721130371,65.82039642333984,1.3675885200500488,0.0,0.0,0.0,0.0,0.0,5.324928637913295,4.253500066484724,0.30832499265670776,0.0,0.0,0.21404664870351553,0.0,0.01247835997492075,0.0,0.0,0.0,0.01247835997492075,198.0,0.9081092476844788,-0.01247835997492075
21.508907318115234,66.16706848144531,1.5815941095352173,0.0,0.0,0.0,0.0,0.0,5.34549993787493,4.274071366446359,0.2739329934120178,0.0,0.0,1.4554628655314445,0.0,0.020504064857959747,0.0,0.0,0.0,0.020504064857959747,199.0,2.2695772647857666,-0.020504064857959747
21.515657424926758,67.17652130126953,3.0370094776153564,0.0,0.0,0.0,0.0,0.2979668456758088,5.3813571384974885,4.309928567068917,0.3082900047302246,0.0,0.0,0.10957261919975281,2.9796684123575687,0.05856895074248314,0.0,0.0,0.0,0.05856895074248314,200.0,0.10957261919975281,-0.05856895074248314
21.52240753173828,63.230918884277344,3.146491050720215,0.0,0.0,0.0,0.0,0.4293764848914218,5.424785695757184,4.353357124328613,0.7828149795532227,0.0,0.0,0.0,4.2937647849321365,0.06862001121044159,0.0,0.0,0.0,0.06862001121044159,201.0,-4.331021308898926,-0.06862001121044159
21.529157638549805,59.101043701171875,3.1463966369628906,0.0,0.0,0.0,0.0,0.6050377950822977,5.4867856979370115,4.41535712650844,0.3106450140476227,0.0,0.0,0.0,6.050377860665321,0.06572674214839935,0.0,0.0,0.0,0.06572674214839935,202.0,-0.3554591238498688,-0.06572674214839935
21.535907745361328,63.99540328979492,3.1463022232055664,0.0,0.0,0.0,0.0,0.6763658743555228,5.545071411132812,4.473642839704241,0.3001460134983063,0.0,0.0,0.0,6.76365864276886,0.07164514064788818,0.0,0.0,0.0,0.07164514064788818,203.0,-0.8726147413253784,-0.07164514064788818
21.54265785217285,60.8615608215332,3.146207809448242,0.0,0.0,0.0,0.0,0.6940813991290538,5.577571405683245,4.506142834254673,0.3216499984264374,0.0,0.0,0.0,6.940813887864351,0.03923572227358818,0.0,0.0,0.0,0.03923572227358818,204.0,-0.2354058474302292,-0.03923572227358818
21.549407958984375,63.58103561401367,3.146113395690918,0.0,0.0,0.0,0.0,0.6994148578407593,5.593357167925153,4.521928596496582,0.3222000002861023,0.0,0.0,0.23915210366249084,6.994148474186659,0.018849480897188187,0.0,0.0,0.0,0.018849480897188187,205.0,0.23915210366249084,-0.018849480897188187
21.5561580657959,64.54446411132812,3.3851711750030518,0.0,0.0,0.0,0.0,0.6736716464895254,5.589857183183942,4.518428611755371,0.30810999870300293,0.0,0.0,0.0,6.736716364510357,0.00797357689589262,0.0,0.0,0.0,0.00797357689589262,206.0,-0.05515121668577194,-0.00797357689589262
21.562908172607422,64.56417846679688,3.3850696086883545,0.0,0.0,0.0,0.0,0.5736898227865221,5.568214225769043,4.496785654340472,0.3182229995727539,0.0,0.0,0.0,5.736898142378777,0.003978532273322344,0.0,0.0,0.0,0.003978532273322344,207.0,-1.1285611391067505,-0.003978532273322344
21.569658279418945,64.23605346679688,3.3849680423736572,0.0,0.0,0.0,0.0,0.4355298564941414,5.531571469988141,4.46014289855957,0.3080269992351532,0.0,0.0,0.0,4.355298500042409,0.0021243286319077015,0.0,0.0,0.0021243286319077015,0.0,208.0,-2.02974271774292,0.0021243286319077015
21.578170776367188,63.564823150634766,3.38486647605896,0.0,0.0,0.0,0.0,0.27067266151380026,5.493214280264718,4.421785708836147,0.37723100185394287,0.0,0.0,0.0,2.706726574804634,0.005442595575004816,0.0,0.0,0.005442595575004816,0.0,209.0,-3.402113676071167,0.005442595575004816
21.589405059814453,62.893592834472656,3.3847649097442627,0.0,0.0,0.0,0.0,0.08998485490657171,5.450571414402553,4.379142842973981,0.49322599172592163,0.0,0.0,0.0,0.899848535656929,0.033825382590293884,0.0,0.0,0.0,0.033825382590293884,210.0,-4.483113765716553,-0.033825382590293884
21.596155166625977,54.106239318847656,3.3846633434295654,0.0,0.0,0.0,0.0,0.0,5.385928508213588,4.314499936785017,0.3467499911785126,0.09874799847602844,0.0,0.0,0.0,0.0,0.0,0.02896752953529358,0.0,0.02896752953529358,211.0,-4.493000030517578,-0.02896752953529358
21.6029052734375,55.83188247680664,3.254239797592163,0.0,0.0,0.0,0.0,0.0,5.318071447099958,4.2466428756713865,0.0,0.37415799498558044,0.0,0.0,0.0,0.0,0.0,0.056829847395420074,0.0,0.056829847395420074,212.0,-4.545114517211914,-0.056829847395420074
21.609655380249023,49.65589904785156,2.814358711242676,0.0,0.0,0.0,0.0,0.0,5.304785673958914,4.233357102530343,0.0,0.3562360107898712,0.0,0.0,0.0,0.0,0.0,0.04991370812058449,0.0,0.04991370812058449,213.0,-4.539638519287109,-0.04991370812058449
21.616405487060547,53.03702926635742,2.3998358249664307,0.0,0.0,0.0,0.0,0.0,5.249785777500698,4.178357206072127,0.0,0.36024099588394165,0.0,0.0,0.0,0.0,0.0,0.034272871911525726,0.0,0.034272871911525726,214.0,-4.507783889770508,-0.034272871911525726
21.62315559387207,55.1121711730957,1.9971987009048462,0.0,0.0,0.0,0.0,0.0,5.17735721043178,4.105928639003208,0.0,0.29989999532699585,0.0,0.0,0.0,0.0,0.0,0.021249759942293167,0.0,0.021249759942293167,215.0,-4.408277988433838,-0.021249759942293167
21.616405487060547,56.114219665527344,1.6694350242614746,0.0,0.0,0.0,0.0,0.0,5.1227142606462746,4.051285689217703,0.0,0.22134600579738617,0.0,0.0,0.0,0.0,0.0,0.02095803990960121,0.0,0.02095803990960121,216.0,-4.116971492767334,-0.02095803990960121
21.609655380249023,57.07133483886719,1.4221359491348267,0.0,0.0,0.0,0.0,0.0,5.0810000010899135,4.009571429661342,0.0,0.18902599811553955,0.0,0.0,0.0,0.0,0.0,0.015309605747461319,0.0,0.015309605747461319,217.0,-3.8207502365112305,-0.015309605747461319
21.6029052734375,57.57734680175781,1.2135875225067139,0.0,0.0,0.0,0.0,0.0,5.04728570665632,3.9758571352277485,0.0,0.17225700616836548,0.0,0.0,0.0,0.0,0.0,0.016447054222226143,0.0,0.016447054222226143,218.0,-3.1610779762268066,-0.016447054222226143
21.596155166625977,58.160186767578125,1.0209959745407104,0.0,0.0,0.0,0.0,0.0,5.013571412222726,3.942142840794155,0.0,0.15967600047588348,0.0,0.0,0.0,0.0,0.0,0.022177230566740036,0.0,0.022177230566740036,219.0,-1.9282033443450928,-0.022177230566740036
21.589405059814453,59.16560745239258,0.8354008197784424,0.0,0.0,0.0,0.0,-0.028278789410202496,4.980928639003208,3.909500067574637,0.0,0.08625067610523018,0.06906932752350059,0.0,0.0,0.0,0.02519330009818077,0.0,0.0,0.02519330009818077,220.0,-0.08801089227199554,-0.02519330009818077
21.58265495300293,60.383277893066406,0.74736487865448,0.0,0.0,0.0,0.0,-0.05342861775273544,4.96278566632952,3.8913570949009486,0.007600000128149986,0.0,0.15390300750732422,0.0,0.0,0.0,0.02419237792491913,0.0,0.0,0.02419237792491913,221.0,1.6726889610290527,-0.02419237792491913
21.575904846191406,61.517486572265625,0.7473424673080444,0.0,0.0,0.0,0.0,0.0,5.053499984741211,3.9820714133126396,0.18425999581813812,0.0,0.0,0.34418800100684166,0.0,0.02540198341012001,0.0,0.0,0.0,0.02540198341012001,222.0,2.4119300842285156,-0.02540198341012001
21.569154739379883,62.78615951538086,1.0915080308914185,0.0,0.0,0.0,0.0,0.1544656888315929,5.137714331490653,4.066285760062081,0.2739329934120178,0.0,0.0,0.0,1.544656865298748,0.06431020051240921,0.0,0.0,0.0,0.06431020051240921,223.0,-0.011420400813221931,-0.06431020051240921
21.56240463256836,58.24445724487305,1.091475248336792,0.0,0.0,0.0,0.0,0.28497162885921634,5.2270714351109095,4.155642863682338,0.3082900047302246,0.0,0.0,0.0,2.8497162461280823,0.48239368200302124,0.0,0.0,0.0,0.48239368200302124,224.0,-4.575186729431152,-0.48239368200302124
21.569154739379883,48.22072982788086,1.0914424657821655,0.0,0.0,0.0,0.0,0.4644241506520531,5.3640713827950615,4.292642811366489,0.31154200434684753,0.0,0.0,0.0,4.644241437315941,0.13526667654514313,0.0,0.0,0.0,0.13526667654514313,225.0,-3.6018712520599365,-0.13526667654514313
21.575904846191406,55.19096374511719,1.0914098024368286,0.0,0.0,0.0,0.0,0.5522968240424516,5.4572143009730745,4.385785729544503,0.3106450140476227,0.0,0.0,0.0,5.522968158125877,0.08583654463291168,0.0,0.0,0.0,0.08583654463291168,226.0,-1.1068836450576782,-0.08583654463291168
21.58265495300293,61.73949432373047,1.0913771390914917,0.0,0.0,0.0,0.0,0.4580561817892816,5.5137857164655415,4.442357145036969,0.3001460134983063,0.0,0.0,1.3964097499847412,4.580561749637127,0.045132286846637726,0.0,0.0,0.0,0.045132286846637726,227.0,1.3964097499847412,-0.045132286846637726
21.589405059814453,64.913330078125,2.4877543449401855,0.0,0.0,0.0,0.0,0.5823157769786681,5.530857167925153,4.459428596496582,0.3103350102901459,0.0,0.0,0.0,5.82315768301487,0.24290715157985687,0.0,0.0,0.0,0.24290715157985687,228.0,-4.382253170013428,-0.24290715157985687
21.596155166625977,49.257896423339844,2.4876797199249268,0.0,0.0,0.0,0.0,0.5621436709485004,5.536928531101772,4.4654999596732,0.3222000002861023,0.0,0.0,0.0,5.62143662571907,0.19431349635124207,0.0,0.0,0.0,0.19431349635124207,229.0,-4.502449035644531,-0.19431349635124207
21.6029052734375,46.36008071899414,2.487605094909668,0.0,0.0,0.0,0.0,0.5022226780984204,5.532499940054757,4.461071368626186,0.30810999870300293,0.0,0.0,0.0,5.022226706147194,0.11316357553005219,0.0,0.0,0.0,0.11316357553005219,230.0,-4.413777828216553,-0.11316357553005219
21.609655380249023,47.278377532958984,2.487530469894409,0.0,0.0,0.0,0.0,0.38043376252701516,5.519785690307617,4.448357118879046,0.3182229995727539,0.0,0.0,0.0,3.8043375685811043,0.06788914650678635,0.0,0.0,0.0,0.06788914650678635,231.0,-4.231836795806885,-0.06788914650678635
21.616405487060547,52.398807525634766,2.4874558448791504,0.0,0.0,0.0,0.0,0.3155402774444263,5.514142799377441,4.44271422794887,0.3080269992351532,0.0,0.0,0.0,3.1554027274250984,0.04207032173871994,0.0,0.0,0.0,0.04207032173871994,232.0,-4.030418395996094,-0.04207032173871994
21.62315559387207,55.312068939208984,2.4873812198638916,0.0,0.0,0.0,0.0,0.17288456891305098,5.494357190813337,4.4229286193847654,0.37723100185394287,0.0,0.0,0.0,1.728845663368702,0.02287321537733078,0.0,0.0,0.0,0.02287321537733078,233.0,-4.1877546310424805,-0.02287321537733078
21.629905700683594,56.58101272583008,2.487306594848633,0.0,0.0,0.0,0.0,0.02885920485644347,5.450571414402553,4.379142842973981,0.5361769795417786,0.0,0.0,0.0,0.28859204426407814,0.015980955213308334,0.0,0.0,0.0,0.015980955213308334,234.0,-4.438937664031982,-0.015980955213308334
21.636655807495117,57.251914978027344,2.487231969833374,0.0,0.0,0.0,0.0,0.0,5.384428514753069,4.312999943324497,0.1899999976158142,0.9557220339775085,0.0,0.0,0.0,0.0,0.0,0.21829187870025635,0.0,0.21829187870025635,235.0,-4.5972771644592285,-0.21829187870025635
21.64340591430664,54.1699333190918,1.2891839742660522,0.0,0.0,0.0,0.0,0.0,5.311714254106794,4.2402856826782225,0.0,0.457161009311676,0.0,0.0,0.0,0.0,0.0,0.029631860554218292,0.0,0.029631860554218292,236.0,-4.482986927032471,-0.029631860554218292
21.650156021118164,55.90837097167969,0.7924179434776306,0.0,0.0,0.0,0.0,0.0,5.277428572518485,4.2060000010899135,0.0,0.3562360107898712,0.0,0.0,0.0,0.0,0.0,0.02969171293079853,0.0,0.02969171293079853,237.0,-4.398210525512695,-0.02969171293079853
21.656906127929688,57.63215255737305,0.3985903561115265,0.0,0.0,0.0,0.0,-0.006051364410497806,5.248785781860351,4.17735721043178,0.0,0.36024099588394165,0.0,0.0,0.0,0.0,0.020171213900127327,0.030365794892034614,0.0,0.05053700879216194,238.0,-4.500787258148193,-0.05053700879216194
21.66365623474121,52.078285217285156,5.5203006610327066e-8,0.0,0.0,0.0,0.0,-0.10402969365253502,5.215785653250558,4.144357081821987,0.0,5.409731811440096e-8,0.2998999412296777,0.0,0.0,0.0,0.046865690499544144,0.0,0.0,0.046865690499544144,239.0,-4.432470321655273,-0.046865690499544144
21.670406341552734,55.131961822509766,7.105427357601002e-15,0.0,0.0,0.0,0.0,-0.0772019983212925,5.17735721043178,4.105928639003208,0.0,6.963109347667376e-15,0.2213460057973792,0.0,0.0,0.0,0.03599397838115692,0.0,0.0,0.03599397838115692,240.0,-4.084792613983154,-0.03599397838115692
21.66365623474121,57.295021057128906,8.470329472543003e-22,0.0,0.0,0.0,0.0,-0.06873552252791404,5.285214233398437,4.213785661969866,0.0,8.300673183998318e-22,0.18902599811553955,0.0,0.0,0.0,0.04009240120649338,0.0,0.0,0.04009240120649338,241.0,-3.8808836936950684,-0.04009240120649338
21.670406341552734,59.86373519897461,1.0097419586828951e-28,0.0,0.0,0.0,0.0,-0.061124979898332654,5.252642849513462,4.181214278084891,0.0,9.895173530576608e-29,0.17225700616836548,0.0,0.0,0.0,0.031492918729782104,0.0,0.0,0.031492918729782104,242.0,-2.8625805377960205,-0.031492918729782104
21.677156448364258,61.717838287353516,1.2037062152420224e-35,0.0,0.0,0.0,0.0,-0.05529212612577772,5.2172142573765345,4.145785685947963,0.0,1.1795966065617332e-35,0.15967600047588348,0.0,0.0,0.0,0.0246310792863369,0.0,0.0,0.0246310792863369,243.0,-1.0938918590545654,-0.0246310792863369
21.68390655517578,63.004974365234375,1.4349296274686127e-42,0.0,0.0,0.0,0.0,-0.0533914255705048,5.18499995640346,4.113571384974888,0.0,0.0,0.15532000362873077,0.0,0.0,0.0,0.02265140786767006,0.0,0.0,0.02265140786767006,244.0,0.8834682106971741,-0.02265140786767006
21.677156448364258,64.12071228027344,1.4349296274686127e-42,0.0,0.0,0.0,0.0,-0.055046165314164286,5.160928535461426,4.089499964032854,0.0,0.0,0.16155500710010529,0.0,0.0,0.0,0.021932203322649002,0.0,0.0,0.021932203322649002,245.0,2.3659675121307373,-0.021932203322649002
21.670406341552734,65.16959381103516,1.4349296274686127e-42,0.0,0.0,0.0,0.0,0.0,5.192142840794155,4.120714269365584,0.18452000617980957,0.0,0.0,0.035663388669490814,0.0,0.02586660534143448,0.0,0.0,0.0,0.02586660534143448,246.0,3.0836613178253174,-0.02586660534143448
21.66365623474121,66.54252624511719,0.035663388669490814,0.0,0.0,0.0,0.0,0.0,5.274214281354632,4.20278570992606,0.2745420038700104,0.0,0.0,1.2132275979965925,0.0,0.026530416682362556,0.0,0.0,0.0,0.026530416682362556,247.0,3.0344061851501465,-0.026530416682362556
21.670406341552734,68.00967407226562,1.2488899230957031,0.0,0.0,0.0,0.0,0.0,5.3837857382638115,4.312357166835239,0.3090609908103943,0.0,0.0,2.9723599907010794,0.0,0.01792898215353489,0.0,0.0,0.0,0.01792898215353489,248.0,3.007580280303955,-0.01792898215353489
21.677156448364258,68.82121276855469,4.221212387084961,0.0,0.0,0.0,0.0,0.20435743748184196,5.5490000043596535,4.477571432931082,0.3126719892024994,0.0,0.0,2.498166561126709,2.043574344366789,0.009586799889802933,0.0,0.0,0.0,0.009586799889802933,249.0,2.498166561126709,-0.009586799889802933
21.68390655517578,68.97321319580078,6.719252586364746,0.0,0.0,0.0,0.0,0.39045117717210087,5.629857145036969,4.558428573608398,0.31210699677467346,0.0,0.0,1.8448197841644287,3.90451171353925,0.001461482490412891,0.0,0.0,0.0,0.001461482490412891,250.0,1.8448197841644287,-0.001461482490412891
21.690656661987305,68.42974853515625,8.563871383666992,0.0,0.0,0.0,0.0,0.5442890628321329,5.679714284624372,4.608285713195801,0.30158498883247375,0.0,0.0,0.991241455078125,5.442890547215939,0.018782712519168854,0.0,0.0,0.018782712519168854,0.0,251.0,0.991241455078125,0.018782712519168854
21.713409423828125,67.7585220336914,9.554856300354004,0.0,0.0,0.0,0.0,0.6741000834718358,5.718571472167969,4.647142900739397,0.31174200773239136,0.0,0.0,0.0,6.741000734269619,0.03045741468667984,0.0,0.0,0.03045741468667984,0.0,252.0,-0.4282037317752838,0.03045741468667984
21.74628448486328,67.08729553222656,9.554570198059082,0.0,0.0,0.0,0.0,0.6847757095065072,5.7477142606462746,4.676285689217703,0.32358500361442566,0.0,0.0,0.0,6.847756993025541,0.035357821732759476,0.0,0.0,0.035357821732759476,0.0,253.0,-1.637778401374817,0.035357821732759476
21.783517837524414,66.41606903076172,9.55428409576416,0.0,0.0,0.0,0.0,0.6473550498091436,5.7612143380301335,4.689785766601562,0.3094879984855652,0.0,0.0,0.0,6.473550401628017,0.03796140104532242,0.0,0.0,0.03796140104532242,0.0,254.0,-2.3942348957061768,0.03796140104532242
21.823074340820312,65.74484252929688,9.553997993469238,0.0,0.0,0.0,0.0,0.5478251572374276,5.754714230128696,4.683285658700125,0.3196069896221161,0.0,0.0,0.0,5.478251490741968,0.04084154590964317,0.0,0.0,0.04084154590964317,0.0,255.0,-3.1598708629608154,0.04084154590964317
21.865079879760742,65.07361602783203,9.553711891174316,0.0,0.0,0.0,0.0,0.41263112686769843,5.733928625924246,4.662500054495675,0.3094800114631653,0.0,0.0,0.0,4.126311207190156,0.012108897790312767,0.0,0.0,0.012108897790312767,0.0,256.0,-4.224496364593506,0.012108897790312767
21.882244110107422,56.88164138793945,9.553425788879395,0.0,0.0,0.0,0.0,0.23407292649631087,5.694357136317661,4.62292856488909,0.37903499603271484,0.0,0.0,0.0,2.340729230083525,0.007685906253755093,0.0,0.0,0.007685906253755093,0.0,257.0,-4.4824066162109375,0.007685906253755093
21.895559310913086,56.210411071777344,9.553139686584473,0.0,0.0,0.0,0.0,0.05260452063909948,5.627357155936105,4.555928584507534,0.4963169991970062,0.0,0.0,0.0,0.5260451985523105,0.0007877396419644356,0.0,0.0,0.0007877396419644356,0.0,258.0,-4.548504829406738,0.0007877396419644356
21.90297508239746,55.539180755615234,9.55285358428955,0.0,0.0,0.0,0.0,0.0,5.501642853873117,4.430214282444545,0.06080000102519989,0.39103198051452637,0.0,0.0,0.0,0.0,0.0,0.010085048153996468,0.0,0.010085048153996468,259.0,-4.548325538635254,-0.010085048153996468
21.909725189208984,55.72480392456055,9.143264770507812,0.0,0.0,0.0,0.0,0.0,5.430071367536272,4.3586427961077,0.0,0.38568899035453796,0.0,0.0,0.0,0.0,0.0,0.01209123432636261,0.0,0.01209123432636261,260.0,-4.541005611419678,-0.01209123432636261
21.916475296020508,56.06428146362305,8.737092971801758,0.0,0.0,0.0,0.0,0.0,5.39799998147147,4.326571410042899,0.0,0.3717319965362549,0.0,0.0,0.0,0.0,0.0,0.009205594658851624,0.0,0.009205594658851624,261.0,-4.544975757598877,-0.009205594658851624
21.92322540283203,56.15688705444336,8.348118782043457,0.0,0.0,0.0,0.0,0.0,5.373142869131906,4.3017142977033345,0.0,0.3732230067253113,0.0,0.0,0.0,0.0,0.0,0.0032935193739831448,0.0,0.0032935193739831448,262.0,-4.548891067504883,-0.0032935193739831448
21.929975509643555,55.75736618041992,7.963668346405029,0.0,0.0,0.0,0.0,0.0,5.348785754612514,4.277357183183943,0.0,0.30289798974990845,0.0,0.0,0.0,0.0,0.0,0.006101047620177269,0.0,0.006101047620177269,263.0,-4.527984142303467,-0.006101047620177269
21.936725616455078,55.586612701416016,7.6481242179870605,0.0,0.0,0.0,0.0,0.0,5.3164285387311665,4.244999967302595,0.0,0.22134600579738617,0.0,0.0,0.0,0.0,0.0,0.01556538138538599,0.0,0.01556538138538599,264.0,-4.4466233253479,-0.01556538138538599
21.9434757232666,56.18257141113281,7.406148433685303,0.0,0.0,0.0,0.0,0.0,5.2779999596732,4.206571388244629,0.0,0.18902599811553955,0.0,0.0,0.0,0.0,0.0,0.013091814704239368,0.0,0.013091814704239368,265.0,-4.3641862869262695,-0.013091814704239368
21.950225830078125,56.5675048828125,7.199683666229248,0.0,0.0,0.0,0.0,0.0,5.2392142977033345,4.167785726274763,0.0,0.17225700616836548,0.0,0.0,0.0,0.0,0.0,0.0057479580864310265,0.0,0.0057479580864310265,266.0,-4.152238845825195,-0.0057479580864310265
21.95697593688965,56.355709075927734,7.017829895019531,0.0,0.0,0.0,0.0,0.0,5.204000009809222,4.1325714383806496,0.0,0.15967600047588348,0.0,0.0,0.0,0.0,0.0,0.0031081903725862503,0.0,0.0031081903725862503,267.0,-3.7522573471069336,-0.0031081903725862503
21.950225830078125,55.930816650390625,6.851513385772705,0.0,0.0,0.0,0.0,0.0,5.176142910548618,4.104714339120047,0.0,0.15532000362873077,0.0,0.0,0.0,0.0,0.0,0.006209542043507099,0.0,0.006209542043507099,268.0,-3.067415952682495,-0.006209542043507099
21.9434757232666,55.7484016418457,6.686481952667236,0.0,0.0,0.0,0.0,0.0,5.157428550720215,4.0859999792916435,0.0,0.16155500710010529,0.0,0.0,0.0,0.0,0.0,0.014491408132016659,0.0,0.014491408132016659,269.0,-2.019698143005371,-0.014491408132016659
21.936725616455078,56.212738037109375,6.5066423416137695,0.0,0.0,0.0,0.0,0.0,5.190142849513462,4.118714278084891,0.18452000617980957,0.0,0.0,0.0,0.0,0.006430000066757202,0.0,0.015455445274710655,0.0,0.021885445341467857,270.0,-1.0428575277328491,-0.021885445341467857
21.929975509643555,57.27021026611328,6.490676403045654,0.0,0.0,0.0,0.0,0.11990974519267296,5.27528566632952,4.203857094900949,0.2745420038700104,0.0,0.0,0.0,1.1990974340587854,0.025460561737418175,0.0,0.0,0.0,0.025460561737418175,271.0,-1.3845994472503662,-0.025460561737418175
21.936725616455078,58.651649475097656,6.490481853485107,0.0,0.0,0.0,0.0,0.29998795613628554,5.394285692487444,4.322857121058872,0.3090609908103943,0.0,0.0,0.0,2.999879516661167,0.030309520661830902,0.0,0.0,0.0,0.030309520661830902,272.0,-1.2390044927597046,-0.030309520661830902
21.9434757232666,60.49319076538086,6.4902873039245605,0.0,0.0,0.0,0.0,0.4598697246591705,5.545571408952985,4.474142837524414,0.3126719892024994,0.0,0.0,0.0,4.598697178065777,0.030530937016010284,0.0,0.0,0.0,0.030530937016010284,273.0,-0.8582390546798706,-0.030530937016010284
21.950225830078125,62.44166946411133,6.490092754364014,0.0,0.0,0.0,0.0,0.5838580021091997,5.620785658700125,4.549357087271554,0.31210699677467346,0.0,0.0,0.0,5.838579934090376,0.023362834006547928,0.0,0.0,0.0,0.023362834006547928,274.0,-0.15533369779586792,-0.023362834006547928
21.95697593688965,63.80878829956055,6.489898204803467,0.0,0.0,0.0,0.0,0.6233975300792235,5.667500032697405,4.596071461268833,0.30158498883247375,0.0,0.0,0.3496931791305542,6.233975207898766,0.00699647655710578,0.0,0.0,0.0,0.00699647655710578,275.0,0.3496931791305542,-0.00699647655710578
21.963726043701172,63.75425338745117,6.839396953582764,0.0,0.0,0.0,0.0,0.67704405713147,5.6975000381469725,4.626071466718401,0.31174200773239136,0.0,0.0,0.0,6.770440470427275,0.02001725509762764,0.0,0.0,0.0,0.02001725509762764,276.0,-2.5225727558135986,-0.02001725509762764
21.970476150512695,57.33689880371094,6.839191913604736,0.0,0.0,0.0,0.0,0.6517235736619467,5.709785679408482,4.63835710797991,0.32358500361442566,0.0,0.0,0.0,6.517235639505088,0.008679506368935108,0.0,0.0,0.0,0.008679506368935108,277.0,-3.228933572769165,-0.008679506368935108
21.97722625732422,57.437747955322266,6.838986873626709,0.0,0.0,0.0,0.0,0.5789484447456663,5.707142911638532,4.635714340209961,0.3094879984855652,0.0,0.0,0.0,5.789484361186624,0.0028773751109838486,0.0,0.0,0.0,0.0028773751109838486,278.0,-3.4742319583892822,-0.0028773751109838486
21.983976364135742,57.0223274230957,6.838781833648682,0.0,0.0,0.0,0.0,0.44594773188947107,5.6888571602957585,4.617428588867187,0.3196069896221161,0.0,0.0,0.0,4.459477252443321,0.001315765897743404,0.0,0.0,0.001315765897743404,0.0,279.0,-3.8841798305511475,0.001315765897743404
21.991849899291992,56.351097106933594,6.838576793670654,0.0,0.0,0.0,0.0,0.2801152553240247,5.652071489606585,4.580642918178013,0.3094800114631653,0.0,0.0,0.0,2.801152511499822,0.0006176987662911415,0.0,0.0,0.0006176987662911415,0.0,280.0,-4.1278839111328125,0.0006176987662911415
21.99912452697754,55.679866790771484,6.838371753692627,0.0,0.0,0.0,0.0,0.1351503329932739,5.600285748073032,4.528857176644461,0.37903499603271484,0.0,0.0,0.0,1.3515033097937703,0.00036174338310956955,0.0,0.0,0.0,0.00036174338310956955,281.0,-4.403681755065918,-0.00036174338310956955
22.005874633789062,55.04005432128906,6.8381667137146,0.0,0.0,0.0,0.0,0.021937617986464764,5.536642837524414,4.465214266095843,0.4963169991970062,0.0,0.0,0.0,0.21937617659568787,0.007256805896759033,0.0,0.0,0.0,0.007256805896759033,282.0,-4.524536609649658,-0.007256805896759033
22.012624740600586,54.99025344848633,6.837961673736572,0.0,0.0,0.0,0.0,0.0,5.445000049046108,4.373571477617536,0.030400000512599945,0.4214319884777069,0.0,0.0,0.0,0.0,0.0,0.01008223183453083,0.0,0.01008223183453083,283.0,-4.526382923126221,-0.01008223183453083
22.01937484741211,55.1646842956543,6.397436141967773,0.0,0.0,0.0,0.0,0.0,5.398071370806012,4.326642799377441,0.0,0.38568899035453796,0.0,0.0,0.0,0.0,0.0,0.008407543413341045,0.0,0.008407543413341045,284.0,-4.519196510314941,-0.008407543413341045
22.026124954223633,55.19108200073242,5.995105266571045,0.0,0.0,0.0,0.0,0.0,5.365071378435407,4.293642807006836,0.0,0.3717319965362549,0.0,0.0,0.0,0.0,0.0,0.0074513875879347324,0.0,0.0074513875879347324,285.0,-4.528613567352295,-0.0074513875879347324
22.032875061035156,55.133426666259766,5.608003616333008,0.0,0.0,0.0,0.0,0.0,5.322142818995884,4.250714247567313,0.0,0.3732230067253113,0.0,0.0,0.0,0.0,0.0,0.006815919652581215,0.0,0.006815919652581215,286.0,-4.530292987823486,-0.006815919652581215
22.03962516784668,55.0178337097168,5.220040321350098,0.0,0.0,0.0,0.0,0.0,5.282571465628488,4.2111428941999165,0.0,0.30289798974990845,0.0,0.0,0.0,0.0,0.0,0.009145580232143402,0.0,0.009145580232143402,287.0,-4.480654716491699,-0.009145580232143402
22.046375274658203,55.08521270751953,4.901472091674805,0.0,0.0,0.0,0.0,0.0,5.244214275905064,4.172785704476492,0.0,0.22134600579738617,0.0,0.0,0.0,0.0,0.0,0.010987309738993645,0.0,0.010987309738993645,288.0,-4.3306756019592285,-0.010987309738993645
22.053125381469727,55.293251037597656,4.664250373840332,0.0,0.0,0.0,0.0,0.0,5.2170714787074495,4.145642907278878,0.0,0.18902599811553955,0.0,0.0,0.0,0.0,0.0,0.011212903074920177,0.0,0.011212903074920177,289.0,-4.228192329406738,-0.011212903074920177
22.046375274658203,55.51350402832031,4.459785461425781,0.0,0.0,0.0,0.0,0.0,5.20314279283796,4.131714221409389,0.0,0.17225700616836548,0.0,0.0,0.0,0.0,0.0,0.011587781831622124,0.0,0.011587781831622124,290.0,-3.9658241271972656,-0.011587781831622124
22.03962516784668,55.760467529296875,4.272055149078369,0.0,0.0,0.0,0.0,0.0,5.1973571232386995,4.125928551810128,0.0,0.15967600047588348,0.0,0.0,0.0,0.0,0.0,0.016701845452189445,0.0,0.016701845452189445,291.0,-3.406524181365967,-0.016701845452189445
22.032875061035156,56.410804748535156,4.091949462890625,0.0,0.0,0.0,0.0,0.0,5.189714241027832,4.118285669599261,0.0,0.15532000362873077,0.0,0.0,0.0,0.0,0.0,0.0224995706230402,0.0,0.0224995706230402,292.0,-2.3065292835235596,-0.0224995706230402
22.026124954223633,57.5166015625,3.9103784561157227,0.0,0.0,0.0,0.0,0.0,5.180999973842075,4.109571402413504,0.0,0.16155500710010529,0.0,0.0,0.0,0.0,0.0,0.022571170702576637,0.0,0.022571170702576637,293.0,-0.6078643798828125,-0.022571170702576637
22.01937484741211,58.62428283691406,3.722377300262451,0.0,0.0,0.0,0.0,-0.053485606873456826,5.177642904009137,4.106214332580566,0.02565000019967556,0.0,0.15887001156806946,0.0,0.0,0.0,0.019415337592363358,0.0,0.0,0.019415337592363358,294.0,0.9036717414855957,-0.019415337592363358
22.012624740600586,59.481990814208984,3.7222657203674316,0.0,0.0,0.0,0.0,0.0,5.193785749162946,4.122357177734375,0.2745420038700104,0.0,0.0,0.1647562775760889,0.0,0.021451732143759727,0.0,0.0,0.0,0.021451732143759727,295.0,0.9236514568328857,-0.021451732143759727
22.005874633789062,60.5067024230957,3.8869104385375977,0.0,0.0,0.0,0.0,0.18761044126168547,5.242642893110003,4.171214321681431,0.3090609908103943,0.0,0.0,0.0,1.8761043846607208,0.05493447184562683,0.0,0.0,0.0,0.05493447184562683,296.0,-0.8748184442520142,-0.05493447184562683
22.012624740600586,57.058509826660156,3.886793851852417,0.0,0.0,0.0,0.0,0.39274579536536025,5.311499949863979,4.240071378435408,0.3126719892024994,0.0,0.0,0.0,3.927457895129919,0.05292001739144325,0.0,0.0,0.0,0.05292001739144325,297.0,-0.14558246731758118,-0.05292001739144325
22.01937484741211,60.339664459228516,3.8866772651672363,0.0,0.0,0.0,0.0,0.4243388440361446,5.387857110159738,4.3164285387311665,0.31210699677467346,0.0,0.0,1.1469985246658325,4.243388377130032,0.03645578771829605,0.0,0.0,0.0,0.03645578771829605,298.0,1.1469985246658325,-0.03645578771829605
22.026124954223633,62.68626022338867,5.033559322357178,0.0,0.0,0.0,0.0,0.48604352518608446,5.459499985831124,4.388071414402553,0.30158498883247375,0.0,0.0,1.4524165391921997,4.860435179434717,0.014662929810583591,0.0,0.0,0.0,0.014662929810583591,299.0,1.4524165391921997,-0.014662929810583591
22.032875061035156,63.24898147583008,6.485825061798096,0.0,0.0,0.0,0.0,0.6199602949147714,5.51335710797991,4.441928536551339,0.31174200773239136,0.0,0.0,0.4769552946090698,6.1996028567664325,0.007499561179429293,0.0,0.0,0.007499561179429293,0.0,300.0,0.4769552946090698,0.007499561179429293
22.045827865600586,62.57775115966797,6.962585926055908,0.0,0.0,0.0,0.0,0.6444235499117306,5.546928623744419,4.475500052315848,0.32358500361442566,0.0,0.0,0.0,6.444235403090715,0.01802961155772209,0.0,0.0,0.01802961155772209,0.0,301.0,-1.039322853088379,0.01802961155772209
22.06757926940918,61.90652084350586,6.962377071380615,0.0,0.0,0.0,0.0,0.5631861714748466,5.563999938964844,4.492571367536272,0.3094879984855652,0.0,0.0,0.0,5.6318616308271885,0.019900377839803696,0.0,0.0,0.019900377839803696,0.0,302.0,-1.8942725658416748,0.019900377839803696
22.090938568115234,61.23529052734375,6.962168216705322,0.0,0.0,0.0,0.0,0.3386755677115256,5.5517142977033345,4.480285726274762,0.3196069896221161,0.0,0.0,0.0,3.3867556266486645,0.022387344390153885,0.0,0.0,0.022387344390153885,0.0,303.0,-2.739405393600464,0.022387344390153885
22.116331100463867,60.56406021118164,6.961959362030029,0.0,0.0,0.0,0.0,0.19811814759847737,5.531857163565499,4.460428592136928,0.3094800114631653,0.0,0.0,0.0,1.9811814464628696,0.01878851279616356,0.0,0.0,0.01878851279616356,0.0,304.0,-3.3467750549316406,0.01878851279616356
22.138671875,59.89282989501953,6.961750507354736,0.0,0.0,0.0,0.0,0.046399827992913534,5.488571384974888,4.417142813546317,0.37903499603271484,0.0,0.0,0.0,0.4639982730150223,0.015766724944114685,0.0,0.0,0.015766724944114685,0.0,305.0,-4.053008079528809,0.015766724944114685
22.158401489257812,59.22159957885742,6.961541652679443,0.0,0.0,0.0,0.0,0.0,5.436214256286621,4.36478568485805,0.20899999141693115,0.2873170077800751,0.0,0.0,0.0,0.0,0.0,0.014621596783399582,0.014621596783399582,0.0,306.0,-4.4203057289123535,0.014621596783399582
22.177074432373047,58.55036926269531,6.653232097625732,0.0,0.0,0.0,0.0,0.0,5.403642872401646,4.3322143009730745,0.0,0.45183199644088745,0.0,0.0,0.0,0.0,0.0,0.010504679754376411,0.010504679754376411,0.0,307.0,-4.451470851898193,0.010504679754376411
22.192338943481445,57.8791389465332,6.181260585784912,0.0,0.0,0.0,0.0,0.0,5.388142803737095,4.316714232308524,0.0,0.38568899035453796,0.0,0.0,0.0,0.0,0.0,0.008494999259710312,0.008494999259710312,0.0,308.0,-4.461797714233398,0.008494999259710312
22.205955505371094,57.207908630371094,5.778846740722656,0.0,0.0,0.0,0.0,0.0,5.367071369716099,4.295642798287528,0.0,0.3717319965362549,0.0,0.0,0.0,0.0,0.0,0.006027303636074066,0.006027303636074066,0.0,309.0,-4.494117736816406,0.006027303636074066
22.217557907104492,56.536678314208984,5.393205165863037,0.0,0.0,0.0,0.0,0.0,5.325785718645368,4.254357147216797,0.0,0.3732230067253113,0.0,0.0,0.0,0.0,0.0,0.003162343055009842,0.003162343055009842,0.0,310.0,-4.503825664520264,0.003162343055009842
22.22683334350586,55.865447998046875,5.008976936340332,0.0,0.0,0.0,0.0,0.0,5.289857128688267,4.218428557259696,0.0,0.30289798974990845,0.0,0.0,0.0,0.0,0.0,0.0017478305380791426,0.0,0.0017478305380791426,311.0,-4.441104888916016,-0.0017478305380791426
22.233583450317383,55.33562088012695,4.697963714599609,0.0,0.0,0.0,0.0,0.0,5.2699999945504326,4.1985714231218605,0.0,0.22134600579738617,0.0,0.0,0.0,0.0,0.0,0.008619146421551704,0.0,0.008619146421551704,312.0,-4.287776947021484,-0.008619146421551704
22.240333557128906,55.35840606689453,4.463164806365967,0.0,0.0,0.0,0.0,0.0,5.252428545270647,4.180999973842075,0.0,0.18902599811553955,0.0,0.0,0.0,0.0,0.0,0.013319272547960281,0.0,0.013319272547960281,313.0,-4.19189453125,-0.013319272547960281
22.24708366394043,55.755157470703125,4.256556034088135,0.0,0.0,0.0,0.0,0.0,5.249571473257882,4.178142901829311,0.0,0.17225700616836548,0.0,0.0,0.0,0.0,0.0,0.01616145297884941,0.0,0.01616145297884941,314.0,-3.886422634124756,-0.01616145297884941
22.253833770751953,56.3789176940918,4.064164638519287,0.0,0.0,0.0,0.0,0.0,5.248714256286621,4.17728568485805,0.0,0.15967600047588348,0.0,0.0,0.0,0.0,0.0,0.02040095068514347,0.0,0.02040095068514347,315.0,-3.1756060123443604,-0.02040095068514347
22.260583877563477,57.34204864501953,3.8802905082702637,0.0,0.0,0.0,0.0,0.0,5.2587857382638115,4.187357166835239,0.0,0.15532000362873077,0.0,0.0,0.0,0.0,0.0,0.025837529450654984,0.0,0.025837529450654984,316.0,-1.8604860305786133,-0.025837529450654984
22.267333984375,58.745704650878906,3.695319652557373,0.0,0.0,0.0,0.0,0.0,5.26257141658238,4.191142845153808,0.0,0.16155500710010529,0.0,0.0,0.0,0.0,0.0,0.063625767827034,0.0,0.063625767827034,317.0,-2.109285354614258,-0.063625767827034
22.274084091186523,55.667057037353516,3.4654324054718018,0.0,0.0,0.0,0.0,-0.009762997558559671,5.252428545270647,4.180999973842075,0.07124999910593033,0.11327000707387924,0.0,0.0,0.0,0.0,0.0325433239020434,0.009302206369486754,0.0,0.04184553027153015,318.0,-0.12507368624210358,-0.04184553027153015
22.280834197998047,58.35113525390625,3.340254783630371,0.0,0.0,0.0,0.0,0.009634800771397362,5.272714287894113,4.2012857164655415,0.2745420038700104,0.0,0.0,0.6034542322158813,0.09634800627827644,0.032655756920576096,0.0,0.0,0.0,0.032655756920576096,319.0,0.6034542322158813,-0.032655756920576096
22.28758430480957,60.31105422973633,3.9436087608337402,0.0,0.0,0.0,0.0,0.081499163717019,5.2961427961077,4.224714224679129,0.3090609908103943,0.0,0.0,1.2308777570724487,0.8149916250258684,0.02956959418952465,0.0,0.0,0.0,0.02956959418952465,320.0,1.2308777570724487,-0.02956959418952465
22.294334411621094,62.03559875488281,5.174368381500244,0.0,0.0,0.0,0.0,0.19036626503417287,5.293642807006836,4.222214235578265,0.3126719892024994,0.0,0.0,1.9788709878921509,1.903662621974945,0.019944369792938232,0.0,0.0,0.0,0.019944369792938232,321.0,1.9788709878921509,-0.019944369792938232
22.301084518432617,62.97933578491211,7.1530842781066895,0.0,0.0,0.0,0.0,0.39054302205209457,5.310285649980817,4.238857078552246,0.31210699677467346,0.0,0.0,1.9547455310821533,3.9054301623255014,0.002716934308409691,0.0,0.0,0.0,0.002716934308409691,322.0,1.9547455310821533,-0.002716934308409691
22.30783462524414,62.52897262573242,9.10761547088623,0.0,0.0,0.0,0.0,0.6139134425880527,5.324285725184849,4.252857153756278,0.30158498883247375,0.0,0.0,0.8923845291137695,6.139134334400296,0.017995906993746758,0.0,0.0,0.017995906993746758,0.0,323.0,1.0525314807891846,0.017995906993746758
22.328956604003906,61.85774230957031,9.999727249145508,0.0,0.0,0.0,0.0,0.7541609138870373,5.344857161385672,4.273428589957101,0.31174200773239136,0.0,0.0,0.0,7.541609026491642,0.02594878524541855,0.0,0.0,0.02594878524541855,0.0,324.0,-0.33570751547813416,0.02594878524541855
22.356510162353516,61.1865119934082,9.999427795410156,0.0,0.0,0.0,0.0,0.743477602869404,5.359500013078962,4.2880714416503904,0.32358500361442566,0.0,0.0,0.0,7.4347759179072455,0.0012392111821100116,0.0,0.0,0.0012392111821100116,0.0,325.0,-3.2229163646698,0.0012392111821100116
22.364255905151367,52.62464904785156,9.999128341674805,0.0,0.0,0.0,0.0,0.6927249429594715,5.3607143129621235,4.289285741533552,0.3094879984855652,0.0,0.0,0.0,6.9272493263706565,0.0003629783168435097,0.0,0.0,0.0003629783168435097,0.0,326.0,-3.953622579574585,0.0003629783168435097
22.37129783630371,51.95341873168945,9.998828887939453,0.0,0.0,0.0,0.0,0.530929967849403,5.338142885480608,4.266714314052036,0.3196069896221161,0.0,0.0,0.0,5.309299599379301,0.030243266373872757,0.0,0.0,0.0,0.030243266373872757,327.0,-4.4650163650512695,-0.030243266373872757
22.378047943115234,45.19443130493164,9.998529434204102,0.0,0.0,0.0,0.0,0.30673696576411963,5.297214317321777,4.225785745893206,0.3094800114631653,0.0,0.0,0.0,3.0673696119338274,0.030800191685557365,0.0,0.0,0.0,0.030800191685557365,328.0,-4.495830059051514,-0.030800191685557365
22.384798049926758,47.01931381225586,9.99822998046875,0.0,0.0,0.0,0.0,0.14271062825188974,5.243285669599261,4.171857098170689,0.37903499603271484,0.0,0.0,0.0,1.427106261253357,0.023558735847473145,0.0,0.0,0.0,0.023558735847473145,329.0,-4.520634174346924,-0.023558735847473145
22.378047943115234,48.232967376708984,9.997930526733398,0.0,0.0,0.0,0.0,0.024318717968742812,5.174928610665457,4.103500039236886,0.4963169991970062,0.0,0.0,0.0,0.2431871760636568,0.018595797941088676,0.0,0.0,0.0,0.018595797941088676,330.0,-4.551190376281738,-0.018595797941088676
22.37129783630371,49.025169372558594,9.997631072998047,0.0,0.0,0.0,0.0,0.0,5.090357181004116,4.0189286095755445,0.014249999076128006,0.883529007434845,0.0,0.0,0.0,0.0,0.0,0.1872689425945282,0.0,0.1872689425945282,331.0,-4.596811294555664,-0.1872689425945282
22.364547729492188,44.57183837890625,8.904680252075195,0.0,0.0,0.0,0.0,0.0,5.016785703386579,3.9453571319580076,0.0,0.38568899035453796,0.0,0.0,0.0,0.0,0.0,0.03911326453089714,0.0,0.03911326453089714,332.0,-4.560601234436035,-0.03911326453089714
22.357797622680664,46.860076904296875,8.470941543579102,0.0,0.0,0.0,0.0,0.0,4.952142797197614,3.880714225769043,0.0,0.3717319965362549,0.0,0.0,0.0,0.0,0.0,0.05876658856868744,0.0,0.05876658856868744,333.0,-4.576485633850098,-0.05876658856868744
22.35104751586914,41.26227569580078,8.031403541564941,0.0,0.0,0.0,0.0,0.0,4.902571487426758,3.8311429159981865,0.0,0.3732230067253113,0.0,0.0,0.0,0.0,0.0,0.04449540376663208,0.0,0.04449540376663208,334.0,-4.574492454528809,-0.04449540376663208
22.344297409057617,43.860286712646484,7.604919910430908,0.0,0.0,0.0,0.0,0.0,4.882857131958008,3.8114285605294365,0.0,0.30289798974990845,0.0,0.0,0.0,0.0,0.0,0.032500848174095154,0.0,0.032500848174095154,335.0,-4.556116580963135,-0.032500848174095154
22.337547302246094,45.56472396850586,7.262448310852051,0.0,0.0,0.0,0.0,0.0,4.8580000196184425,3.786571448189872,0.0,0.22134600579738617,0.0,0.0,0.0,0.0,0.0,0.03354347497224808,0.0,0.03354347497224808,336.0,-4.490370273590088,-0.03354347497224808
22.33079719543457,47.329383850097656,7.002139091491699,0.0,0.0,0.0,0.0,0.0,4.855500030517578,3.7840714590890068,0.0,0.18902599811553955,0.0,0.0,0.0,0.0,0.0,0.03112136200070381,0.0,0.03112136200070381,337.0,-4.415139198303223,-0.03112136200070381
22.324047088623047,48.91666030883789,6.777288913726807,0.0,0.0,0.0,0.0,0.0,4.846071461268833,3.7746428898402624,0.0,0.17225700616836548,0.0,0.0,0.0,0.0,0.0,0.025542888790369034,0.0,0.025542888790369034,338.0,-4.200316905975342,-0.025542888790369034
22.317296981811523,50.094482421875,6.575249195098877,0.0,0.0,0.0,0.0,0.0,4.826214327130999,3.7547857557024273,0.0,0.15967600047588348,0.0,0.0,0.0,0.0,0.0,0.023416530340909958,0.0,0.023416530340909958,339.0,-3.65692400932312,-0.023416530340909958
22.310546875,51.109458923339844,6.388223171234131,0.0,0.0,0.0,0.0,0.0,4.79728570665632,3.725857135227748,0.0,0.15532000362873077,0.0,0.0,0.0,0.0,0.0,0.021921485662460327,0.0,0.021921485662460327,340.0,-2.448894739151001,-0.021921485662460327
22.303796768188477,52.004615783691406,6.207172870635986,0.0,0.0,0.0,0.0,0.0,4.773428589957101,3.7020000185285293,0.0,0.16155500710010529,0.0,0.0,0.0,0.0,0.0,0.02208397351205349,0.0,0.02208397351205349,341.0,-0.6364416480064392,-0.02208397351205349
22.297046661376953,52.90127944946289,6.0196003913879395,0.0,0.0,0.0,0.0,-0.019977824438723868,4.764285714285714,3.6928571428571426,0.1444000005722046,0.0,0.04012000560760498,0.0,0.0,0.0,0.02647273987531662,0.0,0.0,0.02647273987531662,342.0,0.8444710969924927,-0.02647273987531662
22.29029655456543,54.10489273071289,6.019420146942139,0.0,0.0,0.0,0.0,0.12244623299607979,4.81507146017892,3.743642888750349,0.2745420038700104,0.0,0.0,0.0,1.2244623117148876,0.0570957250893116,0.0,0.0,0.0,0.0570957250893116,343.0,-1.4292161464691162,-0.0570957250893116
22.283546447753906,49.915767669677734,6.019239902496338,0.0,0.0,0.0,0.0,0.3249384392043715,4.8900000163487025,3.8185714449201313,0.3090609908103943,0.0,0.0,0.0,3.249384343624115,0.05630451440811157,0.0,0.0,0.0,0.05630451440811157,344.0,-1.1383394002914429,-0.05630451440811157
22.276796340942383,53.36785888671875,6.019059658050537,0.0,0.0,0.0,0.0,0.49115656340355507,4.958499990190778,3.887071418762207,0.3126719892024994,0.0,0.0,0.19496266543865204,4.911565560847521,0.05659967288374901,0.0,0.0,0.0,0.05659967288374901,345.0,0.19496266543865204,-0.05659967288374901
22.27004623413086,56.91592025756836,6.213841915130615,0.0,0.0,0.0,0.0,0.521942462354041,5.02528566632952,3.9538570949009486,0.31210699677467346,0.0,0.0,1.2929433584213257,5.219424545764923,0.04022485017776489,0.0,0.0,0.0,0.04022485017776489,346.0,1.2929433584213257,-0.04022485017776489
22.263296127319336,59.294822692871094,7.506598949432373,0.0,0.0,0.0,0.0,0.6051749588761471,5.09514285496303,4.023714283534458,0.30158498883247375,0.0,0.0,1.4514122009277344,6.051749498583376,0.010903089307248592,0.0,0.0,0.0,0.010903089307248592,347.0,1.4514122009277344,-0.010903089307248592
22.256546020507812,59.46495056152344,8.957786560058594,0.0,0.0,0.0,0.0,0.78486734196346,5.15764285496303,4.086214283534458,0.39444199204444885,0.0,0.0,0.0,7.848673302680254,0.018084567040205002,0.0,0.0,0.0,0.018084567040205002,348.0,-3.025681495666504,-0.018084567040205002
22.24979591369629,51.558448791503906,8.957517623901367,0.0,0.0,0.0,0.0,0.7780401563724897,5.207642909458706,4.136214338030134,0.37549999356269836,0.0,0.0,0.0,7.780401447787881,0.015048285946249962,0.0,0.0,0.0,0.015048285946249962,349.0,-3.7291438579559326,-0.015048285946249962
22.243045806884766,52.08091354370117,8.95724868774414,0.0,0.0,0.0,0.0,0.7272453101686432,5.243142890930176,4.171714319501604,0.3094879984855652,0.0,0.0,0.0,7.2724529933184385,0.00855906493961811,0.0,0.0,0.0,0.00855906493961811,350.0,-3.764343023300171,-0.00855906493961811
22.236295700073242,52.094451904296875,8.956979751586914,0.0,0.0,0.0,0.0,0.611606279188488,5.264642797197614,4.193214225769043,0.3196069896221161,0.0,0.0,0.0,6.116062700748444,0.04428046941757202,0.0,0.0,0.0,0.04428046941757202,351.0,-4.488007068634033,-0.04428046941757202
22.243045806884766,42.88789367675781,8.956710815429688,0.0,0.0,0.0,0.0,0.4530812181991519,5.274285670689174,4.202857099260603,0.3094800114631653,0.0,0.0,0.0,4.530812114477158,0.08355775475502014,0.0,0.0,0.0,0.08355775475502014,352.0,-4.564910411834717,-0.08355775475502014
22.24979591369629,38.48250198364258,8.956441879272461,0.0,0.0,0.0,0.0,0.23625134134667125,5.263571412222726,4.192142840794155,0.37903499603271484,0.0,0.0,0.0,2.36251337826252,0.06665174663066864,0.0,0.0,0.0,0.06665174663066864,353.0,-4.565107822418213,-0.06665174663066864
22.256546020507812,43.169864654541016,8.956172943115234,0.0,0.0,0.0,0.0,0.04611773783143963,5.219428552900042,4.14799998147147,0.4963169991970062,0.0,0.0,0.0,0.46117737144231796,0.0789555087685585,0.0,0.0,0.0,0.0789555087685585,354.0,-4.580904960632324,-0.0789555087685585
22.24979591369629,41.12456130981445,8.955904006958008,0.0,0.0,0.0,0.0,0.0,5.086499977111816,4.015071405683245,0.03894999995827675,0.412882000207901,0.0,0.0,0.0,0.0,0.0,0.06347323954105377,0.0,0.06347323954105377,355.0,-4.571527481079102,-0.06347323954105377
22.243045806884766,45.34083557128906,8.469558715820312,0.0,0.0,0.0,0.0,0.0,5.002857153756278,3.9314285823277064,0.0,0.38568899035453796,0.0,0.0,0.0,0.0,0.0,0.03544390946626663,0.0,0.03544390946626663,356.0,-4.5572099685668945,-0.03544390946626663
22.236295700073242,47.34196853637695,8.03957748413086,0.0,0.0,0.0,0.0,0.0,4.9558570861816404,3.8844285147530693,0.0,0.3717319965362549,0.0,0.0,0.0,0.0,0.0,0.07081390917301178,0.0,0.07081390917301178,357.0,-4.579902172088623,-0.07081390917301178
22.22954559326172,39.79375076293945,7.587758541107178,0.0,0.0,0.0,0.0,0.0,4.912500054495675,3.841071483067104,0.0,0.3732230067253113,0.0,0.0,0.0,0.0,0.0,0.05508814752101898,0.0,0.05508814752101898,358.0,-4.577688694000244,-0.05508814752101898
22.222795486450195,43.180538177490234,7.150478839874268,0.0,0.0,0.0,0.0,0.0,4.873285647800991,3.801857076372419,0.0,0.30289798974990845,0.0,0.0,0.0,0.0,0.0,0.03733975440263748,0.0,0.03733975440263748,359.0,-4.558526992797852,-0.03733975440263748
