Temp_FH,Vol_HW,Soc_B,V_HW_plus,V_HW_minus,T_FH_plus,T_FH_minus,profits,COP_FH,COP_HW,PV_DE,B_DE,GR_DE,PV_B,PV_GR,PV_HP,GR_HP,B_HP,HP_FH,HP_HW,index
21.09509656375611,141.86935862561174,0.7122963070869446,0.0,0.0,0.0,0.0,-0.8800038359564066,3.283142852783203,0.0,0.0,0.0,0.24138900637626648,0.0,0.0,0.0,2.6919569969177246,0.0,2.6919569969177246,0.0,1.0
20.454798990236952,141.19812449475236,0.712274968624115,0.0,0.0,0.0,0.0,-0.2396935483691509,3.24985716683524,0.0,0.0,0.0,0.22142000496387482,0.0,0.0,0.0,0.5775584578514099,0.0,0.5775584578514099,0.0,2.0
20.936513740136835,140.526890363893,0.7122536301612854,0.0,0.0,0.0,0.0,-0.7232210991683891,3.224142837524414,0.0,0.0,0.20653900504112244,0.0,0.0,0.0,0.0,2.4107369014338857,0.4914485386295908,2.9021854400634766,0.0,3.0
20.461609264556266,139.8556562330336,1.1814135092436118e-7,0.0,0.0,0.0,0.0,-0.33867929238506006,3.209999847412109,0.0,0.0,1.1577504449976841e-7,0.20070588932139105,0.0,0.0,0.0,0.928225040435791,0.0,0.928225040435791,0.0,4.0
20.472389067117994,139.18442210217424,1.4210854715202004e-14,0.0,0.0,0.0,0.0,-0.6434381323432129,3.214285659790039,0.0,0.0,1.3926218695334752e-14,0.2104600071906904,0.0,0.0,0.0,1.9343336820602417,0.0,1.9343336820602417,0.0,5.0
20.524972569030602,138.51318797131486,1.6940658945086007e-21,0.0,0.0,0.0,0.0,-0.6760907113985493,3.2247142246791296,0.0,0.0,1.6601346367996635e-21,0.2391349971294403,0.0,0.0,0.0,2.014500617980957,0.0,2.014500617980957,0.0,6.0
20.313803676609833,137.8419538404555,2.0194839173657902e-28,0.0,0.0,0.0,0.0,-0.42986582735641043,3.2389286041259764,0.0,0.0,1.9790347061153216e-28,0.34427300095558167,0.0,0.0,0.0,1.0886130332946777,0.0,1.0886130332946777,0.0,7.0
20.40393858548758,137.1707197095961,2.407412430484045e-35,0.0,0.0,0.0,0.0,-0.4889147863354193,3.2657857077462333,0.0,0.39383500814437866,0.0,0.0,0.0,0.0,0.06501498818397522,1.6297158896923065,2.3591932131234664e-35,1.6947308778762817,0.0,8.0
20.310523316858323,136.49948557873674,2.8698592549372254e-42,0.0,0.0,0.0,0.0,-0.23122141087934978,3.3161427089146205,0.0,0.4058389961719513,0.0,0.0,0.0,0.0,0.8947110176086426,0.7707380056381226,2.812462124576702e-42,1.6654490232467651,0.0,9.0
19.80773490280505,135.82825144787736,0.0,0.0,0.19226509719495155,0.0,0.0,-0.19226509719495155,3.3570714133126396,0.0,1.2514309883117676,0.0,0.0,0.2524322271347046,0.0,0.4711867570877075,0.0,0.0,0.4711867570877075,0.0,10.0
20.39803106240817,135.157017317018,0.2524322271347046,0.0,0.0,0.0,0.0,-0.11268750876933353,3.3955715179443358,0.0,0.47059300541877747,0.0,0.0,0.0,0.0,1.5225070714950562,0.37562501430511475,0.0,1.898132085800171,0.0,11.0
20.718471315139027,134.4857831861586,0.2524246573448181,0.0,0.0,0.0,0.0,0.0,3.43499995640346,0.0,0.5296559929847717,0.0,0.0,0.7089778184890747,0.0,1.7054160833358765,0.0,0.0,1.7054160833358765,0.0,12.0
20.65892017949299,133.81454905529924,0.9613949060440063,0.0,0.0,0.0,0.0,0.0,3.4683570316859655,0.0,0.42735400795936584,0.0,0.0,2.0309938192367554,0.0,0.6092020273208618,0.0,0.0,0.6092020273208618,0.0,13.0
20.644045511073564,133.14331492443986,2.9923598766326904,0.0,0.0,0.0,0.0,0.0,3.490499986921038,0.0,0.4101420044898987,0.0,0.0,0.7792930603027344,0.0,1.3850650787353516,0.0,0.0,1.3850650787353516,0.0,14.0
20.457563452722752,132.4720807935805,3.7715632915496826,0.0,0.0,0.0,0.0,-0.03939643062736309,3.4974285670689174,0.0,0.42344900965690613,0.0,0.0,0.0,0.0,1.270400881767273,0.13132143020629883,0.0,1.4017223119735718,0.0,15.0
20.659457092556288,131.8008466627211,3.7714502811431885,0.0,0.0,0.0,0.0,-0.49952099222028146,3.4846427917480467,0.0,0.42343100905418396,0.0,0.0,0.0,0.0,0.13801899552345276,1.6650699079036713,0.0,1.803088903427124,0.0,16.0
20.749194186384226,131.12961253186174,3.7713372707366943,0.0,0.0,0.0,0.0,-0.5790202668913302,3.4556429181780133,0.0,0.026600001379847527,0.0,0.5055540204048157,0.0,0.0,0.0,1.4245134592056274,0.0,1.4245134592056274,0.0,17.0
20.713658880526754,130.45837840100236,3.7712242603302,0.0,0.0,0.0,0.0,-0.8348415587282787,3.4274285997663223,0.0,0.0,0.0,0.7052639722824097,0.0,0.0,0.0,2.0775411128997803,0.0,2.0775411128997803,0.0,18.0
20.873940466343594,129.787144270143,3.771111249923706,0.0,0.0,0.0,0.0,-0.729177682764437,3.411000061035156,0.0,0.0,0.0,0.6709100008010864,0.0,0.0,0.0,1.7596821784973145,0.0,1.7596821784973145,0.0,19.0
21.00683577291571,129.1159101392836,3.770998239517212,0.0,0.0,0.0,0.0,-0.8944113133117071,3.4010001046316964,0.0,0.0,0.0,0.5575230121612549,0.0,0.0,0.0,2.4238479137420654,0.0,2.4238479137420654,0.0,20.0
21.254214319088614,128.44467600842424,3.7708852291107178,0.0,0.0,0.0,0.0,-0.9365837052100368,3.3952142987932477,0.0,0.0,0.0,0.4691759943962097,0.0,0.0,0.0,2.6527695655822754,0.0,2.6527695655822754,0.0,21.0
21.37659125113696,127.77344187756485,3.7707722187042236,0.0,0.0,0.0,0.0,-0.8453733601321112,3.3921429225376674,0.0,0.0,0.0,0.4084100127220154,0.0,0.0,0.0,2.409501075744629,0.0,2.409501075744629,0.0,22.0
21.42818952733959,127.1022153761,3.7706592082977295,0.0,0.0,0.0,0.0,-0.7891480789243399,3.3896429334368023,0.0,0.0,0.0,0.3546009957790375,0.0,0.0,0.0,2.275892496109009,0.0,2.275892496109009,0.0,23.0
21.60313438812049,126.43098887463516,3.7705461978912354,0.0,0.0,0.0,0.0,-0.8468325802418608,3.3863571166992186,0.0,0.0,0.0,0.27628400921821594,0.0,0.0,0.0,2.5464911460876465,0.0,2.5464911460876465,0.0,24.0
21.530074930165547,125.75976237317032,3.770433187484741,0.0,0.0,0.0,0.0,-0.6948430724876342,3.3838571275983536,0.0,0.0,0.0,0.24138900637626648,0.0,0.0,0.0,2.074754476547241,0.0,2.074754476547241,0.0,25.0
21.468358126181528,125.08853587170547,3.770320177078247,0.0,0.0,0.0,0.0,-0.700521412015811,3.381714357648577,0.0,0.0,0.0,0.22142000496387482,0.0,0.0,0.0,2.1136512756347656,0.0,2.1136512756347656,0.0,26.0
21.28917534904347,124.41730937024063,3.770207166671753,0.0,0.0,0.0,0.0,-0.6228643098618303,3.3819285256522043,0.0,0.0,0.0,0.20653900504112244,0.0,0.0,0.0,1.8696752786636353,0.0,1.8696752786636353,0.0,27.0
21.07039912580813,123.74608286877579,3.770094156265259,0.0,0.0,0.0,0.0,-0.593115150654917,3.3892143249511717,0.0,0.0,0.0,0.20070600509643555,0.0,0.0,0.0,1.7763444185256958,0.0,1.7763444185256958,0.0,28.0
20.925298672883343,123.07485636731094,3.7699811458587646,0.0,0.0,0.0,0.0,-0.6373668983525782,3.394428471156529,0.0,0.0,0.0,0.21046000719070435,0.0,0.0,0.0,1.9140962362289429,0.0,1.9140962362289429,0.0,29.0
20.73178740002947,122.4036298658461,3.7698681354522705,0.0,0.0,0.0,0.0,-0.33338626940188315,3.3968570709228514,0.0,0.0,0.2391349971294403,0.0,0.0,0.0,0.0,1.1112875205143453,0.7203808564082621,1.8316683769226074,0.0,30.0
20.339613606828284,121.73240336438126,2.7906572818756104,0.0,0.0,0.0,0.0,-0.3487563364821619,3.4005001068115233,0.0,0.0,0.34427300095558167,0.0,0.0,0.0,0.0,1.1625210754127693,0.2855710275916863,1.4480921030044556,0.0,31.0
20.39257235051047,121.06117686291641,2.1478755474090576,0.0,0.0,0.0,0.0,-0.10398324032553606,3.4257141658238,0.0,0.39383500814437866,0.0,0.0,0.0,0.0,0.02606499195098877,0.346610787312045,1.9395908089480258,2.3122665882110596,0.0,32.0
20.1844376290032,120.38995036145157,0.16863691806793213,0.0,0.0,0.0,0.0,-0.07931689339148562,3.527285657610212,0.0,0.5079860091209412,0.0,0.0,0.0,0.0,1.457563877105713,0.26438963413238525,0.0,1.7219535112380981,0.0,33.0
20.895630191866204,119.71872385998672,0.16863186657428741,0.0,0.0,0.0,0.0,0.0,3.58242860521589,0.0,0.4112839996814728,0.0,0.0,0.9634823799133301,0.0,2.869833469390869,0.0,0.0,2.869833469390869,0.0,34.0
20.435375421902496,119.04749735852188,1.1321091651916504,0.0,0.0,0.0,0.0,0.23392076229734235,3.6024285180228097,0.0,0.399042010307312,0.0,0.0,2.786890983581543,2.3392075300216675,0.5178095102310181,0.0,0.0,0.5178095102310181,0.0,35.0
20.95165655318352,118.37627085705704,3.918966293334961,0.0,0.0,0.0,0.0,0.22796332549903062,3.6099286215645927,0.0,0.4126780033111572,0.0,0.0,1.8081661462783813,2.2796331644058228,2.6549222469329834,0.0,0.0,2.6549222469329834,0.0,36.0
20.94799419201624,117.7050443555922,5.727015018463135,0.0,0.0,0.0,0.0,0.20939939854142628,3.608928625924247,0.0,0.42735400795936584,0.0,0.0,3.029576063156128,2.093993902206421,1.3603262901306152,0.0,0.0,1.3603262901306152,0.0,37.0
21.08647773673001,117.03381785412735,8.75641918182373,0.0,0.0,0.0,0.0,0.3785183282104458,3.6036428179059707,0.0,0.4101420044898987,0.0,0.0,1.2435808181762695,3.7851831316947937,0.6163938641548157,0.0,0.0,0.6163938641548157,0.0,38.0
21.35823571423446,116.3625913526625,9.999737739562988,0.0,0.0,0.0,0.0,0.2808057419779194,3.5900714874267576,0.0,0.42344900965690613,0.0,0.0,0.00026226043701171875,2.8080573081970215,1.2037816047668457,0.0,0.0,1.2037816047668457,0.0,39.0
21.48084380714381,115.69136485119766,9.999700546264648,0.0,0.0,0.0,0.0,0.14371953581649186,3.562071473257882,0.0,0.42343100905418396,0.0,0.0,0.0002994537353515625,1.4371953010559082,0.593874454498291,0.0,0.0,0.593874454498291,0.0,40.0
21.027870350332485,115.02013834973282,9.999700546264648,0.0,0.0,0.0,0.0,0.1865831815532455,3.495357186453683,0.0,0.33249998092651367,0.19965404272079468,0.0,0.0,0.0,0.0,0.0,0.7218960523605347,0.7218960523605347,0.0,41.0
20.373046555119625,114.34891184826797,7.155134201049805,0.0,0.0,0.0,0.0,0.06930416987655544,3.4354999542236326,0.0,0.0,0.7052639722824097,0.0,0.0,0.0,0.0,0.0,0.5171629786491394,0.5171629786491394,0.0,42.0
20.665786291496744,113.67768534680313,5.20035982131958,0.0,0.0,0.0,0.0,-0.8084323131415161,3.402071489606585,0.0,0.0,0.0,0.6709100008010864,0.0,0.0,0.0,2.023864269256592,0.0,2.023864269256592,0.0,43.0
20.759571622299834,113.00645884533829,5.200203895568848,0.0,0.0,0.0,0.0,-0.4654612652818255,3.381714357648577,0.0,0.0,0.5575230121612549,0.0,0.0,0.0,0.0,1.5515374892868579,0.0922936445556104,1.6438311338424683,0.0,44.0
20.99533389263076,112.33523234387344,4.5369696617126465,0.0,0.0,0.0,0.0,-0.6992574155735422,3.3742857796805246,0.0,0.0,0.06627771566162721,0.4028982787345825,0.0,0.0,0.0,1.927959680557251,0.0,1.927959680557251,0.0,45.0
21.36729734150481,111.6640058424086,4.469203472137451,0.0,0.0,0.0,0.0,-0.37805081037192767,3.3769999367850168,0.0,0.0,0.4084100127220154,0.0,0.0,0.0,0.0,1.2601693178317959,0.5762501453258579,1.8364194631576538,0.0,46.0
21.404160652234655,110.99277934094376,3.4643142223358154,0.0,0.0,0.0,0.0,-0.5658551709197024,3.381785746983119,0.0,0.0,0.0,0.3546009957790375,0.0,0.0,0.0,1.5315828323364258,0.0,1.5315828323364258,0.0,47.0
21.58941501572699,110.32155283947891,3.464210271835327,0.0,0.0,0.0,0.0,-0.7383748437315152,3.37792854309082,0.0,0.0,0.0,0.27628400921821594,0.0,0.0,0.0,2.1849653720855713,0.0,2.1849653720855713,0.0,48.0
21.40213652198577,109.65032633801407,3.464106321334839,0.0,0.0,0.0,0.0,-0.5110221887041,3.3696427481515068,0.0,0.0,0.0,0.25010401010513306,0.0,0.0,0.0,1.4533032178878784,0.0,1.4533032178878784,0.0,49.0
21.42513339000035,108.97909983654922,3.4640023708343506,0.0,0.0,0.0,0.0,-0.6299944040177019,3.3530714307512555,0.0,0.0,0.0,0.22142000496387482,0.0,0.0,0.0,1.87856125831604,0.0,1.87856125831604,0.0,50.0
21.11549711145323,108.30787333508438,3.4638984203338623,0.0,0.0,0.0,0.0,-0.5390909438964098,3.328214318411691,0.0,0.0,0.0,0.20653900504112244,0.0,0.0,0.0,1.590430736541748,0.0,1.590430736541748,0.0,51.0
20.620101905509312,107.63664683361954,3.463794469833374,0.0,0.0,0.0,0.0,-0.31853733136404827,3.3016427721296036,0.0,0.0,0.0,0.20070600509643555,0.0,0.0,0.0,0.861085057258606,0.0,0.861085057258606,0.0,52.0
21.121903867560672,106.9654203321547,3.4636905193328857,0.0,0.0,0.0,0.0,0.028837165933094964,3.2778570447649273,0.0,0.0,0.21046000719070435,0.0,0.0,0.0,0.0,0.0,2.8954830169677734,2.8954830169677734,0.0,53.0
20.51938599262429,106.29419383068985,2.3621208811164252e-7,0.0,0.0,0.0,0.0,-0.2674277203252995,3.2636429377964564,0.0,0.0,0.0,0.2391349971294403,0.0,0.0,0.0,0.6522907018661499,0.0,0.6522907018661499,0.0,54.0
20.244083090724203,105.622967329225,2.3620501110599434e-7,0.0,0.0,0.0,0.0,-0.6116581674054592,3.258714348929269,0.0,0.0,2.3147395207018153e-7,0.3442727694816296,0.0,0.0,0.0,1.6945877075195312,0.0,1.6945877075195312,0.0,55.0
20.237333404272796,87.50908306142716,2.842170943040401e-14,0.0,0.0,0.0,0.0,0.0,0.0,2.2150714874267576,0.4304429888725281,0.0,0.0,0.6257356350542977,0.0,0.0011714155552908778,0.0,0.0,0.0,0.0011714155552908778,56.0
20.55147413851455,86.8378568555922,0.6257356405258179,0.0,0.0,0.0,0.0,0.0,3.368499973842076,0.0,0.40821000933647156,0.0,0.0,0.8316254615783691,0.0,2.446164608001709,0.0,0.0,2.446164608001709,0.0,57.0
20.815828656229552,86.16663035412735,1.4573423862457275,0.0,0.0,0.0,0.0,0.10770850609574723,3.4654287065778457,0.0,0.4112839996814728,0.0,0.0,1.8983285427093506,1.077085018157959,2.108102560043335,0.0,0.0,2.108102560043335,0.0,58.0
20.482515470161243,85.4954038526625,3.3556270599365234,0.0,0.0,0.0,0.0,0.29600225373118094,3.5608571733747207,0.0,0.399042010307312,0.0,0.0,1.128421425819397,2.960022419691086,0.42021408677101135,0.0,0.0,0.42021408677101135,0.0,59.0
20.873426546490624,84.82417735119766,4.48394775390625,0.0,0.0,0.0,0.0,0.0,3.6169999803815567,0.0,0.4126780033111572,0.0,0.0,1.266054391860962,0.0,1.9179675579071045,0.0,0.0,1.9179675579071045,0.0,60.0
20.87660863823611,84.15295084973282,5.7498674392700195,0.0,0.0,0.0,0.0,0.028496767222752815,3.6608571461268835,0.0,0.42735400795936584,0.0,0.0,0.9133048057556152,0.28496766090393066,0.6904734373092651,0.0,0.0,0.6904734373092651,0.0,61.0
20.815104419871265,83.48172434826797,6.662999629974365,0.0,0.0,0.0,0.0,0.08371717070409328,3.7099999836512976,0.0,0.4101420044898987,0.0,0.0,0.6226400136947632,0.8371716737747192,0.8935961723327637,0.0,0.0,0.8935961723327637,0.0,62.0
20.426644503513028,82.81049784680313,7.285439968109131,0.0,0.0,0.0,0.0,0.06435520904680914,3.7288571221487863,0.0,0.42344900965690613,0.0,0.0,0.0,0.6435520648956299,0.9526987075805664,0.0,0.0,0.9526987075805664,0.0,63.0
20.181393210238664,82.13927134533829,7.285221576690674,0.0,0.0,0.0,0.0,0.07633797587378188,3.71707147870745,0.0,0.42343100905418396,0.0,0.0,0.0,0.0,0.2206689417362213,0.0,0.9928184449672699,1.2134873867034912,0.0,64.0
20.3322333564558,81.46804484387344,5.492964267730713,0.0,0.0,0.0,0.0,-0.7198185074257246,3.681857190813337,0.0,0.0750500038266182,0.0,0.45710402727127075,0.0,0.0,0.0,1.9422909021377563,0.0,1.9422909021377563,0.0,65.0
20.05923333374401,80.7968183424086,5.492799758911133,0.0,0.0,0.0,0.0,-0.10560052390980922,3.6514285768781387,0.0,0.0,0.7052639722824097,0.0,0.0,0.0,0.0,0.35200173237873855,0.5007423700992888,0.8527441024780273,0.0,66.0
20.441509018194694,80.12559184094376,4.262016773223877,0.0,0.0,0.0,0.0,-1.0191011714578124,3.6337857382638115,0.0,0.0,0.0,0.6709100008010864,0.0,0.0,0.0,2.7260937690734863,0.0,2.7260937690734863,0.0,67.0
20.766056762989816,79.45436533947891,4.2618889808654785,0.0,0.0,0.0,0.0,-0.8552471262314754,3.6232856478009903,0.0,0.0,0.0,0.5575230121612549,0.0,0.0,0.0,2.2933006286621094,0.0,2.2933006286621094,0.0,68.0
20.930739944285275,78.78313883801407,4.26176118850708,0.0,0.0,0.0,0.0,-0.7057958186572182,3.6197856630597793,0.0,0.0,0.11761579295427538,0.35156020144193434,0.0,0.0,0.0,2.0010924339294434,0.0,2.0010924339294434,0.0,69.0
21.289704996989908,78.11191233654922,4.141617298126221,0.0,0.0,0.0,0.0,-0.829218378830685,3.6247857775006973,0.0,0.0,0.0,0.4084100127220154,0.0,0.0,0.0,2.3556511402130127,0.0,2.3556511402130127,0.0,70.0
21.20006946293941,77.44068583508438,4.141493320465088,0.0,0.0,0.0,0.0,-0.6648898418700622,3.631071444920131,0.0,0.0,0.0,0.3546009957790375,0.0,0.0,0.0,1.8616983890533447,0.0,1.8616983890533447,0.0,71.0
21.499728123683468,76.76945933361954,4.141369342803955,0.0,0.0,0.0,0.0,-0.7554400595204047,3.632428523472377,0.0,0.0,0.0,0.27628400921821594,0.0,0.0,0.0,2.241849422454834,0.0,2.241849422454834,0.0,72.0
21.20276882407842,76.0982328321547,4.141245365142822,0.0,0.0,0.0,0.0,-0.41705268192500533,3.626357160295759,0.0,0.0,0.0,0.24138900637626648,0.0,0.0,0.0,1.1487865447998047,0.0,1.1487865447998047,0.0,73.0
21.523656357745168,75.42700633068985,4.1411213874816895,0.0,0.0,0.0,0.0,-0.6074778033571411,3.6439999989100866,0.0,0.0,0.22142000496387482,0.0,0.0,0.0,0.0,2.024925930727143,0.24864341474710017,2.273569345474243,0.0,74.0
21.049058193043003,74.755779829225,3.6613409519195557,0.0,0.0,0.0,0.0,-0.2059380762155083,3.6875714710780554,0.0,0.0,0.0,0.20653900504112244,0.0,0.0,0.0,0.47992122173309326,0.0,0.47992122173309326,0.0,75.0
21.06368139864271,74.08455332776016,3.661231279373169,0.0,0.0,0.0,0.0,0.015046639310831028,3.716785648890904,0.0,0.0,0.20070600509643555,0.0,0.0,0.0,0.0,0.0,1.679708480834961,1.679708480834961,0.0,76.0
20.7746149475309,73.41332682629532,1.588794231414795,0.0,0.0,0.0,0.0,-0.3057994218985005,3.7562857491629464,0.0,0.0,0.0,0.2189050018787384,0.0,0.0,0.0,0.8004263639450073,0.0,0.8004263639450073,0.0,77.0
20.565105385753995,72.74210032483047,1.5887465476989746,0.0,0.0,0.0,0.0,-0.44949446616548094,3.771428598676409,0.0,0.0,0.0,0.2391349971294403,0.0,0.0,0.0,1.2591798305511475,0.0,1.2591798305511475,0.0,78.0
20.424520892349403,72.07087382336563,1.5886988639831543,0.0,0.0,0.0,0.0,-0.446022614678645,3.7658570970807754,0.0,0.0,0.0,0.4254949986934662,0.0,0.0,0.0,1.0612469911575317,0.0,1.0612469911575317,0.0,79.0
20.262745857673384,71.39964732190079,1.588651180267334,0.0,0.0,0.0,0.0,-0.6459458905834303,3.7384286063058036,0.0,0.0,0.0,0.47356098890304565,0.0,0.0,0.0,1.6795918941497803,0.0,1.6795918941497803,0.0,80.0
20.506819061220668,70.72842082043594,1.5886034965515137,0.0,0.0,0.0,0.0,-0.6551956675527748,3.7112142835344586,0.0,0.10164999961853027,0.0,0.41613197326660156,0.0,0.0,0.0,1.7678534984588623,0.0,1.7678534984588623,0.0,81.0
21.59815111684144,70.0571943189711,1.5885558128356934,0.0,0.0,0.0,0.0,-0.8545757603476734,3.7001428059169226,0.0,0.4112839996814728,0.0,0.0,0.0,0.0,0.12356600165367126,2.84858575463295,0.0,2.972151756286621,0.0,82.0
21.40809907760407,69.38596781750626,1.588508129119873,0.0,0.0,0.0,0.0,0.0,3.7157142639160154,0.0,0.44989800453186035,0.0,0.0,0.7564952969551086,0.0,0.33450669050216675,0.0,0.0,0.33450669050216675,0.0,83.0
20.78290389245656,68.71474131604141,2.3449556827545166,0.0,0.0,0.0,0.0,0.03761872202629728,3.754071453639439,0.0,0.4126780033111572,0.0,0.0,1.617964744567871,0.37618720531463623,0.5277200937271118,0.0,0.0,0.5277200937271118,0.0,84.0
20.542024924006643,68.04351481457657,3.9628500938415527,0.0,0.0,0.0,0.0,0.03545282027931289,3.7865000588553293,0.0,0.42735400795936584,0.0,0.0,1.4576151371002197,0.35452818870544434,1.0380024909973145,0.0,0.0,1.0380024909973145,0.0,85.0
20.316343880013985,67.37228831311172,5.420346260070801,0.0,0.0,0.0,0.0,0.12760992557247164,3.8076428822108674,0.0,0.4101420044898987,0.0,0.0,0.0,1.2760992050170898,0.9006087779998779,0.0,0.0,0.9006087779998779,0.0,86.0
20.09185263206528,66.70106181164688,5.4201836585998535,0.0,0.0,0.0,0.0,0.03370311990193997,3.8144999367850168,0.0,0.42344900965690613,0.0,0.0,0.0,0.33703118562698364,0.901069700717926,0.0,0.0,0.901069700717926,0.0,87.0
20.223621556508625,66.02983531018204,5.420021057128906,0.0,0.0,0.0,0.0,-0.24525128683452913,3.804499980381557,0.0,0.42343100905418396,0.0,0.0,0.0,0.0,0.3916689455509186,0.8175042569637299,0.0,1.2091732025146484,0.0,88.0
20.111117089048655,65.3586088087172,5.419858455657959,0.0,0.0,0.0,0.0,0.014755077642730699,3.765571403503418,0.0,0.08170000463724136,0.4504540264606476,0.0,0.0,0.0,0.0,0.0,0.9510337114334106,0.9510337114334106,0.0,89.0
20.218363932392638,64.68738230725235,3.8390443325042725,0.0,0.0,0.0,0.0,-0.7621888821200073,3.736142785208566,0.0,0.0,0.0,0.7052639722824097,0.0,0.0,0.0,1.8353655338287354,0.0,1.8353655338287354,0.0,90.0
20.484568664518616,64.0161558057875,3.8389291763305664,0.0,0.0,0.0,0.0,-0.9384221807488657,3.7165714808872767,0.0,0.0,0.0,0.6709100008010864,0.0,0.0,0.0,2.4571638107299805,0.0,2.4571638107299805,0.0,91.0
20.67241544900269,63.34492930432266,3.8388140201568604,0.0,0.0,0.0,0.0,-0.6669329105848449,3.69007146017892,0.0,0.0,0.33923612956827753,0.21828688259297735,0.0,0.0,0.0,2.0048227310180664,0.0,2.0048227310180664,0.0,92.0
20.68914122935908,62.67369898816055,3.492539644241333,0.0,0.0,0.0,0.0,-0.10686489543217723,3.6579999378749304,0.0,0.0,0.4691759943962097,0.0,0.0,0.0,0.0,0.35621630395249326,0.6917188242594818,1.047935128211975,0.0,93.0
20.70785617285309,62.00246867199844,2.3078484535217285,0.0,0.0,0.0,0.0,0.02835145335717054,3.6256428582327707,0.0,0.0,0.4084100127220154,0.0,0.0,0.0,0.0,0.0,0.7266880869865417,0.7266880869865417,0.0,94.0
20.705245604609058,61.331238355836334,0.860215425491333,0.0,0.0,0.0,0.0,-0.17225312293398676,3.5949285507202147,0.0,0.0,0.3546009957790375,0.0,0.0,0.0,0.0,0.5741770536308763,0.45628556901164075,1.030462622642517,0.0,95.0
20.470795498435905,60.660008039674224,0.032754361629486084,0.0,0.0,0.0,0.0,-0.25508141805439877,3.561928558349609,0.0,0.0,0.03209830756372689,0.24418570165448905,0.0,0.0,0.0,0.6060856580734253,0.0,0.6060856580734253,0.0,96.0
20.650662626890686,59.988777723512115,3.725290298461914e-9,0.0,0.0,0.0,0.0,-0.5942877666841376,3.5254999705723353,0.0,0.0,3.650674673669833e-9,0.2413890027255918,0.0,0.0,0.0,1.739570140838623,0.0,1.739570140838623,0.0,97.0
20.46233328035509,59.317547407350006,4.440892098500626e-16,0.0,0.0,0.0,0.0,-0.4876750290463371,3.4825714111328123,0.0,0.0,4.35194334229211e-16,0.22142000496387437,0.0,0.0,0.0,1.4041633605957031,0.0,1.4041633605957031,0.0,98.0
20.509624523870308,58.646317091187896,5.293955920339377e-23,0.0,0.0,0.0,0.0,-0.5214795945675998,3.426857212611607,0.0,0.0,5.1879207399989485e-23,0.20653900504112244,0.0,0.0,0.0,1.5317262411117554,0.0,1.5317262411117554,0.0,99.0
20.339444684622947,57.97508677502579,6.310887241768095e-30,0.0,0.0,0.0,0.0,-0.39797592552407224,3.374428558349609,0.0,0.0,6.18448345661038e-30,0.20070600509643555,0.0,0.0,0.0,1.1258803606033325,0.0,1.1258803606033325,0.0,100.0
20.50957269423527,57.30385645886368,7.52316384526264e-37,0.0,0.0,0.0,0.0,-0.6105958763995112,3.3251429421561105,0.0,0.0,7.372478791010833e-37,0.21046000719070435,0.0,0.0,0.0,1.8248594999313354,0.0,1.8248594999313354,0.0,101.0
20.46964216714474,56.63262614270157,8.96831017167883e-44,0.0,0.0,0.0,0.0,-0.49827712668089497,3.2828572954450332,0.0,0.0,8.788944139302194e-44,0.2391349971294403,0.0,0.0,0.0,1.4217886924743652,0.0,1.4217886924743652,0.0,102.0
20.119386037694557,55.96139582653946,0.0,0.0,0.0,0.0,0.0,-0.5674062209290742,3.2464285714285714,0.0,0.0,0.0,0.34427300095558167,0.0,0.0,0.0,1.5470809936523438,0.0,1.5470809936523438,0.0,103.0
20.160230622282054,55.29016551037735,0.0,0.0,0.0,0.0,0.0,0.0,3.2537857600620814,0.0,0.39383500814437866,0.0,0.0,0.24342405796051025,0.0,1.599990963935852,0.0,0.0,1.599990963935852,0.0,104.0
20.52952283276289,54.61893519421524,0.24342405796051025,0.0,0.0,0.0,0.0,0.014176512327850332,3.3213571275983536,0.0,0.4058389961719513,0.0,0.0,2.6967387199401855,0.14176511764526367,1.8628568649291992,0.0,0.0,1.8628568649291992,0.0,105.0
20.854152717170066,53.94770487805313,2.940155506134033,0.0,0.0,0.0,0.0,0.4404499228974146,3.371714401245117,0.0,0.4213930070400238,0.0,0.0,0.0,4.404499053955078,2.284858226776123,0.0,0.0,2.284858226776123,0.0,106.0
20.83285774432393,53.27647456189102,2.9400672912597656,0.0,0.0,0.0,0.0,0.6109957460958053,3.4127142224993023,0.0,0.4557420015335083,0.0,0.0,0.0,6.109957218170166,1.7582011222839355,0.0,0.0,1.7582011222839355,0.0,107.0
20.866980060179895,52.60524424572891,2.939979076385498,0.0,0.0,0.0,0.0,0.5438663937197674,3.446428516932896,0.0,0.4292140007019043,0.0,0.0,1.111231803894043,5.438663721084595,1.8501899242401123,0.0,0.0,1.8501899242401123,0.0,108.0
20.616077995787016,51.9340139295668,4.051122665405273,0.0,0.0,0.0,0.0,0.4763074348889755,3.468642861502511,0.0,0.42735400795936584,0.0,0.0,2.053919792175293,4.763074159622192,1.2885520458221436,0.0,0.0,1.2885520458221436,0.0,109.0
20.407664766153538,51.26278361340469,6.104920864105225,0.0,0.0,0.0,0.0,0.4904226319163089,3.485857227870396,0.0,0.4101420044898987,0.0,0.0,0.6058385968208313,4.904226124286652,1.712093710899353,0.0,0.0,1.712093710899353,0.0,110.0
20.434695082592295,50.591553297242584,6.71057653427124,0.0,0.0,0.0,0.0,0.3272407661772074,3.500214385986328,0.0,0.42344900965690613,0.0,0.0,0.8243087530136108,3.2724075317382812,1.4610344171524048,0.0,0.0,1.4610344171524048,0.0,111.0
20.29277523655357,49.920322981080474,7.534684181213379,0.0,0.0,0.0,0.0,0.17957958696602105,3.4950713566371374,0.0,0.42343100905418396,0.0,0.0,0.0,1.7957957983016968,1.1409231424331665,0.0,0.0,1.1409231424331665,0.0,112.0
20.199889396284174,49.249092664918365,7.534458160400391,0.0,0.0,0.0,0.0,0.14615415731995118,3.457642909458705,0.0,0.43129998445510864,0.10085403919219971,0.0,0.0,0.0,0.0,0.0,1.2478125095367432,1.2478125095367432,0.0,113.0
19.987540268028816,48.577862348756256,4.666673183441162,0.0,0.012459731971183885,0.0,0.0,-0.5304020023272926,3.4449999128069195,0.0,0.0,0.0,0.7052639722824097,0.0,0.0,0.0,1.0212101936340332,0.0,1.0212101936340332,0.0,114.0
20.27413149263287,47.906632032594146,4.666533470153809,0.0,0.0,0.0,0.0,-0.6206713995717543,3.4464999062674386,0.0,0.0,0.23625438971187407,0.43465561108921236,0.0,0.0,0.0,1.634248971939087,0.0,1.634248971939087,0.0,115.0
20.774276797548293,47.23540171643204,4.425317764282227,0.0,0.0,0.0,0.0,0.08522725714833648,3.431142752511161,0.0,0.0,0.5575230121612549,0.0,0.0,0.0,0.0,0.0,1.7032923698425293,1.7032923698425293,0.0,116.0
20.72600976533815,46.56417140026993,1.2485649585723877,0.0,0.0,0.0,0.0,-0.07449969683694409,3.3908570970807754,0.0,0.0,0.4691759943962097,0.0,0.0,0.0,0.0,0.2483323129219741,0.7543808905082017,1.0027132034301758,0.0,117.0
20.86023530282666,45.89294108410782,1.1757930451494758e-7,0.0,0.0,0.0,0.0,-0.5349542186673568,3.358142798287528,0.0,0.0,1.1522425293446079e-7,0.40840989749776246,0.0,0.0,0.0,1.3747707605361938,0.0,1.3747707605361938,0.0,118.0
20.86302490234994,45.22171076794571,1.4210854715202004e-14,0.0,0.0,0.0,0.0,-0.5543814670793747,3.3162857600620814,0.0,0.0,1.3926218695334752e-14,0.35460099577902354,0.0,0.0,0.0,1.4933371543884277,0.0,1.4933371543884277,0.0,119.0
20.817511954815835,44.5504804517836,1.6940658945086007e-21,0.0,0.0,0.0,0.0,-0.5065922074155882,3.2784284319196426,0.0,0.0,1.6601346367996635e-21,0.27628400921821594,0.0,0.0,0.0,1.4123566150665283,0.0,1.4123566150665283,0.0,120.0
20.89605090056788,43.87925013562149,2.0194839173657902e-28,0.0,0.0,0.0,0.0,-0.5757604261541527,3.2526427132742746,0.0,0.0,1.9790347061153216e-28,0.24138900637626648,0.0,0.0,0.0,1.6778123378753662,0.0,1.6778123378753662,0.0,121.0
20.74239313561659,43.20801981945938,2.407412430484045e-35,0.0,0.0,0.0,0.0,-0.42860212688057064,3.2382144383021765,0.0,0.0,2.3591932131234664e-35,0.22142000496387482,0.0,0.0,0.0,1.2072536945343018,0.0,1.2072536945343018,0.0,122.0
20.58951656343842,42.53678950329727,2.8698592549372254e-42,0.0,0.0,0.0,0.0,-0.4243805845332371,3.240357208251953,0.0,0.0,2.812462124576702e-42,0.20653900504112244,0.0,0.0,0.0,1.2080628871917725,0.0,1.2080628871917725,0.0,123.0
20.536926099658817,41.86555918713516,0.0,0.0,0.0,0.0,0.0,-0.5972983597635562,3.2369286128452845,0.0,0.0,0.0,0.20070600509643555,0.0,0.0,0.0,1.7902884483337402,0.0,1.7902884483337402,0.0,124.0
20.479466798242193,41.19432887097305,0.0,0.0,0.0,0.0,0.0,-0.5995236813832783,3.2230000632149833,0.0,0.0,0.0,0.21046000719070435,0.0,0.0,0.0,1.787952184677124,0.0,1.787952184677124,0.0,125.0
20.43064168758322,40.52309855481094,0.0,0.0,0.0,0.0,0.0,-0.6162957585372819,3.2063570840018136,0.0,0.0,0.0,0.2391349971294403,0.0,0.0,0.0,1.8151841163635254,0.0,1.8151841163635254,0.0,126.0
20.095525783638173,39.851868238648834,0.0,0.0,0.0,0.0,0.0,-0.24254872868652022,3.204785701206752,0.0,0.0,0.0,0.34427300095558167,0.0,0.0,0.0,0.4642227292060852,0.0,0.4642227292060852,0.0,127.0
20.66972538906293,39.180637922486724,0.0,0.0,0.0,0.0,0.0,-0.27093337658776306,3.255857140677316,0.0,0.39383500814437866,0.0,0.0,0.0,0.0,1.0435149669647217,0.9031112194061279,0.0,1.9466261863708496,0.0,128.0
21.61994852059812,38.509407606324615,0.0,0.0,0.0,0.0,0.0,-0.09404833690517478,3.3577141898018974,0.0,0.4058389961719513,0.0,0.0,0.0,0.0,2.6816608905792236,0.3134944438934326,0.0,2.9951553344726562,0.0,129.0
21.784299394963494,37.838177290162506,0.0,0.0,0.0,0.0,0.0,0.29809560768189414,3.4764286586216517,0.0,0.4112839996814728,0.0,0.0,0.0,2.980955958366394,1.2114602327346802,0.0,0.0,1.2114602327346802,0.0,130.0
21.65429650536482,37.166946974000396,0.0,0.0,0.0,0.0,0.0,0.2878732676455679,3.627857153756278,0.0,1.0242329835891724,0.0,0.0,0.0,2.8787325620651245,0.6190348863601685,0.0,0.0,0.6190348863601685,0.0,131.0
21.57399708816159,36.49571665783829,0.0,0.0,0.0,0.0,0.0,0.33095269326180937,3.755714225769043,0.0,0.4126780033111572,0.0,0.0,0.0,3.309526801109314,1.0106950998306274,0.0,0.0,1.0106950998306274,0.0,132.0
21.702993377488138,35.82448634167618,0.0,0.0,0.0,0.0,0.0,0.21505548616470804,3.811357171194894,0.0,0.42735400795936584,0.0,0.0,0.0,2.1505547761917114,0.724291205406189,0.0,0.0,0.724291205406189,0.0,133.0
21.517747395389705,35.15325602551407,0.0,0.0,0.0,0.0,0.0,0.09672683712748024,3.824428503853934,0.0,0.4101420044898987,0.0,0.0,0.19058217108249664,0.9672683328390121,0.6502575874328613,0.0,0.0,0.6502575874328613,0.0,134.0
21.33575162745476,34.48202570935196,0.19058217108249664,0.0,0.0,0.0,0.0,0.04389343436135581,3.8100714819771904,0.0,0.42344900965690613,0.0,0.0,0.0,0.438934326171875,0.34031665325164795,0.0,0.0,0.34031665325164795,0.0,135.0
20.995318751474713,33.81079539318985,0.1905764639377594,0.0,0.0,0.0,0.0,-0.060584320097883795,3.770428603036063,0.0,0.41990000009536743,0.0035310089588165283,0.0,0.0,0.0,0.0,0.20194772563493102,0.18322830714666993,0.38517603278160095,0.0,136.0
21.022077844249466,33.13956507702774,2.9782166066638638e-8,0.0,0.0,0.0,0.0,-0.27445851481414907,3.728285734994071,0.0,0.013300000689923763,2.9185644194338673e-8,0.5188539928404178,0.0,0.0,0.0,0.3960076868534088,0.0,0.3960076868534088,0.0,137.0
20.49700872508407,32.46833476086563,3.552713678800501e-15,0.0,0.0,0.0,0.0,-0.5226454346436427,3.7198571613856726,0.0,0.0,0.0,0.7052639722824097,0.0,0.0,0.0,1.0368874073028564,0.0,1.0368874073028564,0.0,138.0
20.346493283824486,31.797104444703525,3.5526071644073837e-15,0.0,0.0,0.0,0.0,-0.3226227471281174,3.7243571417672294,0.0,0.0,3.4814502897264015e-15,0.670910000801083,0.0,0.0,0.0,0.4044991135597229,0.0,0.4044991135597229,0.0,139.0
20.416518321610347,31.125874128541415,4.235164736271502e-22,0.0,0.0,0.0,0.0,-0.5070300065290922,3.698357118879046,0.0,0.0,4.150336591999159e-22,0.5575230121612549,0.0,0.0,0.0,1.1325769424438477,0.0,1.1325769424438477,0.0,140.0
20.423925810254232,30.454643812379306,5.048709793414476e-29,0.0,0.0,0.0,0.0,-0.3500875671739401,3.667785726274763,0.0,0.0,4.947586765288304e-29,0.4691759943962097,0.0,0.0,0.0,0.6977825164794922,0.0,0.6977825164794922,0.0,141.0
20.6865333761323,29.783413496217197,6.018531076210112e-36,0.0,0.0,0.0,0.0,-0.5730628300930185,3.6439999989100866,0.0,0.0,5.897983032808666e-36,0.4084100127220154,0.0,0.0,0.0,1.5017993450164795,0.0,1.5017993450164795,0.0,142.0
21.03908732379613,29.112183180055087,7.174648137343064e-43,0.0,0.0,0.0,0.0,-0.6078893217599113,3.632357134137835,0.0,0.0,7.031155311441755e-43,0.3546009957790375,0.0,0.0,0.0,1.671696662902832,0.0,1.671696662902832,0.0,143.0
21.203865902965244,28.440952863892978,0.0,0.0,0.0,0.0,0.0,-0.48117595140838354,3.6307857513427733,0.0,0.0,0.0,0.27628400921821594,0.0,0.0,0.0,1.3276357650756836,0.0,1.3276357650756836,0.0,144.0
21.194537799483555,27.76972254773087,0.0,0.0,0.0,0.0,0.0,-0.42277413349446125,3.1368571145193918,0.0,0.0,0.0,0.2425840049982071,0.0,0.0,0.0,1.1666630506515503,0.0,1.1666630506515503,0.0,145.0
21.337912106840506,27.09849223156876,0.0,0.0,0.0,0.0,0.0,-0.16673476464489134,3.1267857687813896,0.0,0.0,0.0,0.22254300117492676,0.0,0.0,0.0,0.33323952555656433,0.0,0.33323952555656433,0.0,146.0
21.33116160556674,19.831434824187905,0.0,0.0,0.0,0.0,0.16856517581209474,-0.23795418953519043,0.0,2.044857243129185,0.0,0.0,0.20762799680233002,0.0,0.0,0.0,0.02366870641708374,0.0,0.0,0.02366870641708374,147.0
21.324411498755218,37.86846267099718,0.0,0.0,0.0,0.0,0.0,-0.20466142513996033,0.0,2.030428423200335,0.0,0.0,0.20176100730895996,0.0,0.0,0.0,0.48044371604919434,0.0,0.0,0.48044371604919434,148.0
20.85434838875673,37.19723185559219,0.0,0.0,0.0,0.0,0.0,-0.12070462289272221,3.081428473336356,0.0,0.0,0.0,0.21150100231170654,0.0,0.0,0.0,0.1908477246761322,0.0,0.1908477246761322,0.0,149.0
20.80427304868579,36.526001539430084,0.0,0.0,0.0,0.0,0.0,-0.1665860585008483,3.0582141331263952,0.0,0.0,0.0,0.2400050014257431,0.0,0.0,0.0,0.31528183817863464,0.0,0.31528183817863464,0.0,150.0
20.49896009609889,35.854771223267974,0.0,0.0,0.0,0.0,0.0,-0.6264319162143028,3.036571448189872,0.0,0.009499999694526196,0.0,0.33543601632118225,0.0,0.0,0.0,1.7526702880859375,0.0,1.7526702880859375,0.0,151.0
20.24262292173998,35.183540907105865,0.0,0.0,0.0,0.0,0.0,0.0,3.0345714569091795,0.0,0.39451301097869873,0.0,0.0,0.06732417643070221,0.0,0.06541280448436737,0.0,0.0,0.06541280448436737,0.0,152.0
20.171612419475014,34.512310590943756,0.06732417643070221,0.0,0.0,0.0,0.0,0.0,3.042142813546317,0.0,0.40608200430870056,0.0,0.0,0.23494553565979004,0.0,0.8675724267959595,0.0,0.0,0.8675724267959595,0.0,153.0
21.287314237745477,33.841080274781646,0.3022677004337311,0.0,0.0,0.0,0.0,-0.2097900235569483,3.05264276776995,0.0,0.41108399629592896,0.0,0.0,0.0,0.0,2.2907161712646484,0.6993000507354736,0.0,2.990016222000122,0.0,154.0
21.65272882069589,33.16984995861954,0.3022586405277252,0.0,0.0,0.0,0.0,0.12119303231211613,3.0716429574148996,0.0,0.39886701107025146,0.0,0.0,0.0,1.211930274963379,2.5977025032043457,0.0,0.0,2.5977025032043457,0.0,155.0
20.984718250655302,32.49861964245743,0.30224958062171936,0.0,0.0,0.0,0.0,0.48821827623121966,3.0925714765276227,0.0,0.4125719964504242,0.0,0.0,0.0,4.882182568311691,0.3501453697681427,0.0,0.0,0.3501453697681427,0.0,156.0
21.499286054503955,31.82738932629532,0.3022405207157135,0.0,0.0,0.0,0.0,0.15007328987412788,3.09442868913923,0.0,0.4730199873447418,0.0,0.0,0.8598647713661194,1.5007328391075134,2.7029824256896973,0.0,0.0,2.7029824256896973,0.0,157.0
21.675637064122146,31.156159010133212,1.1620962619781494,0.0,0.0,0.0,0.0,0.10123830243898624,3.079142924717494,0.0,0.41009700298309326,0.0,0.0,1.3047277927398682,1.012382984161377,1.5905420780181885,0.0,0.0,1.5905420780181885,0.0,158.0
21.668886291235687,44.3363786925244,2.4667892456054688,0.0,0.0,0.0,0.0,0.0,0.0,1.9892144339425224,0.42232099175453186,0.0,0.0,2.075041890144348,0.0,0.3630868196487427,0.0,0.0,0.0,0.3630868196487427,159.0
21.100128317574857,43.66515025158829,4.541757106781006,0.0,0.0,0.0,0.0,0.0,3.041785866873605,0.0,0.417385995388031,0.0,0.0,0.8411715030670166,0.0,0.3754425048828125,0.0,0.0,0.3754425048828125,0.0,160.0
20.728085370145497,42.99391993542618,5.3827924728393555,0.0,0.0,0.0,0.0,-0.10604173664417793,3.010928508213588,0.0,0.5168240070343018,0.0,0.0,0.0,0.0,0.058875977993011475,0.35347244143486023,0.0,0.4123484194278717,0.0,161.0
20.349388120587324,42.32268961926407,5.382631301879883,0.0,0.0,0.0,0.0,-0.32626866504624097,2.9518571036202568,0.0,0.0,0.0,0.6819890141487122,0.0,0.0,0.0,0.40557315945625305,0.0,0.40557315945625305,0.0,162.0
20.429729380240893,41.65145930310196,5.38247013092041,0.0,0.0,0.0,0.0,-0.5212731628129141,2.8957856859479634,0.0,0.0,0.0,0.6858599781990051,0.0,0.0,0.0,1.0517171621322632,0.0,1.0517171621322632,0.0,163.0
20.577971804952647,40.98022898693985,5.3823089599609375,0.0,0.0,0.0,0.0,-0.6647269870729033,2.8483572823660714,0.0,0.0,0.0,0.5621299743652344,0.0,0.0,0.0,1.653626561164856,0.0,1.653626561164856,0.0,164.0
20.968407399427953,40.30899867077774,5.382147789001465,0.0,0.0,0.0,0.0,-0.19531204016533119,2.802285548618862,0.0,0.0,0.49087101221084595,0.0,0.0,0.0,0.0,0.6510401080144277,1.1734845330225596,1.8245246410369873,0.0,165.0
21.231933829666435,39.63776835461563,3.683664560317993,0.0,0.0,0.0,0.0,-0.33312604927056116,2.749428558349609,0.0,0.0,0.4296489953994751,0.0,0.0,0.0,0.0,1.1104201201110726,0.441461193212902,1.5518813133239746,0.0,166.0
21.57669092629717,38.96653803845352,2.794666290283203,0.0,0.0,0.0,0.0,-0.566142184755488,2.693642970493862,0.0,0.0,0.3728249967098236,0.0,0.0,0.0,0.0,1.887140540863399,0.3478324129329877,2.2349729537963867,0.0,167.0
21.61785139225419,38.29530772229141,2.059217929840088,0.0,0.0,0.0,0.0,-0.8121332163466288,2.642428479875837,0.0,0.0,0.0,0.2775129973888397,0.0,0.0,0.0,2.4295976161956787,0.0,2.4295976161956787,0.0,168.0
21.786091146628856,37.6240774061293,2.0591561794281006,0.0,0.0,0.0,0.0,-0.7719286316406171,2.598285620553153,0.0,0.0,0.0,0.2425840049982071,0.0,0.0,0.0,2.3305113315582275,0.0,2.3305113315582275,0.0,169.0
21.834634077607987,36.95284708996719,2.0590944290161133,0.0,0.0,0.0,0.0,-0.5407475209533175,2.5604999542236326,0.0,0.0,0.0,0.22254300117492676,0.0,0.0,0.0,1.5799486637115479,0.0,1.5799486637115479,0.0,170.0
21.735261878132473,36.281616773805084,2.059032678604126,0.0,0.0,0.0,0.0,-0.5696630897984134,2.5254998343331474,0.0,0.0,0.0,0.20762799680233002,0.0,0.0,0.0,1.691248893737793,0.0,1.691248893737793,0.0,171.0
21.754538378170594,35.610386457642974,2.0589709281921387,0.0,0.0,0.0,0.0,-0.5240399330472911,2.492071369716099,0.0,0.0,0.0,0.20176100730895996,0.0,0.0,0.0,1.5450387001037598,0.0,1.5450387001037598,0.0,172.0
21.533305433089406,34.939156141480865,2.0589091777801514,0.0,0.0,0.0,0.0,-0.4844671561108882,2.4646428789411274,0.0,0.0,0.0,0.21150100231170654,0.0,0.0,0.0,1.4033894538879395,0.0,1.4033894538879395,0.0,173.0
21.599420886677237,34.267925825318756,2.058847427368164,0.0,0.0,0.0,0.0,-0.4343792924038281,2.4427857535226005,0.0,0.0,0.0,0.2400050014257431,0.0,0.0,0.0,1.2079259157180786,0.0,1.2079259157180786,0.0,174.0
21.346728958288033,33.596695509156646,2.0587856769561768,0.0,0.0,0.0,0.0,-0.2962256474783276,2.4332855224609373,0.0,0.19474999606609344,0.0,0.15018601715564728,0.0,0.0,0.0,0.837232768535614,0.0,0.837232768535614,0.0,175.0
21.339979278296234,36.77851205314925,2.0587239265441895,0.0,0.0,0.0,0.0,0.0,0.0,1.4432143620082307,0.39451301097869873,0.0,0.0,2.103476792573929,0.0,0.13920995593070984,0.0,0.0,0.0,0.13920995593070984,176.0
20.984989613124082,36.107281294068756,4.162138938903809,0.0,0.0,0.0,0.0,0.5563635030185573,2.643071528843471,0.0,0.40608200430870056,0.0,0.0,0.0,5.563634809106588,0.054233137518167496,0.0,0.0,0.054233137518167496,0.0,177.0
20.88884837271578,35.436050977906646,4.162014007568359,0.0,0.0,0.0,0.0,0.7292699328768215,2.783142852783203,0.0,0.41108399629592896,0.0,0.0,0.0,7.292699038982391,0.6704662442207336,0.0,0.0,0.6704662442207336,0.0,178.0
21.223120083341584,34.76482066174454,4.16188907623291,0.0,0.0,0.0,0.0,0.7469684659230088,2.896428462437221,0.0,0.39886701107025146,0.0,0.0,0.0,7.469684362411499,1.6314489841461182,0.0,0.0,1.6314489841461182,0.0,179.0
21.270649779962483,34.09359034558243,4.161764144897461,0.0,0.0,0.0,0.0,0.7728085824969829,2.9710714612688336,0.0,0.4125719964504242,0.0,0.0,0.0,7.728085517883301,1.3593425750732422,0.0,0.0,1.3593425750732422,0.0,180.0
21.2492199525728,33.42236002942032,4.161639213562012,0.0,0.0,0.0,0.0,0.7093526943267452,3.0275000980922155,0.0,0.4273020029067993,0.0,0.0,0.7970151305198669,7.093526661396027,1.1821558475494385,0.0,0.0,1.1821558475494385,0.0,181.0
21.4996294608415,32.75112971325821,4.958529472351074,0.0,0.0,0.0,0.0,0.6065355482314239,3.0666429792131695,0.0,0.41009700298309326,0.0,0.0,1.6949477195739746,6.0653552412986755,0.9676499962806702,0.0,0.0,0.9676499962806702,0.0,182.0
21.37182977377445,32.0798993970961,6.6533284187316895,0.0,0.0,0.0,0.0,0.46402770336579025,3.086071504865374,0.0,0.42232099175453186,0.0,0.0,1.9973201751708984,4.640276849269867,0.5372324585914612,0.0,0.0,0.5372324585914612,0.0,183.0
21.61187535521851,31.408669080933993,8.650449752807617,0.0,0.0,0.0,0.0,0.27172641045754753,3.070857129778181,0.0,0.417385995388031,0.0,0.0,1.2120777368545532,2.7172639966011047,0.9438219666481018,0.0,0.0,0.9438219666481018,0.0,184.0
21.978385882579445,30.737438764771884,9.862268447875977,0.0,0.0,0.0,0.0,0.29430456060530286,3.0089999062674386,0.0,0.5168240070343018,0.0,0.0,0.0,0.0,1.7194759845733643,0.0,0.32945704460144043,2.0489330291748047,0.0,185.0
21.8967515266122,30.066208448609775,6.522684574127197,0.0,0.0,0.0,0.0,-0.2744539959798397,2.8849999019077845,0.0,0.01615000143647194,0.432347637484952,0.23349137895257854,0.0,0.0,0.0,0.6813552379608154,0.0,0.6813552379608154,0.0,186.0
21.209819970800503,29.394978132447665,6.081317901611328,0.0,0.0,0.0,0.0,-0.23432568795783038,2.788285609654018,0.0,0.0,0.0,0.6540570259094238,0.0,0.0,0.0,0.12702856957912445,0.0,0.12702856957912445,0.0,187.0
20.746521649052127,28.723747816285556,6.0811357498168945,0.0,0.0,0.0,0.0,-0.3728053598723946,2.7111428941999165,0.0,0.0,0.0,0.5621299743652344,0.0,0.0,0.0,0.6805545091629028,0.0,0.6805545091629028,0.0,188.0
20.73977099582553,24.35614474597344,6.080953598022461,0.0,0.0,0.0,0.0,-0.5117964530704988,0.0,1.5711426871163505,0.0,0.0,1.0771600008010864,0.0,0.0,0.0,0.6288281083106995,0.0,0.0,0.6288281083106995,189.0
20.733020889014007,8.497175436863152,6.080771446228027,0.0,0.0,0.0,11.502824563136848,-11.809327796708823,0.0,1.5131429399762837,0.0,0.0,0.8678960204124451,0.0,0.0,0.0,0.15378138422966003,0.0,0.0,0.15378138422966003,190.0
20.726270782202484,40.49641135045446,6.080589294433594,0.0,0.0,0.0,0.0,-0.8925856587324787,0.0,1.4617142813546318,0.0,0.0,0.9616810083389282,0.0,0.0,0.0,2.0136044025421143,0.0,0.0,2.0136044025421143,191.0
21.800047402504237,39.82518061657852,6.08040714263916,0.0,0.0,0.0,0.0,0.09381216866920465,2.4896427699497767,0.0,0.0,0.2775129973888397,0.0,0.0,0.0,0.0,0.0,2.909916877746582,2.909916877746582,0.0,192.0
21.96490654882401,39.15395030041641,1.870478630065918,0.0,0.0,0.0,0.0,-0.6514316394056371,2.4603573390415736,0.0,0.0,0.030576583891164688,0.2120074211070424,0.0,0.0,0.0,1.9594312906265259,0.0,1.9594312906265259,0.0,193.0
22.144343136430663,38.4827199842543,1.8392219543457031,0.14434313643066332,0.0,0.0,0.0,-0.6664775565924828,2.4416429792131695,0.0,0.0,0.0,0.22254300117492676,0.0,0.0,0.0,1.5179049968719482,0.0,1.5179049968719482,0.0,194.0
22.20045742367778,37.81148966809219,1.8391667604446411,0.2004574236777792,0.0,0.0,0.0,-0.6174965917391608,2.4389285496303015,0.0,0.0,0.0,0.20762799680233002,0.0,0.0,0.0,1.1825025081634521,0.0,1.1825025081634521,0.0,195.0
21.95670247223737,37.140259351930084,1.839111566543579,0.0,0.0,0.0,0.0,-0.3168769008667027,2.4538570949009486,0.0,0.0,0.0,0.20176100730895996,0.0,0.0,0.0,0.8544952869415283,0.0,0.8544952869415283,0.0,196.0
21.91618311547969,36.469029035767974,1.839056372642517,0.0,0.0,0.0,0.0,-0.3358143701479577,2.46707147870745,0.0,0.0,0.0,0.21150100231170654,0.0,0.0,0.0,0.9078801870346069,0.0,0.9078801870346069,0.0,197.0
21.554687679511666,35.797798719605865,1.839001178741455,0.0,0.0,0.0,0.0,-0.23135117168629815,2.469785635811942,0.0,0.0,0.0,0.2400050014257431,0.0,0.0,0.0,0.5311655402183533,0.0,0.5311655402183533,0.0,198.0
21.366811673976027,35.126568403443756,1.838945984840393,0.0,0.0,0.0,0.0,-0.21327218366750778,2.4683573041643414,0.0,0.14344999194145203,0.0,0.2014860212802887,0.0,0.0,0.0,0.5094212293624878,0.0,0.5094212293624878,0.0,199.0
21.393048631028286,34.455338087281646,1.8388909101486206,0.0,0.0,0.0,0.0,0.0,2.5340714590890068,0.0,0.39451301097869873,0.0,0.0,0.9491956233978271,0.0,0.3434913158416748,0.0,0.0,0.3434913158416748,0.0,200.0
21.386299239844085,31.02827507206332,2.788031578063965,0.0,0.0,0.0,0.0,0.4347618871832637,0.0,1.6087855747767854,0.40608200430870056,0.0,0.0,0.0,4.3476186990737915,0.20054900646209717,0.0,0.0,0.0,0.20054900646209717,201.0
21.18106912548336,30.35704478283829,2.7879478931427,0.0,0.0,0.0,0.0,0.6713385371899013,2.820571572440011,0.0,0.41108399629592896,0.0,0.0,0.0,6.713385105133057,0.18768072128295898,0.0,0.0,0.18768072128295898,0.0,202.0
21.310310389651764,29.68581446667618,2.7878642082214355,0.0,0.0,0.0,0.0,0.7291723421880529,2.946428516932896,0.0,0.39886701107025146,0.0,0.0,0.0,7.291723132133484,1.4170600175857544,0.0,0.0,1.4170600175857544,0.0,203.0
21.251522913799707,29.01458415051407,2.787780523300171,0.0,0.0,0.0,0.0,0.7798915338473122,3.049357223510742,0.0,0.4125719964504242,0.0,0.0,0.0,7.7989150285720825,1.2885130643844604,0.0,0.0,1.2885130643844604,0.0,204.0
21.473392396696433,28.343353834351962,2.7876968383789062,0.0,0.0,0.0,0.0,0.756427303211978,3.1344285147530693,0.0,0.4273020029067993,0.0,0.0,0.429034024477005,7.564272731542587,1.0793908834457397,0.0,0.0,1.0793908834457397,0.0,205.0
21.78402913027716,27.672123518189853,3.216647148132324,0.0,0.0,0.0,0.0,0.6262621234362165,3.199285725184849,0.0,0.41009700298309326,0.0,0.0,1.3539509773254395,6.262620985507965,0.8615307211875916,0.0,0.0,0.8615307211875916,0.0,206.0
21.65920726452129,27.000893202027743,4.570501804351807,0.0,0.0,0.0,0.0,0.45754779458235806,3.2421427590506418,0.0,0.42232099175453186,0.0,0.0,2.0937016010284424,4.575477764010429,0.14369972050189972,0.0,0.0,0.14369972050189972,0.0,207.0
21.887231800601477,26.329662885865634,6.664066314697266,0.0,0.0,0.0,0.0,0.16982526261906847,3.252571323939732,0.0,0.417385995388031,0.0,0.0,1.1325523853302002,1.698252558708191,0.4938589334487915,0.0,0.0,0.4938589334487915,0.0,208.0
22.06495780742947,25.658432569703525,7.796419143676758,0.06495780742946877,0.0,0.0,0.0,0.11869053070137886,3.2284286499023436,0.0,0.5168240070343018,0.0,0.0,0.0,0.0,0.021825969219207764,0.0,0.9329369068145752,0.954762876033783,0.0,209.0
21.9106129739061,24.987202253541415,4.970246315002441,0.0,0.0,0.0,0.0,-0.3439246820976205,3.175,0.0,0.0,0.0,0.6819890141487122,0.0,0.0,0.0,0.46442654728889465,0.0,0.46442654728889465,0.0,210.0
21.41470122836047,24.315971937379306,4.970097064971924,0.0,0.0,0.0,0.0,-0.23557168585346844,3.1444998604910714,0.0,0.0,0.0,0.6540570259094238,0.0,0.0,0.0,0.13118189573287964,0.0,0.13118189573287964,0.0,211.0
21.001490947311748,23.644741621217197,4.9699482917785645,0.0,0.0,0.0,0.0,-0.20256374538198063,3.134714344569615,0.0,0.0,0.0,0.5621299743652344,0.0,0.0,0.0,0.11308248341083527,0.0,0.11308248341083527,0.0,212.0
20.7027646147268,22.973511305055087,4.969799518585205,0.0,0.0,0.0,0.0,-0.31427717861641113,3.1080714089529855,0.0,0.0,0.0,0.49087101221084595,0.0,0.0,0.0,0.5567195415496826,0.0,0.5567195415496826,0.0,213.0
21.627647676109355,22.302280988892978,4.969650745391846,0.0,0.0,0.0,0.0,0.11338069530253975,3.0865715026855467,0.0,0.0,0.4296489953994751,0.0,0.0,0.0,0.0,0.0,2.8086647987365723,2.8086647987365723,0.0,214.0
21.620897399634124,34.208698104002046,0.5081543922424316,0.0,0.0,0.0,0.0,-0.21001627683704172,0.0,2.004214368547712,0.0,0.0,0.3728249967098236,0.0,0.0,0.0,0.32722923159599304,0.0,0.0,0.32722923159599304,215.0
21.62286367977573,33.53746851941055,0.5081391334533691,0.0,0.0,0.0,0.0,-0.2114866459960396,3.0674285343715124,0.0,0.0,0.0,0.2775129973888397,0.0,0.0,0.0,0.4274424612522125,0.0,0.4274424612522125,0.0,216.0
21.5259099495628,32.86623820324844,0.5081238746643066,0.0,0.0,0.0,0.0,-0.06717446396653781,3.8786428451538084,0.0,0.0,0.24138900637626648,0.0,0.0,0.0,0.0,0.2239148709908818,0.25655739568315994,0.48047226667404175,0.0,217.0
21.462174449438,32.195007887086334,5.223440169288551e-8,0.0,0.0,0.0,0.0,-0.13404886613651518,3.8735714776175363,0.0,0.0,5.1188172280173416e-8,0.22141995377570253,0.0,0.0,0.0,0.2254095822572708,0.0,0.2254095822572708,0.0,218.0
21.570789022456083,31.523777570924228,7.105427357601002e-15,0.0,0.0,0.0,0.0,-0.12471371639623875,3.873499952043806,0.0,0.0,6.963109347667376e-15,0.20653900504111547,0.0,0.0,0.0,0.20917336642742157,0.0,0.20917336642742157,0.0,219.0
21.564039336889984,23.51877164951655,8.470329472543003e-22,0.0,0.0,0.0,0.0,-0.0809779273858835,0.0,2.8114285605294365,0.0,8.300673183998318e-22,0.20070600509643555,0.0,0.0,0.0,0.0692204087972641,0.0,0.0,0.0692204087972641,220.0
21.37340270842856,22.84754237194962,1.0097419586828951e-28,0.0,0.0,0.0,0.0,-0.06520439771195333,3.908642850603376,0.0,0.0,9.895173530576608e-29,0.21040700376033783,0.0,0.0,0.0,0.006940979976207018,0.0,0.006940979976207018,0.0,221.0
21.366653548926116,29.106843671931465,1.2037062152420224e-35,0.0,0.0,0.0,0.0,-0.10969386387641666,0.0,2.850642830984933,0.0,1.1795966065617332e-35,0.23887500166893005,0.0,0.0,0.0,0.12677119672298431,0.0,0.0,0.12677119672298431,222.0
20.710190923841413,28.435614195069736,1.4349296274686127e-42,0.0,0.0,0.0,0.0,-0.23846388512706262,3.921000017438616,0.0,0.0,0.0,0.3436639904975891,0.0,0.0,0.0,0.45121559500694275,0.0,0.45121559500694275,0.0,223.0
20.348341589064244,27.764383878907626,1.4349296274686127e-42,0.0,0.0,0.0,0.0,-0.1248147496259111,3.922214317321777,0.0,0.0019000000320374966,1.406231062288351e-42,0.39116400480270386,0.0,0.0,0.0,0.024885144084692,0.0,0.024885144084692,0.0,224.0
20.742218804510273,27.093153562745517,0.0,0.0,0.0,0.0,0.0,-0.3979568728986127,3.9427857535226005,0.0,0.22609999775886536,0.0,0.1784990131855011,0.0,0.0,0.0,1.1480238437652588,0.0,1.1480238437652588,0.0,225.0
21.665567881709183,26.421923246583408,0.0,0.0,0.0,0.0,0.0,-0.5466682025459679,3.959428596496582,0.0,0.40960100293159485,0.0,0.0,0.0,0.0,0.211698979139328,1.822227269411087,0.0,2.033926248550415,0.0,226.0
22.17212038922669,25.750692930421298,0.0,0.17212038922669137,0.0,0.0,0.0,-0.3648612187239024,4.000428553989956,0.0,0.397381991147995,0.0,0.0,0.0,0.0,0.6751679182052612,0.6424694061279297,0.0,1.317637324333191,0.0,227.0
21.561359737506017,25.07946261425919,0.0,0.0,0.0,0.0,0.0,-0.16373179907527735,4.029142870221819,0.0,0.3799999952316284,0.0,0.031049996614456177,0.0,0.0,0.0,0.5147226452827454,0.0,0.5147226452827454,0.0,228.0
20.779386324491572,24.40823229809708,0.0,0.0,0.0,0.0,0.0,-0.06427305298141839,4.0667143685477125,0.0,0.42574799060821533,0.0,0.0,0.0,0.0,0.015051990747451782,0.21424350142478943,0.0,0.2292954921722412,0.0,229.0
20.772636520117523,36.76862509241885,0.0,0.0,0.0,0.0,0.0,-0.07323298149239932,0.0,3.019142913818359,0.3894999921321869,0.0,0.019042998552322388,0.0,0.0,0.0,0.2250669300556183,0.0,0.0,0.2250669300556183,230.0
20.209463349298506,36.097393598756256,0.0,0.0,0.0,0.0,0.0,-0.11200413552936439,4.093500082833426,0.0,0.33820000290870667,0.0,0.0852690041065216,0.0,0.0,0.0,0.28807809948921204,0.0,0.28807809948921204,0.0,231.0
19.92120910908364,35.426163282594146,0.0,0.0,0.07879089091635905,0.0,0.0,-0.4094555626022398,4.073642812456404,0.0,0.06650000065565109,0.0,0.36281800270080566,0.0,0.0,0.0,0.7393975257873535,0.0,0.7393975257873535,0.0,232.0
19.812618007783723,34.75493296643204,0.0,0.0,0.18738199221627738,0.0,0.0,-0.662489061037352,4.0517142977033345,0.0,0.0,0.0,0.5446749925613403,0.0,0.0,0.0,1.0390151739120483,0.0,1.0390151739120483,0.0,233.0
19.74980522964552,34.08370265026993,0.0,0.0,0.25019477035447935,0.0,0.0,-0.710587418749089,4.043857111249651,0.0,0.0,0.0,0.7178270220756531,0.0,0.0,0.0,0.8168150782585144,0.0,0.8168150782585144,0.0,234.0
20.269985805743598,33.41247233410782,0.0,0.0,0.0,0.0,0.0,-0.9185216732232426,4.022071511404855,0.0,0.0,0.0,0.6715520024299622,0.0,0.0,0.0,2.3901867866516113,0.0,2.3901867866516113,0.0,235.0
20.329861214707556,32.74124201794571,0.0,0.0,0.0,0.0,0.0,-0.4704937943018983,4.0233570643833705,0.0,0.0,0.0,0.5440409779548645,0.0,0.0,0.0,1.0242716073989868,0.0,1.0242716073989868,0.0,236.0
21.023832228503984,32.0700117017836,0.0,0.0,0.0,0.0,0.0,-0.9393510387083293,4.0186429159981865,0.0,0.0,0.0,0.4523420035839081,0.0,0.0,0.0,2.678828001022339,0.0,2.678828001022339,0.0,237.0
20.83203316837632,31.398781385621493,0.0,0.0,0.0,0.0,0.0,-0.39180364377513044,4.022571509225028,0.0,0.0,0.0,0.39737099409103394,0.0,0.0,0.0,0.9086410999298096,0.0,0.9086410999298096,0.0,238.0
20.643753566584394,30.727551069459384,0.0,0.0,0.0,0.0,0.0,-0.3787660153216521,4.018857084001814,0.0,0.0,0.0,0.34723401069641113,0.0,0.0,0.0,0.9153193235397339,0.0,0.9153193235397339,0.0,239.0
20.580149922668795,30.056320753297275,0.0,0.0,0.0,0.0,0.0,-0.6027778715999066,4.000928551810128,0.0,0.0,0.0,0.27628400921821594,0.0,0.0,0.0,1.7329754829406738,0.0,1.7329754829406738,0.0,240.0
20.59042836991378,29.385090437135165,0.0,0.0,0.0,0.0,0.0,-0.632108990633844,3.9804286411830354,0.0,0.0,0.0,0.24138900637626648,0.0,0.0,0.0,1.8656408786773682,0.0,1.8656408786773682,0.0,241.0
20.59065881432276,28.713860120973056,0.0,0.0,0.0,0.0,0.0,-0.6243533963701475,3.9569999967302594,0.0,0.0,0.0,0.22142000496387482,0.0,0.0,0.0,1.859757900238037,0.0,1.859757900238037,0.0,242.0
20.56618610564591,28.042629804810947,0.0,0.0,0.0,0.0,0.0,-0.42634063567084546,3.92771429334368,0.0,0.0,0.0,0.20653900504112244,0.0,0.0,0.0,1.2145963907241821,0.0,1.2145963907241821,0.0,243.0
20.366803425704337,27.371399488648837,0.0,0.0,0.0,0.0,0.0,-0.2458193519043661,3.8672142846243722,0.0,0.0,0.0,0.20070600509643555,0.0,0.0,0.0,0.6186918020248413,0.0,0.6186918020248413,0.0,244.0
20.514952487330987,26.700169172486728,0.0,0.0,0.0,0.0,0.0,-0.14643143848305673,3.8667856761387416,0.0,0.0,0.0,0.21040700376033783,0.0,0.0,0.0,0.27769777178764343,0.0,0.27769777178764343,0.0,245.0
20.43505095441504,26.02893885632462,0.0,0.0,0.0,0.0,0.0,-0.13068075103285892,3.8905000141688753,0.0,0.0,0.0,0.23887500166893005,0.0,0.0,0.0,0.19672748446464539,0.0,0.19672748446464539,0.0,246.0
20.115569502656488,25.35770854016251,0.0,0.0,0.0,0.0,0.0,-0.4109829410307775,3.9129285267421174,0.0,0.0,0.0,0.3436639904975891,0.0,0.0,0.0,1.026279091835022,0.0,1.026279091835022,0.0,247.0
20.172316002109262,24.6864782240004,0.0,0.0,0.0,0.0,0.0,-0.1534261861314845,3.9241427830287385,0.0,0.0,0.0,0.3930639922618866,0.0,0.0,0.0,0.1183566078543663,0.0,0.1183566078543663,0.0,248.0
19.980094595505,24.01524790783829,0.0,0.0,0.01990540449499889,0.0,0.0,-0.2758757511631762,3.9323571886335102,0.0,0.17194999754428864,0.0,0.23264901340007782,0.0,0.0,0.0,0.6205854415893555,0.0,0.6205854415893555,0.0,249.0
20.271124977745224,23.34401759167618,0.0,0.0,0.0,0.0,0.0,-0.31191425072806034,3.942142840794155,0.0,0.40960100293159485,0.0,0.0,0.0,0.0,0.08914896845817566,1.039714127779007,0.0,1.1288630962371826,0.0,250.0
19.87957509596752,22.67278727551407,0.0,0.0,0.12042490403247896,0.0,0.0,-0.12416225845955253,3.9486428124564035,0.0,0.43396899104118347,0.0,0.0,0.0,0.0,0.26903101801872253,0.012457847595214844,0.0,0.2814888656139374,0.0,251.0
20.858685284733856,22.001556959351962,0.0,0.0,0.0,0.0,0.0,-0.5533241849471793,3.959428596496582,0.0,0.4110499918460846,0.0,0.0,0.0,0.0,0.7441500425338745,1.8444138765335083,0.0,2.588563919067383,0.0,252.0
20.72639242281755,21.330326643189853,0.0,0.0,0.0,0.0,0.0,0.0,3.970000076293945,0.0,0.42574799060821533,0.0,0.0,1.352342814207077,0.0,0.10480919480323792,0.0,0.0,0.10480919480323792,0.0,253.0
20.71964274570346,34.75214426988898,1.3523428440093994,0.0,0.0,0.0,0.0,0.0,0.0,2.8961429050990515,0.5044289827346802,0.0,0.0,0.8877442479133606,0.0,0.3900267481803894,0.0,0.0,0.0,0.3900267481803894,254.0
20.512435607374968,34.080914106568756,2.240046501159668,0.0,0.0,0.0,0.0,0.00891516244074353,3.938499941144671,0.0,0.47740301489830017,0.0,0.0,0.0,0.08915162086486816,0.28654536604881287,0.0,0.0,0.28654536604881287,0.0,255.0
20.082867583820782,33.409683790406646,2.2399792671203613,0.0,0.0,0.0,0.0,-0.18218760754884192,3.898785672869001,0.0,0.23464998602867126,0.11829670808479165,0.07637131669357444,0.0,0.0,0.0,0.530920684337616,0.0,0.530920684337616,0.0,256.0
19.969180013152677,32.73845347424454,2.119201183319092,0.0,0.030819986847323122,0.0,0.0,-0.2583765951228588,3.8666428974696565,0.0,0.0,0.23926649142073586,0.30540850114060447,0.0,0.0,0.0,0.45311349630355835,0.0,0.45311349630355835,0.0,257.0
19.690968871622214,32.06722315808243,1.874988317489624,0.0,0.3090311283777858,0.0,0.0,-0.6699997295238713,3.8535714285714286,0.0,0.0,0.0,0.7178270220756531,0.0,0.0,0.0,0.48540160059928894,0.0,0.48540160059928894,0.0,258.0
20.308195774574816,31.39599284192032,1.874932050704956,0.0,0.0,0.0,0.0,-0.9075924220717901,3.8428571701049803,0.0,0.0,0.0,0.6715520024299622,0.0,0.0,0.0,2.3537559509277344,0.0,2.3537559509277344,0.0,259.0
20.525373995297443,30.724762525758212,1.874875783920288,0.0,0.0,0.0,0.0,-0.11093007560160914,3.837285668509347,0.0,0.0,0.5440409779548645,0.0,0.0,0.0,0.0,0.36976690397881384,1.2932820786414254,1.6630489826202393,0.0,260.0
20.642856963209557,30.053532209596103,1.0811832851231884e-7,0.0,0.0,0.0,0.0,-0.2983799526478162,3.8381428854806083,0.0,0.0,1.0595277480418867e-7,0.45234189763113325,0.0,0.0,0.0,0.5422579050064087,0.0,0.5422579050064087,0.0,261.0
20.744374817654695,29.382301893433993,1.4210854715202004e-14,0.0,0.0,0.0,0.0,-0.2734603215638878,3.8408571788242885,0.0,0.0,1.3926218695334752e-14,0.39737099409102,0.0,0.0,0.0,0.5141633749008179,0.0,0.5141633749008179,0.0,262.0
20.92929370548336,28.711071577271884,1.6940658945086007e-21,0.0,0.0,0.0,0.0,-0.20743457903204643,3.8317143031529017,0.0,0.0,1.6601346367996635e-21,0.34723401069641113,0.0,0.0,0.0,0.3442145586013794,0.0,0.3442145586013794,0.0,263.0
20.849918814486124,28.039841261109775,2.0194839173657902e-28,0.0,0.0,0.0,0.0,-0.23849231654375025,3.8187857491629464,0.0,0.0,1.9790347061153216e-28,0.27628400921821594,0.0,0.0,0.0,0.5186903476715088,0.0,0.5186903476715088,0.0,264.0
20.784503696887516,27.368610944947665,2.407412430484045e-35,0.0,0.0,0.0,0.0,-0.3320611996277645,3.796428625924247,0.0,0.0,2.3591932131234664e-35,0.24138900637626648,0.0,0.0,0.0,0.8654816150665283,0.0,0.8654816150665283,0.0,265.0
20.760268019863965,26.697380628785556,2.8698592549372254e-42,0.0,0.0,0.0,0.0,-0.25351844096257015,3.765571403503418,0.0,0.0,2.812462124576702e-42,0.22142000496387482,0.0,0.0,0.0,0.6236414313316345,0.0,0.6236414313316345,0.0,266.0
20.648671473909697,26.026150312623447,0.0,0.0,0.0,0.0,0.0,-0.3010196537184573,3.737000002179827,0.0,0.0,0.0,0.20653900504112244,0.0,0.0,0.0,0.7968598008155823,0.0,0.7968598008155823,0.0,267.0
20.53420404550894,25.354919996461337,0.0,0.0,0.0,0.0,0.0,-0.29901515837570614,3.716928563799177,0.0,0.0,0.0,0.20070600509643555,0.0,0.0,0.0,0.7960111498832703,0.0,0.7960111498832703,0.0,268.0
20.382777783134173,24.683689680299228,0.0,0.0,0.0,0.0,0.0,-0.2832103618268311,3.6971428189958844,0.0,0.0,0.0,0.21040700376033783,0.0,0.0,0.0,0.7336274981498718,0.0,0.7336274981498718,0.0,269.0
20.20070703285786,24.01245936413712,0.0,0.0,0.0,0.0,0.0,-0.27674639430627757,3.6687857219151088,0.0,0.0,0.0,0.23887500166893005,0.0,0.0,0.0,0.6836129426956177,0.0,0.6836129426956177,0.0,270.0
20.37251906885267,23.34122904797501,0.0,0.0,0.0,0.0,0.0,-0.8036443016387729,3.641285705566406,0.0,0.0,0.0,0.3436639904975891,0.0,0.0,0.0,2.3351502418518066,0.0,2.3351502418518066,0.0,271.0
20.36576853916049,35.45343993221831,0.0,0.0,0.0,0.0,0.0,-0.19631264691800432,0.0,2.550857216971261,0.0,0.0,0.3930639922618866,0.0,0.0,0.0,0.26131147146224976,0.0,0.0,0.26131147146224976,272.0
20.4840798473941,34.78221186657852,0.0,0.0,0.0,0.0,0.0,-0.16799049001894328,3.6179285866873605,0.0,0.08644999563694,0.0,0.31814903020858765,0.0,0.0,0.0,0.24181924760341644,0.0,0.24181924760341644,0.0,273.0
20.617566575125252,34.11098155041641,0.0,0.0,0.0,0.0,0.0,-0.17130573178552488,3.6254999433244977,0.0,0.28404998779296875,0.0,0.13549301028251648,0.0,0.0,0.0,0.4355260729789734,0.0,0.4355260729789734,0.0,274.0
20.65711263152593,33.4397512342543,0.0,0.0,0.0,0.0,0.0,-0.3237611035013632,3.637428637913295,0.0,0.397381991147995,0.0,0.0,0.0,0.0,0.18306800723075867,1.0792036354541779,0.0,1.2622716426849365,0.0,275.0
20.543532462292045,32.76852091809219,0.0,0.0,0.0,0.0,0.0,-0.38627724692333665,3.6488571984427316,0.0,0.4110499918460846,0.0,0.0,0.0,0.0,0.022150009870529175,1.2875907719135284,0.0,1.3097407817840576,0.0,276.0
19.96573768782452,32.097290601930084,0.0,0.0,0.03426231217547837,0.0,0.0,-0.3351980216891306,3.650785664149693,0.0,0.3828499913215637,0.0,0.04289799928665161,0.0,0.0,0.0,0.960220992565155,0.0,0.960220992565155,0.0,277.0
20.266131787684362,31.426060285767978,0.0,0.0,0.0,0.0,0.0,-0.8216738654841516,3.6532142639160154,0.0,0.23180000483989716,0.0,0.17674298584461212,0.0,0.0,0.0,2.5621697902679443,0.0,2.5621697902679443,0.0,278.0
19.47607477860195,30.75482996960587,0.0,0.0,0.5239252213980485,0.0,0.0,-0.7476714272145637,3.6655714307512555,0.0,0.2479500025510788,0.0,0.17551900446414948,0.0,0.0,0.0,0.5703016519546509,0.0,0.5703016519546509,0.0,279.0
20.329962860757643,30.08359965344376,0.0,0.0,0.0,0.0,0.0,-0.8306354435537422,3.672785704476493,0.0,0.05889999866485596,0.0,0.3704180121421814,0.0,0.0,0.0,2.398366689682007,0.0,2.398366689682007,0.0,280.0
20.17154717536027,29.41236933728165,0.0,0.0,0.0,0.0,0.0,-0.18316340727263292,3.672857093811035,0.0,0.0,0.0,0.5446749925613403,0.0,0.0,0.0,0.06586967408657074,0.0,0.06586967408657074,0.0,281.0
19.775095487785215,28.74113902111954,0.0,0.0,0.2249045122147848,0.0,0.0,-0.8242420840478211,3.6806428909301756,0.0,0.0,0.0,0.7178270220756531,0.0,0.0,0.0,1.279964804649353,0.0,1.279964804649353,0.0,282.0
19.9240524378694,28.06990870495743,0.0,0.0,0.07594756213060094,0.0,0.0,-0.5595060394353162,3.7253571374075753,0.0,0.0,0.0,0.6715520024299622,0.0,0.0,0.0,0.9403095245361328,0.0,0.9403095245361328,0.0,283.0
20.15359388938012,27.39867838879532,0.0,0.0,0.0,0.0,0.0,-0.3884304797025706,3.767428616115025,0.0,0.0,0.0,0.5440409779548645,0.0,0.0,0.0,0.7507272362709045,0.0,0.7507272362709045,0.0,284.0
20.37482504587315,26.727448072633212,0.0,0.0,0.0,0.0,0.0,-0.3538791469287528,3.812857164655413,0.0,0.0,0.0,0.4523420035839081,0.0,0.0,0.0,0.72725510597229,0.0,0.72725510597229,0.0,285.0
21.14712447484181,26.056217756471103,0.0,0.0,0.0,0.0,0.0,-0.6232057997864793,3.8332856859479634,0.0,0.0,0.0,0.39737099409103394,0.0,0.0,0.0,1.6799815893173218,0.0,1.6799815893173218,0.0,286.0
21.44315384444032,25.384987440308993,0.0,0.0,0.0,0.0,0.0,-0.45468201059826185,3.8373571940830775,0.0,0.0,0.0,0.34723401069641113,0.0,0.0,0.0,1.168372631072998,0.0,1.168372631072998,0.0,287.0
21.26263585624192,24.713757124146884,0.0,0.0,0.0,0.0,0.0,-0.2335487190305674,3.814857155936105,0.0,0.0,0.0,0.27628400921821594,0.0,0.0,0.0,0.5022116899490356,0.0,0.5022116899490356,0.0,288.0
21.06283552743089,24.042526807984775,0.0,0.0,0.0,0.0,0.0,-0.40339179747866716,3.8107857840401786,0.0,0.0,0.0,0.24138900637626648,0.0,0.0,0.0,1.10325026512146,0.0,1.10325026512146,0.0,289.0
20.941890548009837,23.371296491822665,0.0,0.0,0.0,0.0,0.0,-0.487865108266079,3.8007856913975306,0.0,0.0,0.0,0.22142000496387482,0.0,0.0,0.0,1.4047969579696655,0.0,1.4047969579696655,0.0,290.0
20.817147287376613,22.700066175660556,0.0,0.0,0.0,0.0,0.0,-0.5790311834824546,3.7862857546125137,0.0,0.0,0.0,0.20653900504112244,0.0,0.0,0.0,1.723564863204956,0.0,1.723564863204956,0.0,291.0
20.649140845206066,22.028835859498447,0.0,0.0,0.0,0.0,0.0,-0.4117401286657696,3.7747142791748045,0.0,0.0,0.0,0.20070600509643555,0.0,0.0,0.0,1.1717610359191895,0.0,1.1717610359191895,0.0,292.0
20.384533135733864,21.357605543336337,0.0,0.0,0.0,0.0,0.0,-0.12228751519471448,3.7646427971976144,0.0,0.0,0.0,0.21040700376033783,0.0,0.0,0.0,0.19721803069114685,0.0,0.19721803069114685,0.0,293.0
20.377782928198577,18.637906841341994,0.0,0.0,0.0,0.0,1.3620931586580056,-1.4656804146758198,0.0,2.6835713522774833,0.0,0.0,0.23887500166893005,0.0,0.0,0.0,0.10641583800315857,0.0,0.0,0.10641583800315857,294.0
19.58213222942753,17.96667727490372,0.0,0.0,0.41786777057247093,0.0,2.03332272509628,-2.62180814246695,3.7380713871547155,0.0,0.0,0.0,0.3436639904975891,0.0,0.0,0.0,0.22506147623062134,0.0,0.22506147623062134,0.0,295.0
19.785690938215186,17.29544695874161,0.0,0.0,0.2143090617848138,0.0,2.7045530412583894,-3.2465655443334,3.7013571058000836,0.0,0.018050000071525574,0.0,0.3750140070915222,0.0,0.0,0.0,0.7173307538032532,0.0,0.7173307538032532,0.0,296.0
19.778940307348968,20.96298532646061,0.0,0.0,0.22105969265103198,0.0,0.0,-0.22105969265103198,0.0,2.5864284515380858,0.40459901094436646,0.0,0.0,0.20998026430606842,0.0,0.08747075498104095,0.0,0.0,0.0,0.08747075498104095,297.0
20.04719591279956,20.29175623913712,0.20998026430606842,0.0,0.0,0.0,0.0,0.0,3.6350000381469725,0.0,0.40960100293159485,0.0,0.0,0.11320555210113525,0.0,1.4047434329986572,0.0,0.0,1.4047434329986572,0.0,298.0
20.575536927791813,19.62052592297501,0.32317954301834106,0.0,0.0,0.0,0.3794740770249909,-0.3794740770249909,3.6393571036202568,0.0,0.397381991147995,0.0,0.0,1.6944801807403564,0.0,1.5447378158569336,0.0,0.0,1.5447378158569336,0.0,299.0
20.568786727637054,40.55050784115175,2.0176501274108887,0.0,0.0,0.0,0.0,0.0,0.0,2.589571489606585,0.4110499918460846,0.0,0.0,3.371042251586914,0.0,0.43495774269104004,0.0,0.0,0.0,0.43495774269104004,300.0
20.27296064424661,39.87927683850235,5.388631820678711,0.0,0.0,0.0,0.0,0.1976011473974045,3.674714306422642,0.0,0.5495479702949524,0.0,0.0,0.0,1.9760113954544067,1.1347905397415161,0.0,0.0,1.1347905397415161,0.0,301.0
20.430714322568477,39.20804652234024,5.38847017288208,0.0,0.0,0.0,0.0,0.11668663488573354,3.6744286128452845,0.0,0.4085429906845093,0.0,0.0,0.0,1.1668663024902344,1.6289405822753906,0.0,0.0,1.6289405822753906,0.0,302.0
20.187969674303034,38.53681620617813,5.388308525085449,0.0,0.0,0.0,0.0,0.0,3.6696428026471817,0.0,0.42346900701522827,0.0,0.0,0.32735323905944824,0.0,1.2337276935577393,0.0,0.0,1.2337276935577393,0.0,303.0
20.300891391266795,37.86558589001602,5.7154998779296875,0.0,0.0,0.0,0.0,-0.21649646617668838,3.646071379525321,0.0,0.42931801080703735,0.0,0.0,0.0,0.0,0.33448201417922974,0.7216548585796403,0.3373647666072799,1.39350163936615,0.0,304.0
20.37234395288744,37.19435557385391,5.371078968048096,0.0,0.0,0.0,0.0,0.05556890940568915,3.5769286291939872,0.0,0.0,0.5446749925613403,0.0,0.0,0.0,0.0,0.0,1.0042792558670044,1.0042792558670044,0.0,305.0
20.15456286987597,36.5231252576918,3.223322629928589,0.0,0.0,0.0,0.0,-0.5105407142854013,3.5385714394705636,0.0,0.0,0.0,0.7178270220756531,0.0,0.0,0.0,0.9839752912521362,0.0,0.9839752912521362,0.0,306.0
20.179960940912807,35.85189494152969,3.2232260704040527,0.0,0.0,0.0,0.0,-0.4799426448322386,3.535428537641253,0.0,0.0,0.0,0.6715520024299622,0.0,0.0,0.0,0.9282567501068115,0.0,0.9282567501068115,0.0,307.0
20.561081379208627,35.180664625367584,3.2231295108795166,0.0,0.0,0.0,0.0,-0.3240366684860669,3.511214338030134,0.0,0.0,0.5440409779548645,0.0,0.0,0.0,0.0,1.0801221853666902,0.7034899467057585,1.7836121320724487,0.0,308.0
20.998742843641967,34.509434309205474,1.9500422477722168,0.0,0.0,0.0,0.0,-0.26204386503249316,3.493857192993164,0.0,0.0,0.4523420035839081,0.0,0.0,0.0,0.0,0.8734795153993531,1.3737448155027465,2.2472243309020996,0.0,309.0
20.95737708597944,33.838203993043365,0.0866299718618393,0.0,0.0,0.0,0.0,-0.4953902255263275,3.479142815726144,0.0,0.0,0.08489481852774361,0.3124761755632903,0.0,0.0,0.0,1.3388245105743408,0.0,1.3388245105743408,0.0,310.0
20.90688210084457,33.166973676881256,7.450580596923828e-9,0.0,0.0,0.0,0.0,-0.6099712234675033,3.44542852129255,0.0,0.0,7.301349347339666e-9,0.3472340033950618,0.0,0.0,0.0,1.68600332736969,0.0,1.68600332736969,0.0,311.0
20.82792716377958,32.495743360719146,8.881784197001252e-16,0.0,0.0,0.0,0.0,-0.6848757151713247,3.4060000828334265,0.0,0.0,0.0,0.27628400921821594,0.0,0.0,0.0,2.0066349506378174,0.0,2.0066349506378174,0.0,312.0
20.918413005590633,31.82451304455704,8.881517911018459e-16,0.0,0.0,0.0,0.0,-0.563020934185223,3.383714348929269,0.0,0.0,8.703625724316004e-16,0.24138900637626562,0.0,0.0,0.0,1.6353473663330078,0.0,1.6353473663330078,0.0,313.0
20.864534843743705,31.15328272839493,1.0587911840678754e-22,0.0,0.0,0.0,0.0,-0.3661654483741694,3.36557137625558,0.0,0.0,0.0,0.22142000496387482,0.0,0.0,0.0,0.999131441116333,0.0,0.999131441116333,0.0,314.0
20.788377425746003,30.48205241223282,1.0587594403050493e-22,0.0,0.0,0.0,0.0,-0.3493892361477702,3.354714202880859,0.0,0.0,0.0,0.20653900504112244,0.0,0.0,0.0,0.9580917358398438,0.0,0.9580917358398438,0.0,315.0
20.66964414293918,29.810822096070712,1.0587276965422232e-22,0.0,0.0,0.0,0.0,-0.3218939730284198,3.359357234409877,0.0,0.0,0.0,0.20070600509643555,0.0,0.0,0.0,0.872273862361908,0.0,0.872273862361908,0.0,316.0
20.66134897883728,29.139591779908603,1.0586959527793971e-22,0.0,0.0,0.0,0.0,-0.17393296903105426,3.364499991280692,0.0,0.0,1.0374908213352646e-22,0.21040700376033783,0.0,0.0,0.0,0.3693695366382599,0.0,0.3693695366382599,0.0,317.0
20.56503381554765,28.468361463746493,1.262177448353619e-29,0.0,0.0,0.0,0.0,-0.13016666989194015,3.3635713849748883,0.0,0.0,0.0,0.23887500166893005,0.0,0.0,0.0,0.1950138807296753,0.0,0.1950138807296753,0.0,318.0
20.170187792780947,27.797131147584384,1.2621396068394772e-29,0.0,0.0,0.0,0.0,-0.30966903605735396,3.342357036045619,0.0,0.0,0.0,0.3436639904975891,0.0,0.0,0.0,0.6885660886764526,0.0,0.6885660886764526,0.0,319.0
20.742655138282064,27.125900831422275,1.2621017653253355e-29,0.0,0.0,0.0,0.0,-1.0016261319965558,3.3377856663295202,0.0,0.03894999995827675,1.2368225219529148e-29,0.35411399602890015,0.0,0.0,0.0,2.9846396446228027,0.0,2.9846396446228027,0.0,320.0
20.393127166049457,26.454670515260165,1.504632769052528e-36,0.0,0.0,0.0,0.0,-0.314290151567862,3.3926429203578405,0.0,0.40459901094436646,0.0,0.0,0.0,0.0,0.0780009925365448,1.047633796930313,0.0,1.125634789466858,0.0,321.0
20.424449512482834,25.783440199098056,1.5045876584523645e-36,0.0,0.0,0.0,0.0,-0.12855302606237018,3.4568570818219864,0.0,0.40960100293159485,0.0,0.0,0.0,0.0,0.7085490226745605,0.42851006984710693,0.0,1.1370590925216675,0.0,322.0
20.801000322248374,25.112209882935947,1.504542547852201e-36,0.0,0.0,0.0,0.0,0.041416336751633295,3.493785803658622,0.0,0.397381991147995,0.0,0.0,0.0,0.41416335105895996,1.4950544834136963,0.0,0.0,1.4950544834136963,0.0,323.0
21.49933758883,24.440979566773837,1.5044974372520374e-36,0.0,0.0,0.0,0.0,0.302431666947669,3.544357109069824,0.0,0.4110499918460846,0.0,0.0,0.0,3.0243165493011475,1.7354834079742432,0.0,0.0,1.7354834079742432,0.0,324.0
21.713123275996878,23.769749250611728,1.5044523266518738e-36,0.0,0.0,0.0,0.0,0.3170016533931749,3.561571475437709,0.0,0.42574799060821533,0.0,0.0,0.0,3.1700164079666138,0.932886004447937,0.0,0.0,0.932886004447937,0.0,325.0
21.706373321264984,36.25426485091276,1.5044072160517103e-36,0.0,0.0,0.0,0.0,0.0,0.0,2.4850714002336773,0.4085429906845093,0.0,0.0,2.584365963935852,0.0,0.2760409116744995,0.0,0.0,0.0,0.2760409116744995,326.0
21.596932485713136,35.58303507824844,2.5843658447265625,0.0,0.0,0.0,0.0,0.0054107668165670475,3.546285711015974,0.0,0.42346900701522827,0.0,0.0,1.1721454858779907,0.054107666015625,0.5020278692245483,0.0,0.0,0.5020278692245483,0.0,327.0
21.530451095306102,34.911804762086334,3.7564339637756348,0.0,0.0,0.0,0.0,-0.04959451157230177,3.5196429116385324,0.0,0.42931801080703735,0.0,0.0,0.0,0.0,0.4218820333480835,0.16531503200531006,0.0,0.5871970653533936,0.0,328.0
22.409895967468547,34.240574445924224,3.756321430206299,0.40989596746854673,0.0,0.0,0.0,-1.2438957818423462,3.4615001133510046,0.0,0.0,0.18161354984655276,0.3630614427147876,0.0,0.0,0.0,2.416937828063965,0.0,2.416937828063965,0.0,329.0
22.059911006044004,33.569344129762115,3.5708889961242676,0.05991100604400401,0.0,0.0,0.0,-0.1221743358624349,3.4149286542619977,0.0,0.0,0.7178270220756531,0.0,0.0,0.0,0.0,0.2075444244810285,0.5539636827043353,0.7615081071853638,0.0,330.0
22.053161727637054,39.670628778482985,2.273036241531372,0.05316172763705396,0.0,0.0,0.0,-0.30029339058723803,0.0,2.3199285234723774,0.0,0.0,0.6715520024299622,0.0,0.0,0.0,0.15222017467021942,0.0,0.0,0.15222017467021942,331.0
21.801422304695183,38.999397840699615,2.272968053817749,0.0,0.0,0.0,0.0,-0.34498650610393256,3.372714396885463,0.0,0.0,0.0,0.5440409779548645,0.0,0.0,0.0,0.6059139966964722,0.0,0.6059139966964722,0.0,332.0
21.561422922365665,38.328167524537506,2.272899866104126,0.0,0.0,0.0,0.0,-0.08784346809616508,3.3629286084856305,0.0,0.0,0.47366100549697876,0.0,0.0,0.0,0.0,0.2928115486852647,0.33813920023517596,0.6309507489204407,0.0,333.0
21.528173369286392,37.656937208375396,1.444464087486267,0.0,0.0,0.0,0.0,0.0697421365225813,3.3559286390032086,0.0,0.0,0.39737099409103394,0.0,0.0,0.0,0.0,0.0,0.32073986530303955,0.32073986530303955,0.0,334.0
21.275448275646678,36.98570689221329,2.3353791789304523e-7,0.0,0.0,0.0,0.0,-0.1815719140200578,3.3342856815883093,0.0,0.0,0.0,0.35777899622917175,0.0,0.0,0.0,0.24746069312095642,0.0,0.24746069312095642,0.0,335.0
20.928062715162774,36.31447657605118,2.3353091194167064e-7,0.0,0.0,0.0,0.0,-0.3344756169905505,3.314214379446847,0.0,0.0,0.0,0.32503798604011536,0.0,0.0,0.0,0.7898806929588318,0.0,0.7898806929588318,0.0,336.0
20.954015459566914,35.64324625988907,2.3352390599029604e-7,0.0,0.0,0.0,0.0,-0.32248809416113566,3.3141427176339286,0.0,0.0,2.2884653863884864e-7,0.2654117739553565,0.0,0.0,0.0,0.8095484972000122,0.0,0.8095484972000122,0.0,337.0
20.868427445878662,34.97201594372696,2.842170943040401e-14,0.0,0.0,0.0,0.0,-0.46028795730225003,3.323357118879046,0.0,0.0,0.0,0.22142000496387482,0.0,0.0,0.0,1.312873125076294,0.0,1.312873125076294,0.0,338.0
20.882965021518046,34.30078562756485,2.842085731525907e-14,0.0,0.0,0.0,0.0,-0.2970557777903782,3.326571546282087,0.0,0.0,0.0,0.20653900504112244,0.0,0.0,0.0,0.7836468815803528,0.0,0.7836468815803528,0.0,339.0
20.70014186014984,33.62955531140274,2.8420005200114132e-14,0.0,0.0,0.0,0.0,-0.2870956892607879,3.3096430097307477,0.0,0.0,0.0,0.20070600509643555,0.0,0.0,0.0,0.7562795877456665,0.0,0.7562795877456665,0.0,340.0
20.595150107837068,32.95832499524063,2.8419153084969194e-14,0.0,0.0,0.0,0.0,-0.2289122210507477,3.2752142769949777,0.0,0.0,0.0,0.21040700376033783,0.0,0.0,0.0,0.5526337027549744,0.0,0.5526337027549744,0.0,341.0
20.428874660036538,32.28709467907852,2.8418300969824256e-14,0.0,0.0,0.0,0.0,-0.2008442124066434,3.254571315220424,0.0,0.0,0.0,0.23887500166893005,0.0,0.0,0.0,0.4306056797504425,0.0,0.4306056797504425,0.0,342.0
20.177977178135652,31.615864362916415,2.8417448854679318e-14,0.0,0.0,0.0,0.0,-0.1803855550442357,3.250071334838867,0.0,0.0,0.0,0.3436639904975891,0.0,0.0,0.0,0.257621169090271,0.0,0.257621169090271,0.0,343.0
20.315210164983696,30.944634046754306,2.841659673953438e-14,0.0,0.0,0.0,0.0,-0.614615855201706,3.243999971662249,0.0,0.1472499966621399,2.7847426953519753e-14,0.24581399559971887,0.0,0.0,0.0,1.8029054403305054,0.0,1.8029054403305054,0.0,344.0
21.01855429892101,30.273403730592197,3.3881317890172014e-21,0.0,0.0,0.0,0.0,-0.3664047863644271,3.2850714547293527,0.0,0.457179993391037,0.0,0.0,0.0,0.0,1.7078700065612793,1.2213492393493652,3.320269273599327e-21,2.9292192459106445,0.0,345.0
20.652387766433673,29.602173414430087,4.0389678347315804e-28,0.0,0.0,0.0,0.0,0.34926814036640036,3.352000045776367,0.0,0.40960100293159485,0.0,0.0,0.0,3.4926812648773193,1.1051671504974365,0.0,0.0,1.1051671504974365,0.0,346.0
21.086772174956295,28.930943098267978,4.038846741886327e-28,0.0,0.0,0.0,0.0,0.36212302693220033,3.3992142813546318,0.0,0.397381991147995,0.0,0.0,0.0,3.621230125427246,2.65988826751709,0.0,0.0,2.65988826751709,0.0,347.0
20.795370420062184,28.25971278210587,4.0387256490410737e-28,0.0,0.0,0.0,0.0,0.5509288798145,3.4577142987932477,0.0,0.4110499918460846,0.0,0.0,0.28933319449424744,5.50928857922554,1.2155283689498901,0.0,0.0,1.2155283689498901,0.0,348.0
20.581509211327536,27.58848246594376,0.28933319449424744,0.0,0.0,0.0,0.0,0.2940088627341927,3.4917858123779295,0.0,0.42574799060821533,0.0,0.0,2.612971305847168,2.9400885105133057,1.0046422481536865,0.0,0.0,1.0046422481536865,0.0,349.0
19.99420192506909,26.91725214978165,2.9022958278656006,0.0,0.0057980749309116675,0.0,0.0,0.14514348477885797,3.4996427263532364,0.0,0.4085429906845093,0.0,0.0,3.3884527683258057,1.5094155371189117,0.2909887731075287,0.0,0.0,0.2909887731075287,0.0,350.0
19.919150579953282,26.24602183361954,6.290661811828613,0.0,0.08084942004671802,0.0,0.0,-0.08084942004671802,3.491357203892299,0.0,0.42346900701522827,0.0,0.0,0.871711254119873,0.0,1.269819736480713,0.0,0.0,1.269819736480713,0.0,351.0
19.358204702644056,25.57479151745743,7.162184238433838,0.0,0.6417952973559444,0.0,0.0,-0.7855470077609645,3.46707147870745,0.0,0.42931801080703735,0.0,0.0,0.0,0.0,0.21478193998336792,0.47917234897613525,0.0,0.6939542889595032,0.0,352.0
18.688544172761805,24.90356120129532,7.1619696617126465,0.0,1.3114558272381949,0.0,0.0,-1.5161506816445058,3.4098572867257255,0.0,0.0,0.0,0.5446749925613403,0.0,0.0,0.0,0.13764116168022156,0.0,0.13764116168022156,0.0,353.0
18.855363404854906,24.232330885133212,7.161755084991455,0.0,1.1446365951450943,0.0,0.0,-1.907618534976745,3.336785670689174,0.0,0.0,0.0,0.7313889861106873,0.0,0.0,0.0,1.8118840456008911,0.0,1.8118840456008911,0.0,354.0
19.177933016227037,23.561100568971103,7.161540508270264,0.0,0.8220669837729631,0.0,0.0,-1.7827846702161985,3.2780000959123883,0.0,0.0,0.0,0.6715520024299622,0.0,0.0,0.0,2.5308401584625244,0.0,2.5308401584625244,0.0,355.0
19.87193329459399,22.889870252808993,7.161325931549072,0.0,0.12806670540600962,0.0,0.0,-1.0801997669792378,3.2359286172049386,0.0,0.0,0.0,0.5938349962234497,0.0,0.0,0.0,2.579941749572754,0.0,2.579941749572754,0.0,356.0
20.06708123444605,22.218639936646884,7.161111354827881,0.0,0.0,0.0,0.0,-0.5047902367429025,3.2128570556640623,0.0,0.0,0.0,0.4954180121421814,0.0,0.0,0.0,1.18721604347229,0.0,1.18721604347229,0.0,357.0
20.6551314313637,21.547409620484775,7.1608967781066895,0.0,0.0,0.0,0.0,-0.9471476752419328,3.2069998604910714,0.0,0.0,0.0,0.39737099409103394,0.0,0.0,0.0,2.7597877979278564,0.0,2.7597877979278564,0.0,358.0
20.96633823306622,20.876179304322665,7.160682201385498,0.0,0.0,0.0,0.0,0.15573473388558143,3.2245714460100445,0.0,0.0,0.34723401069641113,0.0,0.0,0.0,0.0,0.0,1.4217844009399414,1.4217844009399414,0.0,359.0
