time,NUM_EP,L1,L2,BATCH_SIZE,MEM_SIZE,MIN_EXP_SIZE,season,run,case,idx,T_FH_plus,T_FH_minus,V_HW_plus,V_HW_minus,profits,comfort,abort,Reward
2021-06-26T21:11:35.506,10001,400,300,64,24000,24000,summer,test,summer_no-L2_nns_ou.5_abort_no-period-h,6401,0,0,0,0,125.9599822,0,0,125.9599822
2021-06-26T21:11:32.165,10001,400,300,64,24000,24000,summer,test,summer_no-L2_nns_ou.5_abort_no-period-h,10001,0,0,0,0,111.2552451,0,0,111.2552451
2021-06-26T21:11:27.673,10001,300,600,64,24000,24000,summer,test,summer_no-L2_nns_ou.5_abort_no-period-h,5101,0,0,0,0,130.0499745,0,0,130.0499745
2021-06-26T21:11:24.265,10001,300,600,64,24000,24000,summer,test,summer_no-L2_nns_ou.5_abort_no-period-h,10001,0,0,0,0,114.1241363,0,0,114.1241363
2021-06-26T20:39:42.657,10001,400,300,64,24000,24000,winter,test,winter_no-L2_nns_ou.5_abort_no-period-h,6701,1.737435966,0.52071377,0,0,-187.9754126,-2.258149737,0,-185.7172628
2021-06-26T20:39:39.348,10001,400,300,64,24000,24000,winter,test,winter_no-L2_nns_ou.5_abort_no-period-h,10001,0,66.44977411,0,17.60069297,-254.1113929,-84.05046708,0,-170.0609259
2021-06-26T20:27:42.022,10001,300,600,64,24000,24000,winter,test,winter_no-L2_nns_ou.5_abort_no-period-h,9701,10.22154212,0.063825952,0,0,-167.1590575,-10.28536807,0,-156.8736895
2021-06-26T20:27:38.649,10001,300,600,64,24000,24000,winter,test,winter_no-L2_nns_ou.5_abort_no-period-h,10001,16.17033089,0.22597029,0,0,-185.5950263,-16.39630118,0,-169.1987251
2021-06-26T20:15:28.415,10001,400,300,64,24000,24000,winter,eval,winter_no-L2_nns_ou.5_abort_no-period-h,4001,0.708136034,0,0,0,-57.13815272,-0.708136034,0,-56.43001668
2021-06-26T20:15:25.502,10001,400,300,64,24000,24000,winter,eval,winter_no-L2_nns_ou.5_abort_no-period-h,10001,18.27839965,0.88787888,15.7385423,0,-99.09246754,-34.90482084,0,-64.1876467
2021-06-26T20:11:56.427,10001,300,600,64,24000,24000,winter,eval,winter_no-L2_nns_ou.5_abort_no-period-h,7101,0.217680877,0,0,1.137625567,-61.13546382,-1.355306444,0,-59.78015737
2021-06-26T20:11:53.285,10001,300,600,64,24000,24000,winter,eval,winter_no-L2_nns_ou.5_abort_no-period-h,10001,19.24488888,0,0,0,-95.23297565,-19.24488888,0,-75.98808677
2021-06-26T20:11:48.074,10001,300,600,64,24000,24000,summer,eval,summer_no-L2_nns_ou.5_abort_no-period-h,5301,0,0,0,0,64.85891236,0,0,64.85891236
2021-06-26T20:11:44.931,10001,300,600,64,24000,24000,summer,eval,summer_no-L2_nns_ou.5_abort_no-period-h,10001,0,0,0,0,59.86711289,0,0,59.86711289
2021-06-26T20:03:44.443,10001,400,300,64,24000,24000,summer,eval,summer_no-L2_nns_ou.5_abort_no-period-h,9201,0,0,0,0,57.78236382,0,0,57.78236382
2021-06-26T20:03:41.515,10001,400,300,64,24000,24000,summer,eval,summer_no-L2_nns_ou.5_abort_no-period-h,10001,0,0,0,0,57.47024629,0,0,57.47024629
2021-06-26T19:20:12.186,10001,400,300,64,24000,24000,winter,test,winter_no-L2_nns_ou.5_abort_no-period-h,-2,6.047058231,0,0,55.30179632,-65.62471337,-61.34885455,0,-4.275858819
2021-06-26T19:20:02.101,10001,400,300,64,24000,24000,summer,test,summer_no-L2_nns_ou.5_abort_no-period-h,-2,28.87323413,0,0,0,-30.27091988,-28.87323413,0,-1.397685747
2021-06-26T19:19:47.288,10001,400,300,64,24000,24000,summer,eval,summer_no-L2_nns_ou.5_abort_no-period-h,-2,22.55014688,0,0,0,-23.97446057,-22.55014688,0,-1.424313694
2021-06-26T19:19:33.043,10001,400,300,64,24000,24000,winter,eval,winter_no-L2_nns_ou.5_abort_no-period-h,-2,33.15677696,0,0,0,-36.96658108,-33.15677696,0,-3.809804117
2021-06-26T19:19:17.416,10001,400,300,64,24000,24000,winter,eval,winter_no-L2_nns_ou.5_abort_no-period-h,-1,0,0,0,0,-61.59924566,0,0,-61.59924566
2021-06-26T19:19:03.105,10001,400,300,64,24000,24000,summer,eval,summer_no-L2_nns_ou.5_abort_no-period-h,-1,0,0,0,0,65.57410553,0,0,65.57410553
2021-06-26T19:18:43.099,10001,400,300,64,24000,24000,summer,test,summer_no-L2_nns_ou.5_abort_no-period-h,-1,0,0,0,0,129.936956,0,0,129.936956
2021-06-26T19:18:23.781,10001,400,300,64,24000,24000,winter,test,winter_no-L2_nns_ou.5_abort_no-period-h,-1,2.19E-08,0,0,0,-153.5406302,-2.19E-08,0,-153.5406302
2021-06-26T16:33:27.42,10001,300,600,64,24000,24000,summer,eval,summer_no-L2_nns_ou.5_abort_no-period-h_sigm-4-0.01_fh-hw,7701,0,0,0,0,65.95160293,0,0,65.95160293
2021-06-26T16:33:24.271,10001,300,600,64,24000,24000,summer,eval,summer_no-L2_nns_ou.5_abort_no-period-h_sigm-4-0.01_fh-hw,10001,0,0,0,22.2227688,33.30956568,-22.2227688,0,55.53233448
2021-06-26T16:33:13.079,10001,300,600,64,24000,24000,winter,eval,winter_no-L2_nns_ou.5_abort_no-period-h_sigm-4-0.01_fh-hw,8601,2.650117506,0,0,0,-76.55784876,-2.650117506,0,-73.90773126
2021-06-26T16:33:09.878,10001,300,600,64,24000,24000,winter,eval,winter_no-L2_nns_ou.5_abort_no-period-h_sigm-4-0.01_fh-hw,10001,17.87396221,0.342430805,0,0,-97.86702714,-18.21639302,0,-79.65063413
2021-06-26T16:33:03.374,10001,400,300,64,24000,24000,winter,eval,winter_no-L2_nns_ou.5_abort_no-period-h_sigm-4-0.01_fh-hw,8201,0,0,0,3.088565539,-76.86233343,-3.088565539,0,-73.7737679
2021-06-26T16:33:00.214,10001,400,300,64,24000,24000,winter,eval,winter_no-L2_nns_ou.5_abort_no-period-h_sigm-4-0.01_fh-hw,10001,0,0,0,0,-88.30333696,0,0,-88.30333696
2021-06-26T16:32:53.407,10001,400,300,64,24000,24000,summer,eval,summer_no-L2_nns_ou.5_abort_no-period-h_sigm-4-0.01_fh-hw,4501,0,0,0,0,63.87841216,0,0,63.87841216
2021-06-26T16:32:50.265,10001,400,300,64,24000,24000,summer,eval,summer_no-L2_nns_ou.5_abort_no-period-h_sigm-4-0.01_fh-hw,10001,0,0,0,0,55.24135125,0,0,55.24135125
2021-06-26T16:26:47.83,10001,400,300,64,24000,24000,summer,eval,summer_no-L2_nns_ou.5_abort_no-period-h_sigm-4-0.01_fh-hw,4501,,,,,,,,0
2021-06-26T16:26:44.311,10001,400,300,64,24000,24000,summer,eval,summer_no-L2_nns_ou.5_abort_no-period-h_sigm-4-0.01_fh-hw,10001,,,,,,,,0
2021-06-26T16:26:34.943,10001,400,300,64,24000,24000,winter,eval,winter_no-L2_nns_ou.5_abort_no-period-h_sigm-4-0.01_fh-hw,8201,,,,,,,,0
2021-06-26T16:26:31.417,10001,400,300,64,24000,24000,winter,eval,winter_no-L2_nns_ou.5_abort_no-period-h_sigm-4-0.01_fh-hw,10001,,,,,,,,0
2021-06-26T16:26:19.209,10001,300,600,64,24000,24000,winter,eval,winter_no-L2_nns_ou.5_abort_no-period-h_sigm-4-0.01_fh-hw,8601,,,,,,,,0
2021-06-26T16:26:15.694,10001,300,600,64,24000,24000,winter,eval,winter_no-L2_nns_ou.5_abort_no-period-h_sigm-4-0.01_fh-hw,10001,,,,,,,,0
2021-06-26T16:26:09.349,10001,300,600,64,24000,24000,summer,eval,summer_no-L2_nns_ou.5_abort_no-period-h_sigm-4-0.01_fh-hw,7701,,,,,,,,0
2021-06-26T16:26:05.791,10001,300,600,64,24000,24000,summer,eval,summer_no-L2_nns_ou.5_abort_no-period-h_sigm-4-0.01_fh-hw,10001,,,,,,,,0
2021-06-26T15:58:49.628,10001,300,600,64,24000,24000,summer,eval,summer_no-L2_nns_ou.5_abort_no-period-h_sigm-4-0.01_fh-hw,7701,,,,,,,,0
2021-06-26T15:58:46.607,10001,300,600,64,24000,24000,summer,eval,summer_no-L2_nns_ou.5_abort_no-period-h_sigm-4-0.01_fh-hw,10001,,,,,,,,0
2021-06-26T15:56:49.113,10001,400,300,64,24000,24000,summer,eval,summer_no-L2_nns_ou.5_abort_no-period-h_sigm-4-0.01_fh-hw,4501,,,,,,,,0
2021-06-26T15:56:46.091,10001,400,300,64,24000,24000,summer,eval,summer_no-L2_nns_ou.5_abort_no-period-h_sigm-4-0.01_fh-hw,10001,,,,,,,,0
2021-06-26T15:52:06.915,10001,400,300,64,24000,24000,summer,eval,summer_no-L2_nns_ou.5_abort_no-period-h_sigm-4-0.01_fh-hw,8401,,,,,,,,0
2021-06-26T15:52:03.895,10001,400,300,64,24000,24000,summer,eval,summer_no-L2_nns_ou.5_abort_no-period-h_sigm-4-0.01_fh-hw,10001,,,,,,,,0
2021-06-26T15:43:37.616,10001,400,300,64,24000,24000,winter,eval,winter_no-L2_nns_ou.5_abort_no-period-h_sigm-4-0.01_fh-hw,8201,,,,,,,,0
2021-06-26T15:43:34.309,10001,400,300,64,24000,24000,winter,eval,winter_no-L2_nns_ou.5_abort_no-period-h_sigm-4-0.01_fh-hw,10001,,,,,,,,0
2021-06-26T15:38:07.751,10001,300,600,64,24000,24000,winter,eval,winter_no-L2_nns_ou.5_abort_no-period-h_sigm-4-0.01_fh-hw,8601,,,,,,,,0
2021-06-26T15:38:04.692,10001,300,600,64,24000,24000,winter,eval,winter_no-L2_nns_ou.5_abort_no-period-h_sigm-4-0.01_fh-hw,10001,,,,,,,,0
2021-06-26T14:10:48.071,10001,400,300,64,24000,24000,winter,eval,winter_no-L2_nns_ou.5_abort_no-period-h_sigm-4-0.01,9401,0,0,0,0,-67.41658149,0,0,-67.41658149
2021-06-26T14:10:45.241,10001,400,300,64,24000,24000,winter,eval,winter_no-L2_nns_ou.5_abort_no-period-h_sigm-4-0.01,10001,0,0,0,0,-76.03174862,0,0,-76.03174862
2021-06-26T14:05:29.156,10001,400,300,64,24000,24000,summer,eval,summer_no-L2_nns_ou.5_abort_no-period-h_sigm-4-0.01,3101,0,0,0,0,62.74212596,0,0,62.74212596
2021-06-26T14:05:26.623,10001,400,300,64,24000,24000,summer,eval,summer_no-L2_nns_ou.5_abort_no-period-h_sigm-4-0.01,10001,0,0,0,0,55.99155482,0,0,55.99155482
2021-06-26T13:54:53.348,10001,300,600,64,24000,24000,winter,eval,winter_no-L2_nns_ou.5_abort_no-period-h_sigm-4-0.01,10001,1.324304064,0,0,0.508008567,-65.09136112,-1.832312631,0,-63.25904849
2021-06-26T13:54:50.493,10001,300,600,64,24000,24000,winter,eval,winter_no-L2_nns_ou.5_abort_no-period-h_sigm-4-0.01,10001,1.324304064,0,0,0.508008567,-65.09136112,-1.832312631,0,-63.25904849
2021-06-26T13:45:47.192,10001,300,600,64,24000,24000,summer,eval,summer_no-L2_nns_ou.5_abort_no-period-h_sigm-4-0.01,9901,0,0,0,0,60.92523451,0,0,60.92523451
2021-06-26T13:45:44.284,10001,300,600,64,24000,24000,summer,eval,summer_no-L2_nns_ou.5_abort_no-period-h_sigm-4-0.01,10001,82.11869032,0,0,0,-20.98731002,-82.11869032,0,61.13138031
2021-06-26T13:03:02.832,10001,400,300,64,24000,24000,summer,eval,summer_no-L2_nns_ou.5_abort_no-period-h_sigm-4,7101,0,0,0,0,63.302901,0,0,63.302901
2021-06-26T13:02:59.707,10001,400,300,64,24000,24000,summer,eval,summer_no-L2_nns_ou.5_abort_no-period-h_sigm-4,10001,542.9410566,0,0,0,-489.3890796,-542.9410566,0,53.55197698
2021-06-26T12:50:01.454,10001,400,300,64,24000,24000,winter,eval,winter_no-L2_nns_ou.5_abort_no-period-h_sigm-4,8801,0.063856606,0.127892246,0,0,-61.28273452,-0.191748853,0,-61.09098567
2021-06-26T12:49:58.561,10001,400,300,64,24000,24000,winter,eval,winter_no-L2_nns_ou.5_abort_no-period-h_sigm-4,10001,0,1.101105657,0,0,-66.38229771,-1.101105657,0,-65.28119205
2021-06-26T12:40:07.032,10001,300,600,64,24000,24000,winter,eval,winter_no-L2_nns_ou.5_abort_no-period-h_sigm-4,9601,5.257406349,7.50475399,0,0,-93.80462498,-12.76216034,0,-81.04246464
2021-06-26T12:40:03.571,10001,300,600,64,24000,24000,winter,eval,winter_no-L2_nns_ou.5_abort_no-period-h_sigm-4,10001,0,312.3080084,31.80166715,0,-431.8588778,-344.1096756,0,-87.74920219
2021-06-26T12:31:26.388,10001,300,600,64,24000,24000,summer,eval,summer_no-L2_nns_ou.5_abort_no-period-h_sigm-4,10001,0,0,0,0,57.24431571,0,0,57.24431571
2021-06-26T12:31:23.767,10001,300,600,64,24000,24000,summer,eval,summer_no-L2_nns_ou.5_abort_no-period-h_sigm-4,10001,0,0,0,0,57.24431571,0,0,57.24431571
2021-06-26T09:50:58.761,4001,300,600,64,24000,24000,summer,eval,summer_no-L2_nns_ou.5_abort_no-period-h,3701,0,0,0,0,62.54598026,0,0,62.54598026
2021-06-26T09:50:55.879,4001,300,600,64,24000,24000,summer,eval,summer_no-L2_nns_ou.5_abort_no-period-h,4001,0,0,0,0,62.64650589,0,0,62.64650589
2021-06-26T09:47:23.023,4001,400,300,64,24000,24000,summer,eval,summer_no-L2_nns_ou.5_abort_no-period-h,3301,0,0,0,0,57.37911291,0,0,57.37911291
2021-06-26T09:47:20.168,4001,400,300,64,24000,24000,summer,eval,summer_no-L2_nns_ou.5_abort_no-period-h,4001,0,0,0,0,56.13772251,0,0,56.13772251
2021-06-26T09:46:43.689,4001,400,300,64,24000,24000,winter,eval,winter_no-L2_nns_ou.5_abort_no-period-h,3601,0.240016883,0.296397609,0,0,-81.30298687,-0.536414492,0,-80.76657238
2021-06-26T09:46:40.881,4001,400,300,64,24000,24000,winter,eval,winter_no-L2_nns_ou.5_abort_no-period-h,4001,0,0,0,0,-88.00286166,0,0,-88.00286166
2021-06-26T09:46:11.399,4001,300,600,64,24000,24000,winter,eval,winter_no-L2_nns_ou.5_abort_no-period-h,4001,0,0.002725242,0,0,-74.51230463,-0.002725242,0,-74.50957939
2021-06-26T09:46:08.542,4001,300,600,64,24000,24000,winter,eval,winter_no-L2_nns_ou.5_abort_no-period-h,4001,0,0.002725242,0,0,-74.51230463,-0.002725242,0,-74.50957939
2021-06-26T00:51:12.956,4001,300,600,64,24000,24000,summer,eval,summer_no-L2_nns_ou.5_abort_no-period-h_comf2,4001,0,0,0,0,57.84542589,0,0,57.84542589
2021-06-26T00:51:10.074,4001,300,600,64,24000,24000,summer,eval,summer_no-L2_nns_ou.5_abort_no-period-h_comf2,4001,0,0,0,0,57.84542589,0,0,57.84542589
2021-06-26T00:50:59.048,4001,400,300,64,24000,24000,summer,eval,summer_no-L2_nns_ou.5_abort_no-period-h_comf2,3201,0,0,0,0,57.24577602,0,0,57.24577602
2021-06-26T00:50:56.228,4001,400,300,64,24000,24000,summer,eval,summer_no-L2_nns_ou.5_abort_no-period-h_comf2,4001,0,0,0,1.06819901,54.93212864,-2.13639802,0,57.06852666
2021-06-26T00:48:21.363,4001,400,300,64,24000,24000,winter,eval,winter_no-L2_nns_ou.5_abort_no-period-h_comf2,3301,1.021237945,10.70041808,0,0,-107.8546658,-23.44331205,0,-84.41135375
2021-06-26T00:48:18.507,4001,400,300,64,24000,24000,winter,eval,winter_no-L2_nns_ou.5_abort_no-period-h_comf2,4001,28.73012018,11.64616175,0,0,-146.1765243,-80.75256386,0,-65.42396044
2021-06-26T00:45:25.088,4001,300,600,64,24000,24000,winter,eval,winter_no-L2_nns_ou.5_abort_no-period-h_comf2,4001,40.43793295,5.113981108,0,0,-176.3106074,-91.10382813,0,-85.20677927
2021-06-26T00:45:22.182,4001,300,600,64,24000,24000,winter,eval,winter_no-L2_nns_ou.5_abort_no-period-h_comf2,4001,40.43793295,5.113981108,0,0,-176.3106074,-91.10382813,0,-85.20677927
2021-06-25T21:31:53.076,10001,300,600,64,24000,24000,all,eval,all_no-L2_nns_ou.5_abort_no-period-h,7801,1.817644048,9.559287597,0,0,37.54958351,-11.37693164,0,48.92651515
2021-06-25T21:31:48.486,10001,300,600,64,24000,24000,all,eval,all_no-L2_nns_ou.5_abort_no-period-h,10001,0,0,0,0,-2.276506791,0,0,-2.276506791
2021-06-25T21:27:12.901,10001,400,300,64,24000,24000,all,eval,all_no-L2_nns_ou.5_abort_no-period-h,9701,0,0.931686729,0,0,24.33694975,-0.931686729,0,25.26863648
2021-06-25T21:27:08.291,10001,400,300,64,24000,24000,all,eval,all_no-L2_nns_ou.5_abort_no-period-h,10001,17.42319983,0,0,1.857669741,7.621458086,-19.28086957,0,26.90232766
2021-06-25T19:19:05.855,10001,400,300,64,24000,24000,both,eval,both_no-L2_nns_ou.5_abort_no-period-h,9301,0.08788751,0,0,0.187283933,-6.412606045,-0.275171443,0,-6.137434602
2021-06-25T19:19:02.38,10001,400,300,64,24000,24000,both,eval,both_no-L2_nns_ou.5_abort_no-period-h,10001,0,0,0,0,-14.65899586,0,0,-14.65899586
2021-06-25T19:16:49.342,10001,300,600,64,24000,24000,both,eval,both_no-L2_nns_ou.5_abort_no-period-h,4701,0.854509362,0,0,0,-2.997830837,-0.854509362,0,-2.143321475
2021-06-25T19:16:45.843,10001,300,600,64,24000,24000,both,eval,both_no-L2_nns_ou.5_abort_no-period-h,10001,0,3.792058501,0,0,-17.85670315,-3.792058501,0,-14.06464465
2021-06-25T18:08:27.449,10001,400,300,64,24000,24000,both,test,both_no-L2_nns_ou.5_abort,9001,9.732062127,3.871872352,0,3.307732663,-52.27810468,-16.91166714,0,-35.36643754
2021-06-25T18:08:22.931,10001,400,300,64,24000,24000,both,test,both_no-L2_nns_ou.5_abort,10001,0,31.37422482,0,0,-124.8972094,-31.37422482,0,-93.52298458
2021-06-25T17:38:36.273,10001,400,300,64,24000,24000,summer,test,summer_no-L2_nns_ou.5_abort_no-period-h,3101,0,0,0,0,127.8120239,0,0,127.8120239
2021-06-25T17:38:32.523,10001,400,300,64,24000,24000,summer,test,summer_no-L2_nns_ou.5_abort_no-period-h,10001,0,0,0,0,115.8265375,0,0,115.8265375
2021-06-25T17:38:23.483,10001,400,300,64,24000,24000,winter,test,winter_no-L2_nns_ou.5_abort_no-period-h,8001,0.071600477,0.0672398,0,6.957354132,-166.9124343,-7.096194409,0,-159.8162399
2021-06-25T17:38:19.782,10001,400,300,64,24000,24000,winter,test,winter_no-L2_nns_ou.5_abort_no-period-h,10001,0,0.562100147,33.86979638,0,-211.1238385,-34.43189653,0,-176.691942
2021-06-25T17:38:03.518,10001,300,600,64,24000,24000,winter,test,winter_no-L2_nns_ou.5_abort_no-period-h,9001,0,14.83114209,0,7.320159368,-175.8348771,-22.15130146,0,-153.6835756
2021-06-25T17:37:59.888,10001,300,600,64,24000,24000,winter,test,winter_no-L2_nns_ou.5_abort_no-period-h,10001,6.662306245,0,0,0,-158.266091,-6.662306245,0,-151.6037848
2021-06-25T17:37:51.167,10001,300,600,64,24000,24000,summer,test,summer_no-L2_nns_ou.5_abort_no-period-h,6301,0,0,0,0,127.413962,0,0,127.413962
2021-06-25T17:37:47.623,10001,300,600,64,24000,24000,summer,test,summer_no-L2_nns_ou.5_abort_no-period-h,10001,0,0,0,0,110.9208696,0,0,110.9208696
2021-06-25T17:34:34.565,10001,400,300,64,24000,24000,winter,eval,winter_no-L2_nns_ou.5_abort_no-period-h,8001,0,0,0,0,-61.54313216,0,0,-61.54313216
2021-06-25T17:34:31.307,10001,400,300,64,24000,24000,winter,eval,winter_no-L2_nns_ou.5_abort_no-period-h,10001,0.091336304,2.873868651,0,0,-75.13095569,-2.965204955,0,-72.16575074
2021-06-25T17:34:22.864,10001,400,300,64,24000,24000,summer,eval,summer_no-L2_nns_ou.5_abort_no-period-h,3101,0,0,0,0,65.9021051,0,0,65.9021051
2021-06-25T17:34:19.802,10001,400,300,64,24000,24000,summer,eval,summer_no-L2_nns_ou.5_abort_no-period-h,10001,0,0,0,0,60.5482658,0,0,60.5482658
2021-06-25T17:34:04.851,10001,300,600,64,24000,24000,summer,eval,summer_no-L2_nns_ou.5_abort_no-period-h,6301,0,0,0,0,65.5065095,0,0,65.5065095
2021-06-25T17:34:01.745,10001,300,600,64,24000,24000,summer,eval,summer_no-L2_nns_ou.5_abort_no-period-h,10001,0,0,0,0,57.63560647,0,0,57.63560647
2021-06-25T17:33:43.913,10001,300,600,64,24000,24000,winter,eval,winter_no-L2_nns_ou.5_abort_no-period-h,9001,0,0,0,0,-57.37103832,0,0,-57.37103832
2021-06-25T17:33:40.828,10001,300,600,64,24000,24000,winter,eval,winter_no-L2_nns_ou.5_abort_no-period-h,10001,1.945609967,0,0,0,-62.91472043,-1.945609967,0,-60.96911046
2021-06-25T17:19:07.84,10001,300,600,64,24000,24000,winter,eval,winter_no-L2_nns_ou.5_abort_no-period-h,9001,0,0,0,0,-56.92141573,0,0,-56.92141573
2021-06-25T17:19:04.991,10001,300,600,64,24000,24000,winter,eval,winter_no-L2_nns_ou.5_abort_no-period-h,10001,0.434025595,0.873751196,0,0,-62.47087834,-1.307776791,0,-61.16310155
2021-06-25T17:17:10.893,10001,400,300,64,24000,24000,winter,eval,winter_no-L2_nns_ou.5_abort_no-period-h,8001,0,0,0,0,-61.47799771,0,0,-61.47799771
2021-06-25T17:17:08.018,10001,400,300,64,24000,24000,winter,eval,winter_no-L2_nns_ou.5_abort_no-period-h,10001,0.002331478,3.699012123,0,0,-75.84837885,-3.701343601,0,-72.14703525
2021-06-25T17:15:17.795,10001,300,600,64,24000,24000,summer,eval,summer_no-L2_nns_ou.5_abort_no-period-h,6301,0,0,0,0,65.43618524,0,0,65.43618524
2021-06-25T17:15:14.736,10001,300,600,64,24000,24000,summer,eval,summer_no-L2_nns_ou.5_abort_no-period-h,10001,0,0,0,0,57.64627242,0,0,57.64627242
2021-06-25T17:12:11.176,10001,400,300,64,24000,24000,summer,eval,summer_no-L2_nns_ou.5_abort_no-period-h,3101,0,0,0,0,65.90183214,0,0,65.90183214
2021-06-25T17:12:08.319,10001,400,300,64,24000,24000,summer,eval,summer_no-L2_nns_ou.5_abort_no-period-h,10001,0,0,0,0,60.54749604,0,0,60.54749604
2021-06-25T15:30:04.737,10001,300,600,64,24000,24000,both,test,both_no-L2_nns_ou.5_abort,7901,7.005825736,17.04483634,0,0,-67.95158433,-24.05066208,0,-43.90092225
2021-06-25T15:30:01.82,10001,300,600,64,24000,24000,both,test,both_no-L2_nns_ou.5_abort,10001,799.1698383,0.798494892,107.1566459,0,-942.4599557,-907.1249792,0,-35.3349765
2021-06-25T14:30:57.299,10001,400,300,64,24000,24000,both,test,both_no-L2_nns_ou.5_abort,-1,4.49E-08,0,0,0,-24.69093444,-4.49E-08,0,-24.6909344
2021-06-25T14:25:53.672,20001,400,300,64,24000,24000,summer,test,summer_no-L2_nns_ou.5_abort,-1,0,0,0,0,129.936956,0,0,129.936956
2021-06-25T14:25:41.153,20001,400,300,64,24000,24000,summer,test,summer_no-L2_nns_ou.5_abort,8901,0,0,0,0,124.295218,0,0,124.295218
2021-06-25T14:25:37.509,20001,400,300,64,24000,24000,summer,test,summer_no-L2_nns_ou.5_abort,20001,0,0,0,4.885156021,115.5930786,-4.885156021,0,120.4782346
2021-06-25T14:25:23.844,20001,300,600,64,24000,24000,summer,test,summer_no-L2_nns_ou.5_abort,10201,0,0,0,0,120.4931587,0,0,120.4931587
2021-06-25T14:25:20.112,20001,300,600,64,24000,24000,summer,test,summer_no-L2_nns_ou.5_abort,20001,0,0,0,96.41212563,-92.79855501,-96.41212563,0,3.61357062
2021-06-25T14:24:31.249,20001,300,600,64,24000,24000,winter,test,winter_no-L2_nns_ou.5_abort,5901,1.392464103,13.03098754,0,1.30982835,-158.1964252,-15.73328,0,-142.4631452
2021-06-25T14:24:28.042,20001,300,600,64,24000,24000,winter,test,winter_no-L2_nns_ou.5_abort,20001,16.95562703,41.96627303,47.69330615,0,-253.4316367,-106.6152062,0,-146.8164305
2021-06-25T14:20:32.765,20001,400,300,64,24000,24000,winter,test,winter_no-L2_nns_ou.5_abort,18501,0,9.053455675,21.38039848,0,-96.47033589,-30.43385415,0,-66.03648174
2021-06-25T14:20:29.979,20001,400,300,64,24000,24000,winter,test,winter_no-L2_nns_ou.5_abort,20001,5.800358949,0.214632285,0,14.79579756,-174.0429387,-20.81078879,0,-153.2321499
2021-06-25T14:11:46.001,10001,400,300,64,24000,24000,winter,test,winter_no-L2_nns_ou.5_abort,-1,2.19E-08,0,0,0,-153.5406302,-2.19E-08,0,-153.5406302
2021-06-25T14:07:18.894,10001,400,300,64,24000,24000,all,test,all_no-L2_nns_ou.5_abort,-1,1.221769745,0,0,0,92.17870588,-1.221769745,0,93.40047563
2021-06-24T21:27:39.208,20001,300,600,64,24000,24000,winter,eval,winter_no-L2_nns_ou.5_abort,5901,0,2.551878569,0,0,-55.9601415,-2.551878569,0,-53.40826293
2021-06-24T21:27:36.432,20001,300,600,64,24000,24000,winter,eval,winter_no-L2_nns_ou.5_abort,20001,25.45908958,3.341394409,63.90788506,0,-127.7568269,-92.70836905,0,-35.04845785
2021-06-24T21:25:26.049,20001,400,300,64,24000,24000,winter,eval,winter_no-L2_nns_ou.5_abort,18501,0,1.455482405,0,0,-58.40089395,-1.455482405,0,-56.94541155
2021-06-24T21:25:23.327,20001,400,300,64,24000,24000,winter,eval,winter_no-L2_nns_ou.5_abort,20001,9.32405444,0,0,6.665095221,-76.5290546,-15.98914966,0,-60.53990494
2021-06-24T21:15:37.518,20001,400,300,64,24000,24000,summer,eval,summer_no-L2_nns_ou.5_abort,8901,0,0,0,0,64.18106283,0,0,64.18106283
2021-06-24T21:15:34.799,20001,400,300,64,24000,24000,summer,eval,summer_no-L2_nns_ou.5_abort,20001,0,0,0,0,58.1454193,0,0,58.1454193
2021-06-24T20:55:28.989,20001,300,600,64,24000,24000,summer,eval,summer_no-L2_nns_ou.5_abort,10201,0,0,0,0,62.19128417,0,0,62.19128417
2021-06-24T20:55:26.14,20001,300,600,64,24000,24000,summer,eval,summer_no-L2_nns_ou.5_abort,20001,47.92099544,0,0,131.9739462,-159.773918,-179.8949416,0,20.1210236
2021-06-24T19:35:22.693,10001,300,600,128,24000,24000,summer,eval,summer_no-L2_ns-ou.5_abort,8501,0,0,0,0,66.01006648,0,0,66.01006648
2021-06-24T19:35:20.371,10001,300,600,128,24000,24000,summer,eval,summer_no-L2_ns-ou.5_abort,10001,0,0,0,0,59.56103299,0,0,59.56103299
2021-06-24T19:01:04.624,10001,300,600,128,24000,24000,all,eval,all_no-L2_ns-ou.5_abort,7901,1.436977151,8.065583936,0,0,43.47121868,-9.502561087,0,52.97377977
2021-06-24T19:01:00.369,10001,300,600,128,24000,24000,all,eval,all_no-L2_ns-ou.5_abort,10001,3.957957195,3.561094705,52.82003848,0,-16.66407494,-60.33909038,0,43.67501544
2021-06-24T18:59:52.006,10001,400,300,128,24000,24000,all,eval,all_no-L2_ns-ou.5_abort,9601,0,0.421406787,0,0,38.16485291,-0.421406787,0,38.5862597
2021-06-24T18:59:47.812,10001,400,300,128,24000,24000,all,eval,all_no-L2_ns-ou.5_abort,10001,5.059891704,0,572.1526026,0,-552.9469217,-577.2124943,0,24.2655726
2021-06-24T18:01:51.959,10001,300,600,24,24000,24000,winter,eval,winter_no-L2_ns-ou.5_abort,5401,0.074563125,1.455247714,0,0,-60.60705647,-1.529810839,0,-59.07724563
2021-06-24T18:01:48.882,10001,300,600,24,24000,24000,winter,eval,winter_no-L2_ns-ou.5_abort,10001,5.702927775,1.697092417,0,0,-66.08488831,-7.400020192,0,-58.68486812
2021-06-24T18:01:32.31,10001,400,300,24,24000,24000,summer,eval,summer_no-L2_ns-ou.5_abort,2601,0,0,0,0,63.36428558,0,0,63.36428558
2021-06-24T18:01:29.298,10001,400,300,24,24000,24000,summer,eval,summer_no-L2_ns-ou.5_abort,10001,0,0,0,0,55.38514785,0,0,55.38514785
2021-06-24T18:00:39.129,10001,400,300,64,24000,24000,winter,eval,winter_no-L2_ns-ou.8_abort,10001,1.115758523,0.348112451,0,0,-62.27771871,-1.463870974,0,-60.81384774
2021-06-24T18:00:36.099,10001,400,300,64,24000,24000,winter,eval,winter_no-L2_ns-ou.8_abort,10001,1.115758523,0.348112451,0,0,-62.27771871,-1.463870974,0,-60.81384774
2021-06-24T17:47:24.659,10001,300,600,64,24000,24000,summer,eval,summer_no-L2_ns-ou.8_abort,5901,0,0,0,0,65.40465718,0,0,65.40465718
2021-06-24T17:47:21.883,10001,300,600,64,24000,24000,summer,eval,summer_no-L2_ns-ou.8_abort,10001,0,0,0,0,63.25565206,0,0,63.25565206
2021-06-24T17:45:33.491,10001,300,600,64,24000,24000,winter,eval,winter_no-L2_ns-ou.8_abort,9701,0.476368308,0.607176442,0,0,-52.49436924,-1.083544751,0,-51.41082449
2021-06-24T17:45:30.702,10001,300,600,64,24000,24000,winter,eval,winter_no-L2_ns-ou.8_abort,10001,5.62850346,0,0,0,-59.56162662,-5.62850346,0,-53.93312316
2021-06-24T17:42:53.347,10001,400,300,64,24000,24000,summer,eval,summer_no-L2_ns-ou.8_abort,4101,0,0,0,0,57.55563613,0,0,57.55563613
2021-06-24T17:42:50.647,10001,400,300,64,24000,24000,summer,eval,summer_no-L2_ns-ou.8_abort,10001,0,0,0.042044853,0,56.29449526,-0.042044853,0,56.33654011
2021-06-24T17:32:32.107,10001,300,600,24,24000,24000,summer,eval,summer_no-L2_ns-ou.5_abort,6501,0,0,0,0,64.96534305,0,0,64.96534305
2021-06-24T17:32:29.569,10001,300,600,24,24000,24000,summer,eval,summer_no-L2_ns-ou.5_abort,10001,0,0,0,0,64.67048466,0,0,64.67048466
2021-06-24T17:32:02.142,10001,400,300,24,24000,24000,winter,eval,winter_no-L2_ns-ou.5_abort,4601,0,0.085759563,0,0,-70.00169474,-0.085759563,0,-69.91593518
2021-06-24T17:31:59.176,10001,400,300,24,24000,24000,winter,eval,winter_no-L2_ns-ou.5_abort,10001,31.6690605,1.270411225,3.772024567,0,-112.5824745,-36.71149629,0,-75.87097821
2021-06-24T16:25:33.037,10001,300,600,128,24000,24000,winter,eval,winter_no-L2_ns-ou.5_abort,5201,9.270173667,26.87063763,0,0,-111.9383282,-36.1408113,0,-75.7975169
2021-06-24T16:25:30.313,10001,300,600,128,24000,24000,winter,eval,winter_no-L2_ns-ou.5_abort,10001,9.777642733,14.74357043,0,19.02164329,-113.9756711,-43.54285645,0,-70.43281465
2021-06-24T16:22:35.769,10001,400,300,128,24000,24000,summer,eval,summer_no-L2_ns-ou.5_abort,3701,0,0,0,0,64.43897781,0,0,64.43897781
2021-06-24T16:22:33.037,10001,400,300,128,24000,24000,summer,eval,summer_no-L2_ns-ou.5_abort,10001,0,0,0,0,63.05818804,0,0,63.05818804
2021-06-24T16:18:58.165,10001,400,300,128,24000,24000,winter,eval,winter_no-L2_ns-ou.5_abort,4301,18.46577137,9.253739493,4.21921367,0,-115.5925991,-31.93872453,0,-83.65387457
2021-06-24T16:18:55.432,10001,400,300,128,24000,24000,winter,eval,winter_no-L2_ns-ou.5_abort,10001,32.74913779,16.83178565,56.67645434,0,-188.1388606,-106.2573778,0,-81.8814828
2021-06-24T15:48:58.276,50001,400,300,64,24000,24000,summer,eval,summer_no-L2_ns-ou.5_abort_num-steps=1,46701,0,0,0,0,56.75459326,0,0,56.75459326
2021-06-24T15:48:55.533,50001,400,300,64,24000,24000,summer,eval,summer_no-L2_ns-ou.5_abort_num-steps=1,50001,254.5520823,0,0,0,-199.2331726,-254.5520823,0,55.3189097
2021-06-24T15:01:10.316,50001,300,600,64,24000,24000,summer,eval,summer_no-L2_ns-ou.5_abort_num-steps=1,49301,200.0159787,0,0,0,-144.5605142,-200.0159787,0,55.4554645
2021-06-24T15:01:07.389,50001,300,600,64,24000,24000,summer,eval,summer_no-L2_ns-ou.5_abort_num-steps=1,50001,313.8805164,0,0,0,-267.2129196,-313.8805164,0,46.6675968
2021-06-24T14:56:08.196,10001,400,300,120,24000,24000,summer,eval,summer_no-L2_ns-ou.5_abort,6801,0,0,0,0,65.15211082,0,0,65.15211082
2021-06-24T14:56:05.501,10001,400,300,120,24000,24000,summer,eval,summer_no-L2_ns-ou.5_abort,10001,0,0,0,0,58.85199064,0,0,58.85199064
2021-06-24T14:53:30.935,10001,300,600,120,24000,24000,winter,eval,winter_no-L2_ns-ou.5_abort,7601,32.94958252,10.20661551,0,0,-106.6744466,-43.15619804,0,-63.51824856
2021-06-24T14:53:28.197,10001,300,600,120,24000,24000,winter,eval,winter_no-L2_ns-ou.5_abort,10001,49.02794282,10.48380861,0,0,-124.7509325,-59.51175143,0,-65.23918107
2021-06-24T14:53:12.899,10001,300,600,120,24000,24000,summer,eval,summer_no-L2_ns-ou.5_abort,7901,0,0,0,0,65.94278665,0,0,65.94278665
2021-06-24T14:53:10.114,10001,300,600,120,24000,24000,summer,eval,summer_no-L2_ns-ou.5_abort,10001,0,0,0,0,65.96430286,0,0,65.96430286
2021-06-24T14:48:36.825,10001,400,300,120,24000,24000,winter,eval,winter_no-L2_ns-ou.5_abort,3901,0,2.032848314,0,1.10095489,-67.42569033,-3.133803205,0,-64.29188713
2021-06-24T14:48:34.099,10001,400,300,120,24000,24000,winter,eval,winter_no-L2_ns-ou.5_abort,10001,9.910339638,12.73313155,0,14.83786297,-103.0991562,-37.48133416,0,-65.61782204
2021-06-24T14:47:32.474,50001,300,600,64,24000,24000,winter,eval,winter_no-L2_ns-ou.5_abort_num-steps=1,22301,44.77891426,14.44647268,0,0,-84.49005925,-59.22538694,0,-25.26467231
2021-06-24T14:47:29.672,50001,300,600,64,24000,24000,winter,eval,winter_no-L2_ns-ou.5_abort_num-steps=1,50001,0.238813851,16.98251832,0,0,-24.46712915,-17.22133217,0,-7.24579698
2021-06-24T14:29:39.023,50001,400,300,64,24000,24000,winter,eval,winter_no-L2_ns-ou.5_abort_num-steps=1,39101,0,14.5834652,0,0,-16.09580426,-14.5834652,0,-1.51233906
2021-06-24T14:29:36.556,50001,400,300,64,24000,24000,winter,eval,winter_no-L2_ns-ou.5_abort_num-steps=1,50001,0,13.19564715,0,0,-13.78600882,-13.19564715,0,-0.59036167
2021-06-24T13:13:29.094,10001,300,600,48,24000,24000,summer,eval,summer_no-L2_ns-ou.5_abort,5001,0,0,0,0,66.01934258,0,0,66.01934258
2021-06-24T13:13:26.355,10001,300,600,48,24000,24000,summer,eval,summer_no-L2_ns-ou.5_abort,10001,0,0,0,0,64.54718154,0,0,64.54718154
2021-06-24T13:12:02.292,10001,400,300,48,24000,24000,summer,eval,summer_no-L2_ns-ou.5_abort,8701,0,0,0,0,64.60058703,0,0,64.60058703
2021-06-24T13:11:59.549,10001,400,300,48,24000,24000,summer,eval,summer_no-L2_ns-ou.5_abort,10001,0,0,0,0,57.30168352,0,0,57.30168352
2021-06-24T13:07:11.963,10001,300,600,48,24000,24000,winter,eval,winter_no-L2_ns-ou.5_abort,7501,0,0.069149433,0,0,-60.80529058,-0.069149433,0,-60.73614115
2021-06-24T13:07:09.221,10001,300,600,48,24000,24000,winter,eval,winter_no-L2_ns-ou.5_abort,10001,33.61232393,0.364344169,0,9.17256478,-106.3987203,-43.14923288,0,-63.24948742
2021-06-24T13:04:42.836,10001,400,300,48,24000,24000,winter,eval,winter_no-L2_ns-ou.5_abort,6601,2.65189517,3.13185422,0,0,-72.48135505,-5.78374939,0,-66.69760566
2021-06-24T13:04:40.112,10001,400,300,48,24000,24000,winter,eval,winter_no-L2_ns-ou.5_abort,10001,36.43222235,0.272559494,24.98315737,0,-127.3760489,-61.68793921,0,-65.68810969
2021-06-24T11:28:18.609,10001,300,600,64,24000,24000,summer,eval,summer_no-L2_ns-decr_abort_ou=0.5,5201,0,0,0,0,65.20517784,0,0,65.20517784
2021-06-24T11:28:15.885,10001,300,600,64,24000,24000,summer,eval,summer_no-L2_ns-decr_abort_ou=0.5,10001,0,0,0,0,65.00863923,0,0,65.00863923
2021-06-24T11:24:51.53,10001,400,300,64,24000,24000,summer,eval,summer_no-L2_ns-decr_abort_ou=0.5,8301,0,0,0,0,65.5048524,0,0,65.5048524
2021-06-24T11:24:48.809,10001,400,300,64,24000,24000,summer,eval,summer_no-L2_ns-decr_abort_ou=0.5,10001,0,0,0,10.0989052,55.93118378,-10.0989052,0,66.03008898
2021-06-24T11:18:57.201,10001,400,300,64,24000,24000,winter,eval,winter_no-L2_ns-decr_abort_ou=0.5,8701,0.439338959,0,0,0,-64.86412535,-0.439338959,0,-64.42478639
2021-06-24T11:18:54.504,10001,400,300,64,24000,24000,winter,eval,winter_no-L2_ns-decr_abort_ou=0.5,10001,7.221136107,0,0,0,-74.52246089,-7.221136107,0,-67.30132478
2021-06-24T11:01:07.472,10001,300,600,64,24000,24000,winter,eval,winter_no-L2_ns-decr_abort_ou=0.5,8001,3.873880151,36.9040098,0,0.147210538,-121.9709125,-40.92510049,0,-81.04581201
2021-06-24T11:01:04.576,10001,300,600,64,24000,24000,winter,eval,winter_no-L2_ns-decr_abort_ou=0.5,10001,119.5287989,47.37630732,0,75.25998283,-333.2909165,-242.1650891,0,-91.1258274
2021-06-23T23:18:16.934,10001,300,600,64,24000,24000,winter,eval,winter_no-L2_ns-fix-1_abort_ou=0.5,6501,0.238102227,0,0,0,-52.73995199,-0.238102227,0,-52.50184976
2021-06-23T23:18:14.191,10001,300,600,64,24000,24000,winter,eval,winter_no-L2_ns-fix-1_abort_ou=0.5,10001,5.802787659,1.743888556,0,0,-64.03705464,-7.546676215,0,-56.49037843
2021-06-23T23:07:13.592,10001,300,600,64,24000,24000,summer,eval,summer_no-L2_ns-fix-1_abort_ou=0.5,2501,0,0,0,0,65.08295544,0,0,65.08295544
2021-06-23T23:07:10.826,10001,300,600,64,24000,24000,summer,eval,summer_no-L2_ns-fix-1_abort_ou=0.5,10001,0,0,0,0,55.21512694,0,0,55.21512694
2021-06-23T23:06:58.224,10001,400,300,64,24000,24000,winter,eval,winter_no-L2_ns-fix-1_abort_ou=0.5,8801,1.184426552,0,0,0,-54.30059567,-1.184426552,0,-53.11616912
2021-06-23T23:06:55.427,10001,400,300,64,24000,24000,winter,eval,winter_no-L2_ns-fix-1_abort_ou=0.5,10001,1.508818706,0,0,0,-56.4780846,-1.508818706,0,-54.96926589
2021-06-23T23:03:37.142,10001,400,300,64,24000,24000,summer,eval,summer_no-L2_ns-fix-1_abort_ou=0.5,4701,0,0,0,0,60.9321758,0,0,60.9321758
2021-06-23T23:03:34.374,10001,400,300,64,24000,24000,summer,eval,summer_no-L2_ns-fix-1_abort_ou=0.5,10001,0,0,0,0,56.92723428,0,0,56.92723428
2021-06-23T17:35:50.804,10001,400,300,64,24000,24000,winter,eval,winter_no-L2_ns-fix-1_abort_nn=0.5,7801,1.188355732,1.100244338,0,0,-66.63093309,-2.28860007,0,-64.34233302
2021-06-23T17:35:47.879,10001,400,300,64,24000,24000,winter,eval,winter_no-L2_ns-fix-1_abort_nn=0.5,10001,16.31222754,145.0610025,0,3.242565462,-230.1950333,-164.6157955,0,-65.5792378
2021-06-23T17:30:01.778,10001,400,300,64,24000,24000,summer,eval,summer_no-L2_ns-fix-1_abort_nn=0.5,9801,0,0,0,0,60.18965878,0,0,60.18965878
2021-06-23T17:29:58.861,10001,400,300,64,24000,24000,summer,eval,summer_no-L2_ns-fix-1_abort_nn=0.5,10001,0,0,0,1.226729097,59.19796039,-1.226729097,0,60.42468949
2021-06-23T17:26:07.524,10001,300,600,64,24000,24000,summer,eval,summer_no-L2_ns-fix-1_abort_nn=0.5,8401,0,0,0,0,57.90795523,0,0,57.90795523
2021-06-23T17:26:04.81,10001,300,600,64,24000,24000,summer,eval,summer_no-L2_ns-fix-1_abort_nn=0.5,10001,0,0,0,0,54.50496603,0,0,54.50496603
2021-06-23T17:25:37.758,10001,300,600,64,24000,24000,winter,eval,winter_no-L2_ns-fix-1_abort_nn=0.5,6101,0.116348379,4.415449848,0,0,-68.04406201,-4.531798227,0,-63.51226378
2021-06-23T17:25:35.037,10001,300,600,64,24000,24000,winter,eval,winter_no-L2_ns-fix-1_abort_nn=0.5,10001,0,126.9246466,0,0,-170.1280198,-126.9246466,0,-43.2033732
2021-06-23T17:07:47.137,10001,300,600,64,24000,24000,winter,eval,winter_no-L2_ns-fix_abort_nn=0.5,3701,0.229541256,0,0,0,-54.67567373,-0.229541256,0,-54.44613247
2021-06-23T17:07:44.415,10001,300,600,64,24000,24000,winter,eval,winter_no-L2_ns-fix_abort_nn=0.5,10001,0,0,1.458259277,0,-69.57241908,-1.458259277,0,-68.1141598
2021-06-23T17:05:19.097,10001,400,300,64,24000,24000,winter,eval,winter_no-L2_ns-fix_abort_nn=0.5,6901,0,0,0,0,-58.03073151,0,0,-58.03073151
2021-06-23T17:05:16.389,10001,400,300,64,24000,24000,winter,eval,winter_no-L2_ns-fix_abort_nn=0.5,10001,4.202992336,0,0,0,-87.80911472,-4.202992336,0,-83.60612238
2021-06-23T17:01:46.644,10001,300,600,64,24000,24000,summer,eval,summer_no-L2_ns-fix_abort_nn=0.5,9001,0,0,0,0,63.01183222,0,0,63.01183222
2021-06-23T17:01:43.924,10001,300,600,64,24000,24000,summer,eval,summer_no-L2_ns-fix_abort_nn=0.5,10001,0,0,0,0,64.67118975,0,0,64.67118975
2021-06-23T16:59:58.893,10001,400,300,64,24000,24000,summer,eval,summer_no-L2_ns-fix_abort_nn=0.5,8501,0,0,0,0,63.3611619,0,0,63.3611619
2021-06-23T16:59:56.231,10001,400,300,64,24000,24000,summer,eval,summer_no-L2_ns-fix_abort_nn=0.5,10001,0,0,0,0,58.28841407,0,0,58.28841407
2021-06-23T15:39:07.69,10001,400,300,64,24000,24000,summer,eval,summer_no-L2_ns-fix_abort_ou=0.5,7001,0,0,0,0,65.89778284,0,0,65.89778284
2021-06-23T15:39:04.78,10001,400,300,64,24000,24000,summer,eval,summer_no-L2_ns-fix_abort_ou=0.5,10001,0,0,0,0,58.05326954,0,0,58.05326954
2021-06-23T15:37:52.62,10001,300,600,64,24000,24000,summer,eval,summer_no-L2_ns-fix_abort_ou=0.5,7601,0,0,0,0,66.56124264,0,0,66.56124264
2021-06-23T15:37:49.862,10001,300,600,64,24000,24000,summer,eval,summer_no-L2_ns-fix_abort_ou=0.5,10001,0,0,0,0,65.48608809,0,0,65.48608809
2021-06-23T15:33:39.294,10001,300,600,64,24000,24000,winter,eval,winter_no-L2_ns-fix_abort_ou=0.5,4501,0.765858382,3.674398638,0,0,-67.51294011,-4.440257019,0,-63.07268309
2021-06-23T15:33:36.589,10001,300,600,64,24000,24000,winter,eval,winter_no-L2_ns-fix_abort_ou=0.5,10001,13.74204057,7.239078796,0,0,-79.86209789,-20.98111937,0,-58.88097852
2021-06-23T15:28:21.493,10001,400,300,64,24000,24000,winter,eval,winter_no-L2_ns-fix_abort_ou=0.5,5201,12.25424172,0.146598262,0,0,-77.59344254,-12.40083998,0,-65.19260256
2021-06-23T15:28:18.626,10001,400,300,64,24000,24000,winter,eval,winter_no-L2_ns-fix_abort_ou=0.5,10001,68.78435225,8.996393379,12.16436865,0,-162.4929213,-89.94511428,0,-72.54780702
2021-06-23T15:11:41.424,10001,300,600,64,24000,24000,summer,eval,summer_no-L2_ns-fix_abort,9701,0,0,0,0,65.92401669,0,0,65.92401669
2021-06-23T15:11:38.717,10001,300,600,64,24000,24000,summer,eval,summer_no-L2_ns-fix_abort,10001,0,0,0,0,64.39463034,0,0,64.39463034
2021-06-23T15:09:54.311,10001,400,300,64,24000,24000,summer,eval,summer_no-L2_ns-fix_abort,8901,0,0,0,0,66.01694436,0,0,66.01694436
2021-06-23T15:09:51.592,10001,400,300,64,24000,24000,summer,eval,summer_no-L2_ns-fix_abort,10001,0,0,0,0,57.0380799,0,0,57.0380799
2021-06-23T14:55:05.16,10001,400,300,64,24000,24000,winter,eval,winter_no-L2_ns-fix_abort,9901,0,4.065340488,0,0,-64.92987792,-4.065340488,0,-60.86453743
2021-06-23T14:55:02.371,10001,400,300,64,24000,24000,winter,eval,winter_no-L2_ns-fix_abort,10001,0,5.238362022,0,0,-65.76472806,-5.238362022,0,-60.52636604
2021-06-23T14:48:41.835,10001,300,600,64,24000,24000,winter,eval,winter_no-L2_ns-fix_abort,6901,11.9263318,0.856088157,0,0.649283826,-86.00269403,-13.43170379,0,-72.57099024
2021-06-23T14:48:39.085,10001,300,600,64,24000,24000,winter,eval,winter_no-L2_ns-fix_abort,10001,35.13317894,32.95601662,0,30.40489506,-153.08939,-98.49409063,0,-54.59529937
2021-06-23T12:13:30.176,10001,300,600,64,24000,24000,summer,eval,summer_no-L2_ns-fix_abort_nn-0.3,3001,0,0,0,0,64.15690049,0,0,64.15690049
2021-06-23T12:13:27.425,10001,300,600,64,24000,24000,summer,eval,summer_no-L2_ns-fix_abort_nn-0.3,10001,0,0,0,0,63.10402277,0,0,63.10402277
2021-06-23T12:10:03.741,10001,400,300,64,24000,24000,summer,eval,summer_no-L2_ns-fix_abort_nn-0.3,6501,0,0,0,0,66.22540392,0,0,66.22540392
2021-06-23T12:10:00.961,10001,400,300,64,24000,24000,summer,eval,summer_no-L2_ns-fix_abort_nn-0.3,10001,0,0,0,0,58.97725288,0,0,58.97725288
2021-06-23T12:07:40.115,10001,300,600,64,24000,24000,winter,eval,winter_no-L2_ns-fix_abort_nn-0.3,7401,0.655560529,2.441877733,0,0,-65.74495554,-3.097438262,0,-62.64751728
2021-06-23T12:07:37.375,10001,300,600,64,24000,24000,winter,eval,winter_no-L2_ns-fix_abort_nn-0.3,10001,31.11626316,0,0,0,-98.57737513,-31.11626316,0,-67.46111197
2021-06-23T12:05:11.478,10001,400,300,64,24000,24000,winter,eval,winter_no-L2_ns-fix_abort_nn-0.3,7001,1.18191796,14.51297387,0,0,-84.711104,-15.69489183,0,-69.01621217
2021-06-23T12:05:08.757,10001,400,300,64,24000,24000,winter,eval,winter_no-L2_ns-fix_abort_nn-0.3,10001,16.61281372,5.136049077,0,0,-90.47221444,-21.7488628,0,-68.72335164
2021-06-16T14:48:30.098,10001,400,300,64,24000,24000,summer,eval,summer_no-L2_nns!_abort_nn-0.1,2201,0,0,0,0,64.29727819,0,0,64.29727819
2021-06-16T14:48:27.368,10001,400,300,64,24000,24000,summer,eval,summer_no-L2_nns!_abort_nn-0.1,10001,0,0,0,0,63.07513396,0,0,63.07513396
2021-06-16T14:43:58.068,10001,400,300,64,24000,24000,winter,eval,winter_no-L2_nns!_abort_nn-0.1,8601,11.90196111,2.464772844,0,0,-78.36649748,-14.36673396,0,-63.99976352
2021-06-16T14:43:55.428,10001,400,300,64,24000,24000,winter,eval,winter_no-L2_nns!_abort_nn-0.1,10001,29.68033842,4.145093828,0.73207171,0,-101.8799674,-34.55750395,0,-67.32246345
2021-06-16T14:41:13.785,10001,300,600,64,24000,24000,winter,eval,winter_no-L2_nns!_abort_nn-0.1,4701,2.309698386,0.431511748,0,0,-58.45385531,-2.741210134,0,-55.71264518
2021-06-16T14:41:11.26,10001,300,600,64,24000,24000,winter,eval,winter_no-L2_nns!_abort_nn-0.1,10001,12.62641086,1.654449502,4.717373815,0,-71.62616007,-18.99823417,0,-52.6279259
2021-06-16T14:38:17.133,10001,300,600,64,24000,24000,summer,eval,summer_no-L2_nns!_abort_nn-0.1,5701,0,0,0,0,64.57612145,0,0,64.57612145
2021-06-16T14:38:14.704,10001,300,600,64,24000,24000,summer,eval,summer_no-L2_nns!_abort_nn-0.1,10001,0,0,0,0,58.65988234,0,0,58.65988234
2021-06-16T14:35:48.647,10001,400,300,64,24000,24000,summer,eval,summer_no-L2_nns!_abort_nn-0.5,8501,0,0,0,0,65.39712569,0,0,65.39712569
2021-06-16T14:35:45.943,10001,400,300,64,24000,24000,summer,eval,summer_no-L2_nns!_abort_nn-0.5,10001,0,0,0,0,57.69967259,0,0,57.69967259
2021-06-16T14:34:52.399,10001,400,300,64,24000,24000,summer,eval,summer_no-L2_nns!_abort_nn-0.5,8801,0,0,0,0,57.38860356,0,0,57.38860356
2021-06-16T14:34:49.8,10001,400,300,64,24000,24000,summer,eval,summer_no-L2_nns!_abort_nn-0.5,10001,0,0,0,0,57.05826171,0,0,57.05826171
2021-06-16T14:34:34.934,10001,300,600,64,24000,24000,summer,eval,summer_no-L2_nns!_abort_nn-0.5,9501,0,0,0,0,57.09878068,0,0,57.09878068
2021-06-16T14:34:32.325,10001,300,600,64,24000,24000,summer,eval,summer_no-L2_nns!_abort_nn-0.5,10001,0,0,0,0,57.02142453,0,0,57.02142453
2021-06-16T14:32:46.127,10001,300,600,64,24000,24000,winter,eval,winter_no-L2_nns!_abort_nn-0.5,6801,3.647456535,0,0,0,-69.68050602,-3.647456535,0,-66.03304949
2021-06-16T14:32:43.477,10001,300,600,64,24000,24000,winter,eval,winter_no-L2_nns!_abort_nn-0.5,10001,5.809322467,4.969063827,0,0,-81.30111988,-10.77838629,0,-70.52273359
2021-06-16T12:05:14.639,10001,400,300,64,24000,24000,winter,eval,winter_no-L2_nns!_abort,8001,3.720211728,6.196736677,0,0,-72.52239986,-9.916948406,0,-62.60545145
2021-06-16T12:05:11.701,10001,400,300,64,24000,24000,winter,eval,winter_no-L2_nns!_abort,10001,1.962000444,5.431996011,0,0,-64.56656216,-7.393996455,0,-57.17256571
2021-06-16T12:00:33.931,10001,300,600,64,24000,24000,summer,eval,summer_no-L2_nns!_abort,9001,0,0,0,0,64.83738784,0,0,64.83738784
2021-06-16T12:00:31.022,10001,300,600,64,24000,24000,summer,eval,summer_no-L2_nns!_abort,10001,0,0,0,0,64.95945812,0,0,64.95945812
2021-06-16T11:58:19.286,10001,400,300,64,24000,24000,summer,eval,summer_no-L2_nns!_abort,9301,0,0,0,0,63.72079863,0,0,63.72079863
2021-06-16T11:58:16.325,10001,400,300,64,24000,24000,summer,eval,summer_no-L2_nns!_abort,10001,0,0,0,0,62.73994905,0,0,62.73994905
2021-06-16T11:26:41.854,10001,300,600,64,24000,24000,winter,eval,winter_no-L2_nns!_abort,10001,0,39.24582767,0,0,-40.9996842,-39.24582767,0,-1.75385653
2021-06-16T11:26:39.075,10001,300,600,64,24000,24000,winter,eval,winter_no-L2_nns!_abort,10001,0,39.24582767,0,0,-40.9996842,-39.24582767,0,-1.75385653
2021-06-15T16:23:15.004,10001,400,300,64,24000,24000,winter,eval,winter_no-L2_nns!_abort_batch-64_sigma-0.5,6401,0.637660762,1.077625646,0,0,-47.62175246,-1.715286408,0,-45.90646605
2021-06-15T16:23:12.287,10001,400,300,64,24000,24000,winter,eval,winter_no-L2_nns!_abort_batch-64_sigma-0.5,10001,4.333594182,2.736691322,0,0,-66.49336606,-7.070285504,0,-59.42308056
2021-06-15T16:20:33.469,10001,400,300,64,24000,24000,summer,eval,summer_no-L2_nns!_abort_batch-64_sigma-0.5,4601,0,0,0,0,63.0422809,0,0,63.0422809
2021-06-15T16:20:30.744,10001,400,300,64,24000,24000,summer,eval,summer_no-L2_nns!_abort_batch-64_sigma-0.5,10001,0,0,0,0,63.97855304,0,0,63.97855304
2021-06-15T16:19:24.441,10001,300,600,64,24000,24000,winter,eval,winter_no-L2_nns!_abort_batch-64_sigma-0.5,7401,0.23650878,2.231357263,0,0,-59.2201504,-2.467866043,0,-56.75228436
2021-06-15T16:19:21.823,10001,300,600,64,24000,24000,winter,eval,winter_no-L2_nns!_abort_batch-64_sigma-0.5,10001,47.25574203,1.820405927,0,25.86018008,-130.5094383,-74.93632804,0,-55.57311026
2021-06-15T16:16:21.52,10001,300,600,64,24000,24000,summer,eval,summer_no-L2_nns!_abort_batch-64_sigma-0.5,9301,0,0,0,0,65.91807565,0,0,65.91807565
2021-06-15T16:16:18.911,10001,300,600,64,24000,24000,summer,eval,summer_no-L2_nns!_abort_batch-64_sigma-0.5,10001,0,0,0,0,62.06666796,0,0,62.06666796
2021-06-14T19:44:48.634,10001,300,600,48,24000,24000,winter,eval,winter_no-L2_nns!_abort_batch-48_sigma-0.5,9901,0.435488017,0.038792001,0,0,-59.38949443,-0.474280019,0,-58.91521441
2021-06-14T19:44:45.809,10001,300,600,48,24000,24000,winter,eval,winter_no-L2_nns!_abort_batch-48_sigma-0.5,10001,0.966612948,0,0,0,-61.65259159,-0.966612948,0,-60.68597864
2021-06-14T19:42:28.518,10001,400,300,48,24000,24000,winter,eval,winter_no-L2_nns!_abort_batch-48_sigma-0.5,9301,0,0.218055516,0,0,-53.17060068,-0.218055516,0,-52.95254516
2021-06-14T19:42:25.876,10001,400,300,48,24000,24000,winter,eval,winter_no-L2_nns!_abort_batch-48_sigma-0.5,10001,2.191504029,0,3.104186523,0,-60.15086645,-5.295690552,0,-54.8551759
2021-06-14T19:40:02.15,10001,300,600,48,24000,24000,summer,eval,summer_no-L2_nns!_abort_batch-48_sigma-0.5,8201,0,0,0,0,65.22069126,0,0,65.22069126
2021-06-14T19:39:59.332,10001,300,600,48,24000,24000,summer,eval,summer_no-L2_nns!_abort_batch-48_sigma-0.5,10001,0,0,0,0,64.05667149,0,0,64.05667149
2021-06-14T19:39:49.066,10001,400,300,48,24000,24000,winter,eval,winter_no-L2_nns!_abort_batch-48,9301,0.141012831,1.947887909,0,0,-49.95067454,-2.08890074,0,-47.8617738
2021-06-14T19:39:46.477,10001,400,300,48,24000,24000,winter,eval,winter_no-L2_nns!_abort_batch-48,10001,3.083119781,0.001074182,2.264702033,0,-64.62645383,-5.348895996,0,-59.27755783
2021-06-14T19:34:55.521,10001,400,300,48,24000,24000,summer,eval,summer_no-L2_nns!_abort_batch-48_sigma-0.5,7401,0,0,0,0,60.34209285,0,0,60.34209285
2021-06-14T19:34:52.897,10001,400,300,48,24000,24000,summer,eval,summer_no-L2_nns!_abort_batch-48_sigma-0.5,10001,0,0,0,1.963114581,52.8080228,-1.963114581,0,54.77113738
2021-06-14T19:32:09.3,10001,300,600,48,24000,24000,summer,eval,summer_no-L2_nns!_abort_batch-48,5601,0,0,0,0,65.01897222,0,0,65.01897222
2021-06-14T19:32:06.676,10001,300,600,48,24000,24000,summer,eval,summer_no-L2_nns!_abort_batch-48,10001,0,0,0,0,63.78215204,0,0,63.78215204
2021-06-14T19:29:28.112,10001,400,300,48,24000,24000,summer,eval,summer_no-L2_nns!_abort_batch-48,4701,0,0,0,0,57.63457484,0,0,57.63457484
2021-06-14T19:29:25.475,10001,400,300,48,24000,24000,summer,eval,summer_no-L2_nns!_abort_batch-48,10001,0,0,0,0,57.40292336,0,0,57.40292336
2021-06-14T19:29:24.091,10001,300,600,48,24000,24000,winter,eval,winter_no-L2_nns!_abort_batch-48,10001,0,6.151508952,0,0,-59.81584069,-6.151508952,0,-53.66433174
2021-06-14T19:29:21.379,10001,300,600,48,24000,24000,winter,eval,winter_no-L2_nns!_abort_batch-48,10001,0,6.151508952,0,0,-59.81584069,-6.151508952,0,-53.66433174
2021-06-14T14:31:31.743,10001,400,300,48,24000,24000,winter,eval,winter_no-L2_abort_batch-48,3901,0.968272124,0,0,0,-62.74334447,-0.968272124,0,-61.77507235
2021-06-14T14:31:28.984,10001,400,300,48,24000,24000,winter,eval,winter_no-L2_abort_batch-48,10001,15.45597211,24.48820027,0,3.98615136,-103.4103811,-43.93032374,0,-59.48005736
2021-06-14T14:31:06.139,10001,300,600,48,24000,24000,winter,eval,winter_no-L2_abort_batch-48,9101,10.13580987,1.353249354,0,0.688315056,-77.69356453,-12.17737428,0,-65.51619025
2021-06-14T14:31:03.424,10001,300,600,48,24000,24000,winter,eval,winter_no-L2_abort_batch-48,10001,29.1402468,5.509172271,0,13.45768835,-111.7359608,-48.10710742,0,-63.62885338
2021-06-14T14:28:20.378,10001,400,300,48,24000,24000,summer,eval,summer_no-L2_abort_batch-48,2901,0,0,0,0,63.8299561,0,0,63.8299561
2021-06-14T14:28:17.673,10001,400,300,48,24000,24000,summer,eval,summer_no-L2_abort_batch-48,10001,2.397976757,0,0.217507697,0,53.50963549,-2.615484453,0,56.12511994
2021-06-14T14:26:45.994,10001,400,300,64,24000,24000,winter,eval,winter_no-L2_nns!_abort_batch-64,5401,0,0,0,0,-73.88526744,0,0,-73.88526744
2021-06-14T14:26:43.198,10001,400,300,64,24000,24000,winter,eval,winter_no-L2_nns!_abort_batch-64,10001,1.682083961,6.092499898,0,7.42067639,-94.19295215,-15.19526025,0,-78.9976919
2021-06-14T14:26:15.291,10001,300,600,48,24000,24000,summer,eval,summer_no-L2_abort_batch-48,4501,0,0,0,0,63.82133027,0,0,63.82133027
2021-06-14T14:26:12.58,10001,300,600,48,24000,24000,summer,eval,summer_no-L2_abort_batch-48,10001,139.2590059,0,5.90763471,0,-139.6694382,-145.1666406,0,5.4972024
2021-06-14T14:25:55.346,10001,300,600,64,24000,24000,winter,eval,winter_no-L2_nns!_abort_batch-64,7301,0,0.587227739,0,0,-51.12529108,-0.587227739,0,-50.53806334
2021-06-14T14:25:52.929,10001,300,600,64,24000,24000,winter,eval,winter_no-L2_nns!_abort_batch-64,10001,0,1.137611723,0,0,-79.42300262,-1.137611723,0,-78.2853909
2021-06-14T14:21:34.042,10001,400,300,64,24000,24000,summer,eval,summer_no-L2_nns!_abort_batch-64,5301,0,0,0,0,61.39085523,0,0,61.39085523
2021-06-14T14:21:31.333,10001,400,300,64,24000,24000,summer,eval,summer_no-L2_nns!_abort_batch-64,10001,0,0,0,0,57.71785217,0,0,57.71785217
2021-06-14T14:17:59.522,10001,300,600,64,24000,24000,summer,eval,summer_no-L2_nns!_abort_batch-64,5401,0,0,0,0,60.29919202,0,0,60.29919202
2021-06-14T14:17:57.022,10001,300,600,64,24000,24000,summer,eval,summer_no-L2_nns!_abort_batch-64,10001,0,0,0,0,57.32961787,0,0,57.32961787
2021-06-14T13:33:48.27,10001,300,600,120,24000,24000,winter,eval,winter_no-L2_nns!_abort,6701,1.339113641,0,0,0,-61.01950289,-1.339113641,0,-59.68038925
2021-06-14T13:33:45.342,10001,300,600,120,24000,24000,winter,eval,winter_no-L2_nns!_abort,10001,19.6108309,0,0,0,-77.7902119,-19.6108309,0,-58.179381
2021-06-14T13:21:45.669,10001,400,300,120,24000,24000,summer,eval,summer_no-L2_nns_abort_batch-120_ou-sigma-0.5,9601,0,0,0,0,64.51196501,0,0,64.51196501
2021-06-14T13:21:42.755,10001,400,300,120,24000,24000,summer,eval,summer_no-L2_nns_abort_batch-120_ou-sigma-0.5,10001,0,0,0,0,63.44104551,0,0,63.44104551
2021-06-14T13:21:15.589,10001,300,600,120,24000,24000,summer,eval,summer_no-L2_nns_abort_batch-120_ou-sigma-0.5,8401,0,0,0,0,65.08686017,0,0,65.08686017
2021-06-14T13:21:12.696,10001,300,600,120,24000,24000,summer,eval,summer_no-L2_nns_abort_batch-120_ou-sigma-0.5,10001,0,0,0,0,58.81808991,0,0,58.81808991
2021-06-14T13:19:28.661,10001,400,300,120,24000,24000,summer,eval,summer_no-L2_nns!_abort,6501,0,0,0,0,59.78099386,0,0,59.78099386
2021-06-14T13:19:25.77,10001,400,300,120,24000,24000,summer,eval,summer_no-L2_nns!_abort,10001,0,0,0,0,57.75744088,0,0,57.75744088
2021-06-14T13:17:51.385,10001,300,600,64,24000,24000,summer,eval,summer_no-L2_nns_abort_ou-sigma-0.5,7701,0,0,0,0,65.78852577,0,0,65.78852577
2021-06-14T13:17:48.414,10001,300,600,64,24000,24000,summer,eval,summer_no-L2_nns_abort_ou-sigma-0.5,10001,0,0,0,0,58.086926,0,0,58.086926
2021-06-14T13:16:53.09,10001,400,300,120,24000,24000,winter,eval,winter_no-L2_nns!_abort,10001,0.09596441,0.282893581,0,0,-61.81256378,-0.37885799,0,-61.43370579
2021-06-14T13:16:50.183,10001,400,300,120,24000,24000,winter,eval,winter_no-L2_nns!_abort,10001,0.09596441,0.282893581,0,0,-61.81256378,-0.37885799,0,-61.43370579
2021-06-14T13:12:04.768,10001,300,600,120,24000,24000,summer,eval,summer_no-L2_nns!_abort,6701,0,0,0,0,61.37083395,0,0,61.37083395
2021-06-14T13:12:02.268,10001,300,600,120,24000,24000,summer,eval,summer_no-L2_nns!_abort,10001,0,0,0,0,57.23143117,0,0,57.23143117
2021-06-14T13:07:06.548,10001,300,600,64,24000,24000,summer,eval,summer_no-L2_nns_abort_batch-64,9201,0,0,0,0,66.32522624,0,0,66.32522624
2021-06-14T13:07:03.8,10001,300,600,64,24000,24000,summer,eval,summer_no-L2_nns_abort_batch-64,10001,0,0,0,0,65.52215128,0,0,65.52215128
2021-06-14T13:05:18.115,10001,300,600,64,24000,24000,winter,eval,winter_no-L2_nns_abort_batch-64,7001,6.695302506,0,0,0,-68.42650283,-6.695302506,0,-61.73120032
2021-06-14T13:05:15.392,10001,300,600,64,24000,24000,winter,eval,winter_no-L2_nns_abort_batch-64,10001,15.07396579,5.143373828,0,15.82236507,-95.92160601,-36.03970469,0,-59.88190132
2021-06-14T13:03:14.536,10001,400,300,64,24000,24000,summer,eval,summer_no-L2_nns_abort_batch-64,10001,0,0,0,0,65.06954937,0,0,65.06954937
2021-06-14T13:03:11.829,10001,400,300,64,24000,24000,summer,eval,summer_no-L2_nns_abort_batch-64,10001,0,0,0,0,65.06954937,0,0,65.06954937
2021-06-14T13:02:50.931,10001,400,300,64,24000,24000,winter,eval,winter_no-L2_nns_abort_batch-64,8201,0.812910359,0,0,2.03445643,-74.03623395,-2.84736679,0,-71.18886716
2021-06-14T13:02:48.208,10001,400,300,64,24000,24000,winter,eval,winter_no-L2_nns_abort_batch-64,10001,5.94083251,0,0,57.29907121,-123.3981784,-63.23990372,0,-60.15827468
2021-06-14T13:02:04.115,10001,300,600,120,24000,24000,winter,eval,winter_no-L2_nns_abort_batch-120_ou-sigma-0.5,7101,0.61092145,0,0,0,-63.60352695,-0.61092145,0,-62.9926055
2021-06-14T13:02:01.199,10001,300,600,120,24000,24000,winter,eval,winter_no-L2_nns_abort_batch-120_ou-sigma-0.5,10001,57.57416284,2.55408257,0,0,-123.2763631,-60.12824541,0,-63.14811769
2021-06-14T13:01:44.927,10001,300,600,64,24000,24000,winter,eval,winter_no-L2_nns_abort_ou-sigma-0.5,9701,1.111415113,0,0,0,-61.70896312,-1.111415113,0,-60.59754801
2021-06-14T13:01:41.985,10001,300,600,64,24000,24000,winter,eval,winter_no-L2_nns_abort_ou-sigma-0.5,10001,0,0.339530391,0,0,-71.46589476,-0.339530391,0,-71.12636437
2021-06-14T13:00:01.231,10001,400,300,64,24000,24000,summer,eval,summer_no-L2_nns_abort_ou-sigma-0.5,5601,0,0,0,0,62.98322061,0,0,62.98322061
2021-06-14T12:59:58.51,10001,400,300,64,24000,24000,summer,eval,summer_no-L2_nns_abort_ou-sigma-0.5,10001,0,0,0,0,57.89132536,0,0,57.89132536
2021-06-14T12:49:14.845,10001,400,300,64,24000,24000,winter,eval,winter_no-L2_nns_abort_ou-sigma-0.5,9301,20.47063739,5.029211675,8.528799149,1.960880332,-94.28308666,-35.98952854,0,-58.29355812
2021-06-14T12:49:12.063,10001,400,300,64,24000,24000,winter,eval,winter_no-L2_nns_abort_ou-sigma-0.5,10001,0.150663319,66.3536674,0,11.52001203,-137.8845289,-78.02434274,0,-59.86018616
2021-06-14T12:23:14.6,10001,400,300,120,24000,24000,winter,eval,winter_no-L2_nns_abort_batch-120_ou-sigma-0.5,1,0,22.20130369,0,0,-21.53486198,-22.20130369,0,0.66644171
2021-06-14T12:23:11.917,10001,400,300,120,24000,24000,winter,eval,winter_no-L2_nns_abort_batch-120_ou-sigma-0.5,10001,0,0,53.07884128,0,-53.07884128,-53.07884128,0,0
2021-06-12T17:52:53.156,10001,400,300,120,24000,24000,summer,eval,summer_no-L2_nns_abort_comf-2,4401,0,0,0,0,59.37752836,0,0,59.37752836
2021-06-12T17:52:50.426,10001,400,300,120,24000,24000,summer,eval,summer_no-L2_nns_abort_comf-2,10001,0,0,67.71351531,0,-110.8824853,-135.4270306,0,24.5445453
2021-06-12T17:51:51.677,10001,400,300,120,24000,24000,winter,eval,winter_no-L2_nns_abort_comf-2,8901,0,4.126966906,0,0,-68.82857938,-8.253933812,0,-60.57464557
2021-06-12T17:51:48.923,10001,400,300,120,24000,24000,winter,eval,winter_no-L2_nns_abort_comf-2,10001,16.32321781,0.175629188,0,0,-99.97661411,-32.997694,0,-66.97892011
2021-06-12T17:30:24.957,10001,300,600,120,24000,24000,summer,eval,summer_no-L2_nns_abort_comf-2,10001,0,0,0,0,59.35906069,0,0,59.35906069
2021-06-12T17:30:22.324,10001,300,600,120,24000,24000,summer,eval,summer_no-L2_nns_abort_comf-2,10001,0,0,0,0,59.35906069,0,0,59.35906069
2021-06-12T17:08:20.921,10001,300,600,120,24000,24000,winter,eval,winter_no-L2_nns_abort_comf-2,1,0,21.36362564,0,0,-41.98030303,-42.72725127,0,0.74694824
2021-06-12T17:08:18.538,10001,300,600,120,24000,24000,winter,eval,winter_no-L2_nns_abort_comf-2,10001,0,0,53.07873498,0,-107.129886,-106.15747,0,-0.972416
2021-06-12T15:16:56.805,10001,400,300,120,24000,24000,summer,eval,summer_no-L2_nns_abort,8601,0,0,0,0,65.09468145,0,0,65.09468145
2021-06-12T15:16:54.195,10001,400,300,120,24000,24000,summer,eval,summer_no-L2_nns_abort,10001,0,0,0,0,64.42171974,0,0,64.42171974
2021-06-12T15:14:57.347,10001,300,600,120,24000,24000,winter,eval,winter_no-L2_nns_abort,9401,0.992501932,0.523790704,0,0,-66.3834724,-1.516292637,0,-64.86717976
2021-06-12T15:14:54.69,10001,300,600,120,24000,24000,winter,eval,winter_no-L2_nns_abort,10001,2.981212995,13.75362362,0,22.2560338,-102.6618701,-38.99087041,0,-63.67099969
2021-06-12T15:07:21.037,10001,400,300,120,24000,24000,winter,eval,winter_no-L2_nns_abort,9801,11.59107492,1.559516844,0,11.0547002,-88.28470065,-24.20529197,0,-64.07940868
2021-06-12T15:07:18.361,10001,400,300,120,24000,24000,winter,eval,winter_no-L2_nns_abort,10001,45.47604019,0,0,17.59385387,-128.935735,-63.06989406,0,-65.86584094
